datetime,datetime_nano,DCE.c1607.open,DCE.c1607.high,DCE.c1607.low,DCE.c1607.close,DCE.c1607.volume,DCE.c1607.open_oi,DCE.c1607.close_oi
2016-01-04 09:00:00.000000000,1451869200000000000,1876.0,1876.0,1876.0,1876.0,3,0,768
2016-01-04 10:00:00.000000000,1451872800000000000,1876.0,1876.0,1874.0,1874.0,2,768,769
2016-01-04 11:00:00.000000000,1451876400000000000,1874.0,1874.0,1874.0,1874.0,0,769,769
2016-01-04 13:00:00.000000000,1451883600000000000,1874.0,1880.0,1866.0,1870.0,3,769,767
2016-01-04 14:00:00.000000000,1451887200000000000,1870.0,1870.0,1870.0,1870.0,0,767,767
2016-01-05 09:00:00.000000000,1451955600000000000,1878.0,1878.0,1878.0,1878.0,1,767,766
2016-01-05 10:00:00.000000000,1451959200000000000,1878.0,1878.0,1878.0,1878.0,0,766,766
2016-01-05 11:00:00.000000000,1451962800000000000,1878.0,1886.0,1878.0,1886.0,2,766,765
2016-01-05 13:00:00.000000000,1451970000000000000,1886.0,1886.0,1886.0,1886.0,4,765,761
2016-01-05 14:00:00.000000000,1451973600000000000,1886.0,1895.0,1886.0,1890.0,7,761,762
2016-01-06 09:00:00.000000000,1452042000000000000,1906.0,1907.0,1890.0,1891.0,42,762,766
2016-01-06 10:00:00.000000000,1452045600000000000,1891.0,1892.0,1891.0,1892.0,1,766,765
2016-01-06 11:00:00.000000000,1452049200000000000,1892.0,1892.0,1892.0,1892.0,0,765,765
2016-01-06 13:00:00.000000000,1452056400000000000,1892.0,1892.0,1892.0,1892.0,0,765,765
2016-01-06 14:00:00.000000000,1452060000000000000,1892.0,1902.0,1892.0,1902.0,1,765,766
2016-01-07 09:00:00.000000000,1452128400000000000,1903.0,1903.0,1903.0,1903.0,1,766,766
2016-01-07 10:00:00.000000000,1452132000000000000,1903.0,1904.0,1903.0,1904.0,2,766,765
2016-01-07 11:00:00.000000000,1452135600000000000,1904.0,1904.0,1897.0,1897.0,3,765,766
2016-01-07 13:00:00.000000000,1452142800000000000,1897.0,1897.0,1897.0,1897.0,0,766,766
2016-01-07 14:00:00.000000000,1452146400000000000,1897.0,1897.0,1889.0,1891.0,2,766,766
2016-01-08 09:00:00.000000000,1452214800000000000,1880.0,1880.0,1880.0,1880.0,1,766,766
2016-01-08 10:00:00.000000000,1452218400000000000,1880.0,1890.0,1880.0,1889.0,9,766,766
2016-01-08 11:00:00.000000000,1452222000000000000,1889.0,1889.0,1887.0,1887.0,1,766,767
2016-01-08 13:00:00.000000000,1452229200000000000,1887.0,1891.0,1880.0,1883.0,12,767,771
2016-01-08 14:00:00.000000000,1452232800000000000,1883.0,1890.0,1880.0,1881.0,13,771,773
2016-01-11 09:00:00.000000000,1452474000000000000,1878.0,1879.0,1870.0,1874.0,6,773,776
2016-01-11 10:00:00.000000000,1452477600000000000,1874.0,1874.0,1874.0,1874.0,0,776,776
2016-01-11 11:00:00.000000000,1452481200000000000,1874.0,1874.0,1869.0,1869.0,2,776,777
2016-01-11 13:00:00.000000000,1452488400000000000,1869.0,1869.0,1869.0,1869.0,0,777,777
2016-01-11 14:00:00.000000000,1452492000000000000,1869.0,1881.0,1869.0,1872.0,9,777,780
2016-01-12 09:00:00.000000000,1452560400000000000,1876.0,1876.0,1876.0,1876.0,2,780,780
2016-01-12 10:00:00.000000000,1452564000000000000,1876.0,1877.0,1871.0,1871.0,72,780,848
2016-01-12 11:00:00.000000000,1452567600000000000,1871.0,1871.0,1871.0,1871.0,0,848,848
2016-01-12 13:00:00.000000000,1452574800000000000,1871.0,1871.0,1871.0,1871.0,0,848,848
2016-01-12 14:00:00.000000000,1452578400000000000,1871.0,1871.0,1866.0,1866.0,1,848,848
2016-01-14 09:00:00.000000000,1452733200000000000,1856.0,1869.0,1856.0,1865.0,16,848,851
2016-01-14 10:00:00.000000000,1452736800000000000,1865.0,1870.0,1864.0,1870.0,5,851,851
2016-01-14 11:00:00.000000000,1452740400000000000,1870.0,1870.0,1870.0,1870.0,0,851,851
2016-01-14 13:00:00.000000000,1452747600000000000,1870.0,1870.0,1870.0,1870.0,0,851,851
2016-01-14 14:00:00.000000000,1452751200000000000,1870.0,1871.0,1856.0,1862.0,28,851,850
2016-01-15 09:00:00.000000000,1452819600000000000,1860.0,1860.0,1860.0,1860.0,2,850,849
2016-01-15 10:00:00.000000000,1452823200000000000,1860.0,1860.0,1860.0,1860.0,1,849,849
2016-01-15 11:00:00.000000000,1452826800000000000,1860.0,1863.0,1860.0,1863.0,2,849,849
2016-01-15 13:00:00.000000000,1452834000000000000,1860.0,1863.0,1860.0,1863.0,2,849,849
2016-01-15 14:00:00.000000000,1452837600000000000,1863.0,1867.0,1863.0,1867.0,3,849,848
2016-01-18 09:00:00.000000000,1453078800000000000,1869.0,1873.0,1866.0,1873.0,8,848,850
2016-01-18 10:00:00.000000000,1453082400000000000,1873.0,1876.0,1873.0,1876.0,3,850,849
2016-01-18 11:00:00.000000000,1453086000000000000,1876.0,1885.0,1876.0,1885.0,4,849,848
2016-01-18 13:00:00.000000000,1453093200000000000,1885.0,1885.0,1885.0,1885.0,0,848,848
2016-01-18 14:00:00.000000000,1453096800000000000,1885.0,1885.0,1885.0,1885.0,0,848,848
2016-01-19 09:00:00.000000000,1453165200000000000,1885.0,1885.0,1885.0,1885.0,0,848,848
2016-01-19 10:00:00.000000000,1453168800000000000,1885.0,1885.0,1885.0,1885.0,0,848,848
2016-01-19 11:00:00.000000000,1453172400000000000,1874.0,1874.0,1874.0,1874.0,1,848,847
2016-01-19 13:00:00.000000000,1453179600000000000,1874.0,1874.0,1874.0,1874.0,0,847,847
2016-01-19 14:00:00.000000000,1453183200000000000,1874.0,1876.0,1871.0,1873.0,4,847,847
2016-01-20 09:00:00.000000000,1453251600000000000,1875.0,1875.0,1875.0,1875.0,1,847,846
2016-01-20 10:00:00.000000000,1453255200000000000,1875.0,1879.0,1875.0,1879.0,1,846,846
2016-01-20 11:00:00.000000000,1453258800000000000,1879.0,1884.0,1879.0,1879.0,2,846,846
2016-01-20 13:00:00.000000000,1453266000000000000,1879.0,1879.0,1875.0,1875.0,1,846,847
2016-01-20 14:00:00.000000000,1453269600000000000,1875.0,1875.0,1874.0,1875.0,7,847,847
2016-01-21 09:00:00.000000000,1453338000000000000,1876.0,1877.0,1874.0,1874.0,3,847,846
2016-01-21 10:00:00.000000000,1453341600000000000,1874.0,1874.0,1874.0,1874.0,0,846,846
2016-01-21 11:00:00.000000000,1453345200000000000,1874.0,1874.0,1873.0,1873.0,1,846,847
2016-01-21 13:00:00.000000000,1453352400000000000,1873.0,1873.0,1873.0,1873.0,0,847,847
2016-01-21 14:00:00.000000000,1453356000000000000,1873.0,1873.0,1873.0,1873.0,2,847,848
2016-01-22 09:00:00.000000000,1453424400000000000,1874.0,1879.0,1874.0,1879.0,11,848,848
2016-01-22 10:00:00.000000000,1453428000000000000,1879.0,1879.0,1879.0,1879.0,0,848,848
2016-01-22 11:00:00.000000000,1453431600000000000,1879.0,1879.0,1877.0,1877.0,13,848,848
2016-01-22 13:00:00.000000000,1453438800000000000,1877.0,1877.0,1877.0,1877.0,0,848,848
2016-01-22 14:00:00.000000000,1453442400000000000,1877.0,1877.0,1876.0,1876.0,2,848,848
2016-01-25 09:00:00.000000000,1453683600000000000,1876.0,1876.0,1876.0,1876.0,0,848,848
2016-01-25 10:00:00.000000000,1453687200000000000,1876.0,1876.0,1876.0,1876.0,0,848,848
2016-01-25 11:00:00.000000000,1453690800000000000,1876.0,1876.0,1876.0,1876.0,0,848,848
2016-01-25 13:00:00.000000000,1453698000000000000,1876.0,1876.0,1876.0,1876.0,0,848,848
2016-01-25 14:00:00.000000000,1453701600000000000,1882.0,1887.0,1882.0,1887.0,3,848,849
2016-01-26 09:00:00.000000000,1453770000000000000,1887.0,1887.0,1879.0,1885.0,7,849,848
2016-01-26 10:00:00.000000000,1453773600000000000,1885.0,1885.0,1885.0,1885.0,0,848,848
2016-01-26 11:00:00.000000000,1453777200000000000,1885.0,1885.0,1885.0,1885.0,0,848,848
2016-01-26 13:00:00.000000000,1453784400000000000,1885.0,1888.0,1885.0,1888.0,10,848,847
2016-01-26 14:00:00.000000000,1453788000000000000,1888.0,1888.0,1888.0,1888.0,0,847,847
2016-01-27 09:00:00.000000000,1453856400000000000,1888.0,1888.0,1882.0,1882.0,4,847,847
2016-01-27 10:00:00.000000000,1453860000000000000,1882.0,1886.0,1879.0,1879.0,77,847,851
2016-01-27 11:00:00.000000000,1453863600000000000,1879.0,1889.0,1879.0,1889.0,9,851,854
2016-01-27 13:00:00.000000000,1453870800000000000,1889.0,1891.0,1889.0,1891.0,11,854,854
2016-01-27 14:00:00.000000000,1453874400000000000,1891.0,1897.0,1891.0,1897.0,15,854,848
2016-01-28 09:00:00.000000000,1453942800000000000,1880.0,1886.0,1879.0,1881.0,40,848,861
2016-01-28 10:00:00.000000000,1453946400000000000,1881.0,1881.0,1873.0,1873.0,102,861,902
2016-01-28 11:00:00.000000000,1453950000000000000,1873.0,1873.0,1873.0,1873.0,0,902,902
2016-01-28 13:00:00.000000000,1453957200000000000,1873.0,1876.0,1873.0,1876.0,6,902,903
2016-01-28 14:00:00.000000000,1453960800000000000,1876.0,1878.0,1872.0,1878.0,3,903,901
2016-01-29 09:00:00.000000000,1454029200000000000,1848.0,1848.0,1848.0,1848.0,1,901,902
2016-01-29 10:00:00.000000000,1454032800000000000,1848.0,1857.0,1848.0,1856.0,2,902,902
2016-01-29 11:00:00.000000000,1454036400000000000,1856.0,1856.0,1856.0,1856.0,0,902,902
2016-01-29 13:00:00.000000000,1454043600000000000,1856.0,1858.0,1855.0,1855.0,2,902,902
2016-01-29 14:00:00.000000000,1454047200000000000,1855.0,1855.0,1855.0,1855.0,0,902,902
2016-02-01 09:00:00.000000000,1454288400000000000,1837.0,1837.0,1837.0,1837.0,1,902,902
2016-02-01 10:00:00.000000000,1454292000000000000,1837.0,1853.0,1837.0,1852.0,10,902,903
2016-02-01 11:00:00.000000000,1454295600000000000,1852.0,1852.0,1852.0,1852.0,0,903,903
2016-02-01 13:00:00.000000000,1454302800000000000,1852.0,1852.0,1842.0,1845.0,2,903,903
2016-02-01 14:00:00.000000000,1454306400000000000,1845.0,1846.0,1839.0,1846.0,2,903,902
2016-02-02 09:00:00.000000000,1454374800000000000,1844.0,1844.0,1844.0,1844.0,1,902,902
2016-02-02 10:00:00.000000000,1454378400000000000,1844.0,1844.0,1844.0,1844.0,0,902,902
2016-02-02 11:00:00.000000000,1454382000000000000,1844.0,1844.0,1844.0,1844.0,0,902,902
2016-02-02 13:00:00.000000000,1454389200000000000,1844.0,1844.0,1833.0,1836.0,8,902,901
2016-02-02 14:00:00.000000000,1454392800000000000,1836.0,1844.0,1836.0,1844.0,4,901,902
2016-02-03 09:00:00.000000000,1454461200000000000,1844.0,1844.0,1844.0,1844.0,0,902,902
2016-02-03 10:00:00.000000000,1454464800000000000,1844.0,1844.0,1844.0,1844.0,0,902,902
2016-02-03 11:00:00.000000000,1454468400000000000,1862.0,1862.0,1850.0,1850.0,3,902,901
2016-02-03 13:00:00.000000000,1454475600000000000,1859.0,1859.0,1859.0,1859.0,1,901,901
2016-02-03 14:00:00.000000000,1454479200000000000,1859.0,1868.0,1859.0,1868.0,8,901,898
2016-02-04 09:00:00.000000000,1454547600000000000,1884.0,1884.0,1866.0,1866.0,2,898,898
2016-02-04 10:00:00.000000000,1454551200000000000,1866.0,1885.0,1866.0,1873.0,5,898,897
2016-02-04 11:00:00.000000000,1454554800000000000,1873.0,1873.0,1865.0,1865.0,1,897,897
2016-02-04 13:00:00.000000000,1454562000000000000,1865.0,1866.0,1865.0,1866.0,1,897,898
2016-02-04 14:00:00.000000000,1454565600000000000,1866.0,1866.0,1866.0,1866.0,0,898,898
2016-02-05 09:00:00.000000000,1454634000000000000,1881.0,1881.0,1849.0,1849.0,2,898,897
2016-02-05 10:00:00.000000000,1454637600000000000,1849.0,1862.0,1849.0,1862.0,1,897,898
2016-02-05 11:00:00.000000000,1454641200000000000,1862.0,1862.0,1862.0,1862.0,0,898,898
2016-02-05 13:00:00.000000000,1454648400000000000,1862.0,1862.0,1862.0,1862.0,0,898,898
2016-02-05 14:00:00.000000000,1454652000000000000,1862.0,1862.0,1861.0,1861.0,2,898,898
2016-02-15 09:00:00.000000000,1455498000000000000,1861.0,1861.0,1861.0,1861.0,0,898,898
2016-02-15 10:00:00.000000000,1455501600000000000,1861.0,1861.0,1861.0,1861.0,1,898,898
2016-02-15 11:00:00.000000000,1455505200000000000,1861.0,1861.0,1861.0,1861.0,0,898,898
2016-02-15 13:00:00.000000000,1455512400000000000,1861.0,1861.0,1861.0,1861.0,0,898,898
2016-02-15 14:00:00.000000000,1455516000000000000,1861.0,1861.0,1861.0,1861.0,0,898,898
2016-02-16 09:00:00.000000000,1455584400000000000,1878.0,1880.0,1874.0,1874.0,11,898,906
2016-02-16 10:00:00.000000000,1455588000000000000,1874.0,1874.0,1865.0,1865.0,4,906,904
2016-02-16 11:00:00.000000000,1455591600000000000,1865.0,1865.0,1865.0,1865.0,0,904,904
2016-02-16 13:00:00.000000000,1455598800000000000,1865.0,1865.0,1865.0,1865.0,0,904,904
2016-02-16 14:00:00.000000000,1455602400000000000,1865.0,1872.0,1865.0,1870.0,4,904,904
2016-02-17 09:00:00.000000000,1455670800000000000,1865.0,1868.0,1865.0,1868.0,2,904,905
2016-02-17 10:00:00.000000000,1455674400000000000,1868.0,1868.0,1868.0,1868.0,0,905,905
2016-02-17 11:00:00.000000000,1455678000000000000,1868.0,1868.0,1868.0,1868.0,0,905,905
2016-02-17 13:00:00.000000000,1455685200000000000,1868.0,1868.0,1860.0,1860.0,2,905,906
2016-02-17 14:00:00.000000000,1455688800000000000,1860.0,1868.0,1855.0,1855.0,44,906,935
2016-02-18 09:00:00.000000000,1455757200000000000,1861.0,1861.0,1861.0,1861.0,1,935,934
2016-02-18 10:00:00.000000000,1455760800000000000,1861.0,1861.0,1861.0,1861.0,0,934,934
2016-02-18 11:00:00.000000000,1455764400000000000,1861.0,1861.0,1861.0,1861.0,0,934,934
2016-02-18 13:00:00.000000000,1455771600000000000,1861.0,1865.0,1860.0,1860.0,2,934,934
2016-02-18 14:00:00.000000000,1455775200000000000,1860.0,1860.0,1860.0,1860.0,0,934,934
2016-02-19 09:00:00.000000000,1455843600000000000,1812.0,1867.0,1812.0,1867.0,2,934,934
2016-02-19 10:00:00.000000000,1455847200000000000,1867.0,1875.0,1867.0,1871.0,7,934,932
2016-02-19 11:00:00.000000000,1455850800000000000,1871.0,1871.0,1871.0,1871.0,0,932,932
2016-02-19 13:00:00.000000000,1455858000000000000,1871.0,1871.0,1856.0,1856.0,5,932,936
2016-02-19 14:00:00.000000000,1455861600000000000,1856.0,1856.0,1839.0,1839.0,4,936,938
2016-02-22 09:00:00.000000000,1456102800000000000,1899.0,1900.0,1830.0,1830.0,18,938,937
2016-02-22 10:00:00.000000000,1456106400000000000,1830.0,1839.0,1830.0,1837.0,4,937,936
2016-02-22 11:00:00.000000000,1456110000000000000,1837.0,1837.0,1832.0,1832.0,1,936,937
2016-02-22 13:00:00.000000000,1456117200000000000,1832.0,1832.0,1823.0,1823.0,2,937,936
2016-02-22 14:00:00.000000000,1456120800000000000,1823.0,1838.0,1823.0,1832.0,15,936,939
2016-02-23 09:00:00.000000000,1456189200000000000,1832.0,1832.0,1822.0,1822.0,8,939,940
2016-02-23 10:00:00.000000000,1456192800000000000,1822.0,1830.0,1818.0,1830.0,8,940,944
2016-02-23 11:00:00.000000000,1456196400000000000,1830.0,1830.0,1824.0,1824.0,1,944,945
2016-02-23 13:00:00.000000000,1456203600000000000,1824.0,1830.0,1824.0,1824.0,5,945,945
2016-02-23 14:00:00.000000000,1456207200000000000,1824.0,1833.0,1824.0,1833.0,3,945,947
2016-02-24 09:00:00.000000000,1456275600000000000,1833.0,1833.0,1820.0,1826.0,10,947,947
2016-02-24 10:00:00.000000000,1456279200000000000,1826.0,1826.0,1810.0,1810.0,3,947,948
2016-02-24 11:00:00.000000000,1456282800000000000,1810.0,1810.0,1795.0,1803.0,9,948,950
2016-02-24 13:00:00.000000000,1456290000000000000,1803.0,1803.0,1789.0,1797.0,34,950,949
2016-02-24 14:00:00.000000000,1456293600000000000,1797.0,1797.0,1789.0,1789.0,18,949,949
2016-02-25 09:00:00.000000000,1456362000000000000,1782.0,1797.0,1775.0,1775.0,105,949,950
2016-02-25 10:00:00.000000000,1456365600000000000,1775.0,1775.0,1770.0,1770.0,26,950,959
2016-02-25 11:00:00.000000000,1456369200000000000,1770.0,1775.0,1770.0,1775.0,4,959,956
2016-02-25 13:00:00.000000000,1456376400000000000,1775.0,1776.0,1775.0,1776.0,12,956,964
2016-02-25 14:00:00.000000000,1456380000000000000,1776.0,1783.0,1776.0,1779.0,41,964,974
2016-02-26 09:00:00.000000000,1456448400000000000,1778.0,1784.0,1778.0,1784.0,3,974,975
2016-02-26 10:00:00.000000000,1456452000000000000,1784.0,1784.0,1775.0,1775.0,12,975,987
2016-02-26 11:00:00.000000000,1456455600000000000,1775.0,1775.0,1775.0,1775.0,7,987,994
2016-02-26 13:00:00.000000000,1456462800000000000,1775.0,1775.0,1770.0,1770.0,19,994,1008
2016-02-26 14:00:00.000000000,1456466400000000000,1770.0,1775.0,1770.0,1770.0,13,1008,1014
2016-02-29 09:00:00.000000000,1456707600000000000,1749.0,1755.0,1716.0,1735.0,22,1014,1012
2016-02-29 10:00:00.000000000,1456711200000000000,1735.0,1738.0,1735.0,1737.0,9,1012,1009
2016-02-29 11:00:00.000000000,1456714800000000000,1737.0,1737.0,1726.0,1730.0,16,1009,1021
2016-02-29 13:00:00.000000000,1456722000000000000,1730.0,1745.0,1730.0,1745.0,25,1021,1027
2016-02-29 14:00:00.000000000,1456725600000000000,1745.0,1754.0,1741.0,1751.0,16,1027,1034
2016-03-01 09:00:00.000000000,1456794000000000000,1753.0,1775.0,1750.0,1763.0,12,1034,1032
2016-03-01 10:00:00.000000000,1456797600000000000,1763.0,1769.0,1759.0,1769.0,14,1032,1033
2016-03-01 11:00:00.000000000,1456801200000000000,1769.0,1773.0,1769.0,1773.0,5,1033,1038
2016-03-01 13:00:00.000000000,1456808400000000000,1773.0,1788.0,1772.0,1788.0,23,1038,1040
2016-03-01 14:00:00.000000000,1456812000000000000,1788.0,1788.0,1773.0,1782.0,18,1040,1039
2016-03-02 09:00:00.000000000,1456880400000000000,1790.0,1795.0,1775.0,1782.0,42,1039,1036
2016-03-02 10:00:00.000000000,1456884000000000000,1782.0,1782.0,1773.0,1779.0,14,1036,1037
2016-03-02 11:00:00.000000000,1456887600000000000,1779.0,1784.0,1779.0,1784.0,3,1037,1036
2016-03-02 13:00:00.000000000,1456894800000000000,1784.0,1786.0,1784.0,1786.0,1,1036,1036
2016-03-02 14:00:00.000000000,1456898400000000000,1786.0,1787.0,1777.0,1777.0,10,1036,1042
2016-03-03 09:00:00.000000000,1456966800000000000,1779.0,1791.0,1776.0,1789.0,18,1042,1041
2016-03-03 10:00:00.000000000,1456970400000000000,1789.0,1789.0,1785.0,1785.0,1,1041,1040
2016-03-03 11:00:00.000000000,1456974000000000000,1785.0,1785.0,1785.0,1785.0,1,1040,1041
2016-03-03 13:00:00.000000000,1456981200000000000,1785.0,1789.0,1785.0,1787.0,4,1041,1039
2016-03-03 14:00:00.000000000,1456984800000000000,1787.0,1790.0,1785.0,1785.0,2,1039,1040
2016-03-04 09:00:00.000000000,1457053200000000000,1817.0,1817.0,1782.0,1789.0,46,1040,1047
2016-03-04 10:00:00.000000000,1457056800000000000,1789.0,1789.0,1789.0,1789.0,0,1047,1047
2016-03-04 11:00:00.000000000,1457060400000000000,1789.0,1789.0,1789.0,1789.0,0,1047,1047
2016-03-04 13:00:00.000000000,1457067600000000000,1789.0,1791.0,1784.0,1784.0,2,1047,1046
2016-03-04 14:00:00.000000000,1457071200000000000,1784.0,1793.0,1780.0,1793.0,15,1046,1036
2016-03-07 09:00:00.000000000,1457312400000000000,1760.0,1777.0,1760.0,1768.0,11,1036,1037
2016-03-07 10:00:00.000000000,1457316000000000000,1768.0,1768.0,1763.0,1767.0,5,1037,1040
2016-03-07 11:00:00.000000000,1457319600000000000,1767.0,1767.0,1758.0,1761.0,18,1040,1045
2016-03-07 13:00:00.000000000,1457326800000000000,1761.0,1761.0,1751.0,1758.0,19,1045,1041
2016-03-07 14:00:00.000000000,1457330400000000000,1758.0,1763.0,1733.0,1743.0,38,1041,1033
2016-03-08 09:00:00.000000000,1457398800000000000,1740.0,1754.0,1735.0,1750.0,18,1033,1032
2016-03-08 10:00:00.000000000,1457402400000000000,1750.0,1750.0,1747.0,1747.0,14,1032,1040
2016-03-08 11:00:00.000000000,1457406000000000000,1747.0,1750.0,1747.0,1750.0,3,1040,1041
2016-03-08 13:00:00.000000000,1457413200000000000,1750.0,1764.0,1746.0,1746.0,5,1041,1041
2016-03-08 14:00:00.000000000,1457416800000000000,1746.0,1746.0,1731.0,1731.0,74,1041,1074
2016-03-09 09:00:00.000000000,1457485200000000000,1721.0,1726.0,1713.0,1719.0,56,1074,1083
2016-03-09 10:00:00.000000000,1457488800000000000,1719.0,1726.0,1716.0,1726.0,37,1083,1104
2016-03-09 11:00:00.000000000,1457492400000000000,1726.0,1729.0,1702.0,1719.0,46,1104,1117
2016-03-09 13:00:00.000000000,1457499600000000000,1719.0,1719.0,1719.0,1719.0,0,1117,1117
2016-03-09 14:00:00.000000000,1457503200000000000,1719.0,1729.0,1710.0,1710.0,27,1117,1126
2016-03-10 09:00:00.000000000,1457571600000000000,1699.0,1715.0,1698.0,1707.0,56,1126,1149
2016-03-10 10:00:00.000000000,1457575200000000000,1707.0,1714.0,1706.0,1706.0,11,1149,1147
2016-03-10 11:00:00.000000000,1457578800000000000,1706.0,1710.0,1692.0,1699.0,34,1147,1154
2016-03-10 13:00:00.000000000,1457586000000000000,1699.0,1699.0,1692.0,1692.0,4,1154,1154
2016-03-10 14:00:00.000000000,1457589600000000000,1692.0,1698.0,1686.0,1694.0,42,1154,1158
2016-03-11 09:00:00.000000000,1457658000000000000,1679.0,1682.0,1669.0,1676.0,35,1158,1162
2016-03-11 10:00:00.000000000,1457661600000000000,1676.0,1679.0,1675.0,1679.0,5,1162,1164
2016-03-11 11:00:00.000000000,1457665200000000000,1679.0,1695.0,1679.0,1695.0,24,1164,1172
2016-03-11 13:00:00.000000000,1457672400000000000,1688.0,1690.0,1688.0,1688.0,4,1172,1172
2016-03-11 14:00:00.000000000,1457676000000000000,1688.0,1708.0,1688.0,1708.0,49,1172,1202
2016-03-14 09:00:00.000000000,1457917200000000000,1699.0,1699.0,1676.0,1686.0,12,1202,1202
2016-03-14 10:00:00.000000000,1457920800000000000,1686.0,1691.0,1681.0,1691.0,3,1202,1202
2016-03-14 11:00:00.000000000,1457924400000000000,1691.0,1693.0,1684.0,1693.0,4,1202,1205
2016-03-14 13:00:00.000000000,1457931600000000000,1693.0,1693.0,1679.0,1682.0,7,1205,1208
2016-03-14 14:00:00.000000000,1457935200000000000,1682.0,1689.0,1673.0,1677.0,16,1208,1216
2016-03-15 09:00:00.000000000,1458003600000000000,1691.0,1697.0,1680.0,1680.0,16,1216,1220
2016-03-15 10:00:00.000000000,1458007200000000000,1680.0,1691.0,1678.0,1681.0,196,1220,1225
2016-03-15 11:00:00.000000000,1458010800000000000,1681.0,1681.0,1676.0,1681.0,15,1225,1223
2016-03-15 13:00:00.000000000,1458018000000000000,1681.0,1681.0,1673.0,1677.0,24,1223,1229
2016-03-15 14:00:00.000000000,1458021600000000000,1677.0,1677.0,1673.0,1676.0,9,1229,1228
2016-03-16 09:00:00.000000000,1458090000000000000,1622.0,1668.0,1622.0,1663.0,112,1228,1229
2016-03-16 10:00:00.000000000,1458093600000000000,1663.0,1663.0,1656.0,1659.0,37,1229,1230
2016-03-16 11:00:00.000000000,1458097200000000000,1659.0,1660.0,1659.0,1660.0,11,1230,1229
2016-03-16 13:00:00.000000000,1458104400000000000,1660.0,1660.0,1650.0,1654.0,20,1229,1229
2016-03-16 14:00:00.000000000,1458108000000000000,1654.0,1655.0,1654.0,1654.0,2,1229,1231
2016-03-17 09:00:00.000000000,1458176400000000000,1661.0,1661.0,1656.0,1656.0,4,1231,1233
2016-03-17 10:00:00.000000000,1458180000000000000,1656.0,1656.0,1646.0,1646.0,6,1233,1234
2016-03-17 11:00:00.000000000,1458183600000000000,1646.0,1659.0,1646.0,1650.0,4,1234,1234
2016-03-17 13:00:00.000000000,1458190800000000000,1650.0,1650.0,1649.0,1649.0,1,1234,1234
2016-03-17 14:00:00.000000000,1458194400000000000,1649.0,1655.0,1646.0,1655.0,47,1234,1243
2016-03-18 09:00:00.000000000,1458262800000000000,1655.0,1664.0,1652.0,1662.0,72,1243,1244
2016-03-18 10:00:00.000000000,1458266400000000000,1662.0,1662.0,1649.0,1652.0,141,1244,1261
2016-03-18 11:00:00.000000000,1458270000000000000,1652.0,1657.0,1652.0,1657.0,34,1261,1262
2016-03-18 13:00:00.000000000,1458277200000000000,1659.0,1686.0,1659.0,1662.0,141,1262,1179
2016-03-18 14:00:00.000000000,1458280800000000000,1662.0,1666.0,1631.0,1663.0,74,1179,1183
2016-03-21 09:00:00.000000000,1458522000000000000,1670.0,1670.0,1646.0,1646.0,214,1183,1211
2016-03-21 10:00:00.000000000,1458525600000000000,1646.0,1651.0,1640.0,1651.0,40,1211,1213
2016-03-21 11:00:00.000000000,1458529200000000000,1651.0,1654.0,1647.0,1651.0,17,1213,1214
2016-03-21 13:00:00.000000000,1458536400000000000,1653.0,1653.0,1648.0,1652.0,22,1214,1218
2016-03-21 14:00:00.000000000,1458540000000000000,1652.0,1664.0,1649.0,1662.0,73,1218,1191
2016-03-22 09:00:00.000000000,1458608400000000000,1652.0,1664.0,1650.0,1651.0,85,1191,1188
2016-03-22 10:00:00.000000000,1458612000000000000,1651.0,1656.0,1651.0,1656.0,26,1188,1169
2016-03-22 11:00:00.000000000,1458615600000000000,1656.0,1656.0,1656.0,1656.0,0,1169,1169
2016-03-22 13:00:00.000000000,1458622800000000000,1655.0,1656.0,1655.0,1656.0,2,1169,1170
2016-03-22 14:00:00.000000000,1458626400000000000,1656.0,1657.0,1654.0,1656.0,9,1170,1167
2016-03-23 09:00:00.000000000,1458694800000000000,1630.0,1660.0,1630.0,1635.0,21,1167,1162
2016-03-23 10:00:00.000000000,1458698400000000000,1635.0,1642.0,1635.0,1639.0,19,1162,1152
2016-03-23 11:00:00.000000000,1458702000000000000,1639.0,1647.0,1639.0,1639.0,9,1152,1151
2016-03-23 13:00:00.000000000,1458709200000000000,1639.0,1639.0,1620.0,1631.0,16,1151,1156
2016-03-23 14:00:00.000000000,1458712800000000000,1631.0,1631.0,1620.0,1620.0,26,1156,1158
2016-03-24 09:00:00.000000000,1458781200000000000,1602.0,1629.0,1602.0,1617.0,14,1158,1154
2016-03-24 10:00:00.000000000,1458784800000000000,1617.0,1646.0,1617.0,1639.0,57,1154,1126
2016-03-24 11:00:00.000000000,1458788400000000000,1639.0,1644.0,1618.0,1629.0,295,1126,1159
2016-03-24 13:00:00.000000000,1458795600000000000,1629.0,1629.0,1625.0,1629.0,7,1159,1159
2016-03-24 14:00:00.000000000,1458799200000000000,1629.0,1629.0,1622.0,1622.0,14,1159,1168
2016-03-25 09:00:00.000000000,1458867600000000000,1627.0,1631.0,1615.0,1620.0,33,1168,1165
2016-03-25 10:00:00.000000000,1458871200000000000,1620.0,1624.0,1618.0,1624.0,7,1165,1166
2016-03-25 11:00:00.000000000,1458874800000000000,1624.0,1624.0,1616.0,1622.0,30,1166,1161
2016-03-25 13:00:00.000000000,1458882000000000000,1622.0,1625.0,1615.0,1615.0,13,1161,1156
2016-03-25 14:00:00.000000000,1458885600000000000,1615.0,1634.0,1614.0,1622.0,29,1156,1147
2016-03-28 09:00:00.000000000,1459126800000000000,1602.0,1609.0,1592.0,1592.0,196,1147,1107
2016-03-28 10:00:00.000000000,1459130400000000000,1592.0,1592.0,1590.0,1592.0,25,1107,1132
2016-03-28 11:00:00.000000000,1459134000000000000,1592.0,1601.0,1592.0,1601.0,1,1132,1132
2016-03-28 13:00:00.000000000,1459141200000000000,1590.0,1602.0,1590.0,1590.0,9,1132,1129
2016-03-28 14:00:00.000000000,1459144800000000000,1590.0,1599.0,1584.0,1589.0,413,1129,1134
2016-03-29 09:00:00.000000000,1459213200000000000,1577.0,1586.0,1577.0,1586.0,6,1134,1133
2016-03-29 10:00:00.000000000,1459216800000000000,1586.0,1587.0,1573.0,1587.0,6,1133,1133
2016-03-29 11:00:00.000000000,1459220400000000000,1587.0,1591.0,1584.0,1584.0,4,1133,1132
2016-03-29 13:00:00.000000000,1459227600000000000,1584.0,1584.0,1584.0,1584.0,0,1132,1132
2016-03-29 14:00:00.000000000,1459231200000000000,1584.0,1584.0,1578.0,1581.0,20,1132,1137
2016-03-30 09:00:00.000000000,1459299600000000000,1599.0,1599.0,1582.0,1582.0,14,1137,1135
2016-03-30 10:00:00.000000000,1459303200000000000,1582.0,1591.0,1582.0,1583.0,7,1135,1139
2016-03-30 11:00:00.000000000,1459306800000000000,1583.0,1583.0,1580.0,1580.0,1,1139,1139
2016-03-30 13:00:00.000000000,1459314000000000000,1580.0,1593.0,1580.0,1585.0,3,1139,1137
2016-03-30 14:00:00.000000000,1459317600000000000,1585.0,1585.0,1585.0,1585.0,0,1137,1137
2016-03-31 09:00:00.000000000,1459386000000000000,1557.0,1584.0,1557.0,1584.0,11,1137,1136
2016-03-31 10:00:00.000000000,1459389600000000000,1584.0,1584.0,1575.0,1575.0,1,1136,1136
2016-03-31 11:00:00.000000000,1459393200000000000,1575.0,1575.0,1575.0,1575.0,0,1136,1136
2016-03-31 13:00:00.000000000,1459400400000000000,1575.0,1575.0,1570.0,1575.0,2,1136,1137
2016-03-31 14:00:00.000000000,1459404000000000000,1575.0,1575.0,1552.0,1555.0,43,1137,1165
2016-04-01 09:00:00.000000000,1459472400000000000,1517.0,1561.0,1517.0,1559.0,19,1165,1155
2016-04-01 10:00:00.000000000,1459476000000000000,1559.0,1559.0,1555.0,1558.0,3,1155,1156
2016-04-01 11:00:00.000000000,1459479600000000000,1558.0,1558.0,1558.0,1558.0,2,1156,1156
2016-04-01 13:00:00.000000000,1459486800000000000,1558.0,1558.0,1555.0,1555.0,3,1156,1154
2016-04-01 14:00:00.000000000,1459490400000000000,1555.0,1560.0,1549.0,1555.0,28,1154,1153
2016-04-05 09:00:00.000000000,1459818000000000000,1552.0,1565.0,1552.0,1560.0,84,1153,1120
2016-04-05 10:00:00.000000000,1459821600000000000,1560.0,1567.0,1560.0,1567.0,23,1120,1114
2016-04-05 11:00:00.000000000,1459825200000000000,1567.0,1567.0,1557.0,1557.0,8,1114,1114
2016-04-05 13:00:00.000000000,1459832400000000000,1557.0,1557.0,1555.0,1555.0,7,1114,1114
2016-04-05 14:00:00.000000000,1459836000000000000,1555.0,1558.0,1555.0,1555.0,15,1114,1115
2016-04-06 09:00:00.000000000,1459904400000000000,1559.0,1559.0,1559.0,1559.0,1,1115,1115
2016-04-06 10:00:00.000000000,1459908000000000000,1559.0,1561.0,1559.0,1559.0,10,1115,1114
2016-04-06 11:00:00.000000000,1459911600000000000,1559.0,1560.0,1559.0,1559.0,11,1114,1117
2016-04-06 13:00:00.000000000,1459918800000000000,1559.0,1559.0,1553.0,1553.0,10,1117,1115
2016-04-06 14:00:00.000000000,1459922400000000000,1553.0,1558.0,1553.0,1556.0,4,1115,1114
2016-04-07 09:00:00.000000000,1459990800000000000,1556.0,1556.0,1556.0,1556.0,0,1114,1114
2016-04-07 10:00:00.000000000,1459994400000000000,1553.0,1553.0,1552.0,1552.0,2,1114,1114
2016-04-07 11:00:00.000000000,1459998000000000000,1552.0,1552.0,1552.0,1552.0,0,1114,1114
2016-04-07 13:00:00.000000000,1460005200000000000,1552.0,1557.0,1549.0,1554.0,18,1114,1111
2016-04-07 14:00:00.000000000,1460008800000000000,1554.0,1558.0,1554.0,1558.0,6,1111,1107
2016-04-08 09:00:00.000000000,1460077200000000000,1558.0,1558.0,1558.0,1558.0,0,1107,1107
2016-04-08 10:00:00.000000000,1460080800000000000,1558.0,1558.0,1558.0,1558.0,0,1107,1107
2016-04-08 11:00:00.000000000,1460084400000000000,1549.0,1549.0,1549.0,1549.0,1,1107,1106
2016-04-08 13:00:00.000000000,1460091600000000000,1549.0,1554.0,1549.0,1553.0,313,1106,795
2016-04-08 14:00:00.000000000,1460095200000000000,1553.0,1553.0,1545.0,1545.0,515,795,294
2016-04-11 09:00:00.000000000,1460336400000000000,1583.0,1583.0,1545.0,1555.0,30,294,282
2016-04-11 10:00:00.000000000,1460340000000000000,1555.0,1556.0,1555.0,1556.0,1,282,282
2016-04-11 11:00:00.000000000,1460343600000000000,1556.0,1566.0,1556.0,1557.0,8,282,279
2016-04-11 13:00:00.000000000,1460350800000000000,1562.0,1562.0,1562.0,1562.0,6,279,278
2016-04-11 14:00:00.000000000,1460354400000000000,1562.0,1562.0,1556.0,1556.0,3,278,279
2016-04-12 09:00:00.000000000,1460422800000000000,1577.0,1577.0,1561.0,1561.0,4,279,275
2016-04-12 10:00:00.000000000,1460426400000000000,1561.0,1561.0,1561.0,1561.0,0,275,275
2016-04-12 11:00:00.000000000,1460430000000000000,1561.0,1571.0,1561.0,1571.0,2,275,276
2016-04-12 13:00:00.000000000,1460437200000000000,1571.0,1571.0,1569.0,1569.0,2,276,276
2016-04-12 14:00:00.000000000,1460440800000000000,1569.0,1571.0,1562.0,1570.0,17,276,271
2016-04-13 09:00:00.000000000,1460509200000000000,1576.0,1598.0,1576.0,1598.0,15,271,261
2016-04-13 10:00:00.000000000,1460512800000000000,1598.0,1605.0,1593.0,1593.0,8,261,256
2016-04-13 11:00:00.000000000,1460516400000000000,1593.0,1593.0,1577.0,1577.0,4,256,258
2016-04-13 13:00:00.000000000,1460523600000000000,1577.0,1589.0,1577.0,1589.0,6,258,257
2016-04-13 14:00:00.000000000,1460527200000000000,1589.0,1589.0,1589.0,1589.0,0,257,257
2016-04-14 09:00:00.000000000,1460595600000000000,1599.0,1600.0,1590.0,1600.0,28,257,254
2016-04-14 10:00:00.000000000,1460599200000000000,1600.0,1605.0,1600.0,1605.0,9,254,247
2016-04-14 11:00:00.000000000,1460602800000000000,1605.0,1609.0,1600.0,1609.0,25,247,240
2016-04-14 13:00:00.000000000,1460610000000000000,1609.0,1609.0,1605.0,1605.0,5,240,243
2016-04-14 14:00:00.000000000,1460613600000000000,1605.0,1610.0,1605.0,1610.0,11,243,243
2016-04-15 09:00:00.000000000,1460682000000000000,1607.0,1617.0,1607.0,1617.0,48,243,218
2016-04-15 10:00:00.000000000,1460685600000000000,1617.0,1617.0,1611.0,1611.0,3,218,220
2016-04-15 11:00:00.000000000,1460689200000000000,1611.0,1615.0,1607.0,1615.0,8,220,227
2016-04-15 13:00:00.000000000,1460696400000000000,1615.0,1615.0,1607.0,1607.0,5,227,228
2016-04-15 14:00:00.000000000,1460700000000000000,1607.0,1607.0,1564.0,1590.0,85,228,259
2016-04-18 09:00:00.000000000,1460941200000000000,1605.0,1620.0,1605.0,1620.0,49,259,256
2016-04-18 10:00:00.000000000,1460944800000000000,1620.0,1635.0,1620.0,1628.0,6,256,254
2016-04-18 11:00:00.000000000,1460948400000000000,1628.0,1628.0,1626.0,1626.0,2,254,254
2016-04-18 13:00:00.000000000,1460955600000000000,1626.0,1626.0,1625.0,1626.0,6,254,253
2016-04-18 14:00:00.000000000,1460959200000000000,1626.0,1626.0,1613.0,1622.0,28,253,257
2016-04-19 09:00:00.000000000,1461027600000000000,1624.0,1644.0,1624.0,1643.0,15,257,257
2016-04-19 10:00:00.000000000,1461031200000000000,1643.0,1643.0,1626.0,1626.0,9,257,257
2016-04-19 11:00:00.000000000,1461034800000000000,1626.0,1634.0,1626.0,1634.0,3,257,259
2016-04-19 13:00:00.000000000,1461042000000000000,1634.0,1634.0,1610.0,1619.0,26,259,260
2016-04-19 14:00:00.000000000,1461045600000000000,1619.0,1635.0,1618.0,1635.0,21,260,264
2016-04-20 09:00:00.000000000,1461114000000000000,1643.0,1659.0,1640.0,1659.0,15,264,259
2016-04-20 10:00:00.000000000,1461117600000000000,1659.0,1669.0,1645.0,1668.0,21,259,249
2016-04-20 11:00:00.000000000,1461121200000000000,1668.0,1669.0,1668.0,1669.0,1,249,248
2016-04-20 13:00:00.000000000,1461128400000000000,1669.0,1669.0,1657.0,1657.0,2,248,247
2016-04-20 14:00:00.000000000,1461132000000000000,1657.0,1665.0,1656.0,1665.0,8,247,244
2016-04-21 09:00:00.000000000,1461200400000000000,1721.0,1724.0,1719.0,1721.0,20,244,246
2016-04-21 10:00:00.000000000,1461204000000000000,1721.0,1721.0,1681.0,1720.0,13,246,247
2016-04-21 11:00:00.000000000,1461207600000000000,1720.0,1720.0,1685.0,1703.0,11,247,245
2016-04-21 13:00:00.000000000,1461214800000000000,1703.0,1723.0,1690.0,1723.0,24,245,247
2016-04-21 14:00:00.000000000,1461218400000000000,1723.0,1724.0,1723.0,1724.0,1,247,246
2016-04-22 09:00:00.000000000,1461286800000000000,1661.0,1720.0,1661.0,1720.0,4,246,246
2016-04-22 10:00:00.000000000,1461290400000000000,1720.0,1720.0,1661.0,1661.0,7,246,244
2016-04-22 11:00:00.000000000,1461294000000000000,1661.0,1665.0,1645.0,1645.0,4,244,245
2016-04-22 13:00:00.000000000,1461301200000000000,1645.0,1645.0,1645.0,1645.0,0,245,245
2016-04-22 14:00:00.000000000,1461304800000000000,1645.0,1698.0,1645.0,1665.0,2,245,244
2016-04-25 09:00:00.000000000,1461546000000000000,1671.0,1707.0,1631.0,1673.0,21,244,243
2016-04-25 10:00:00.000000000,1461549600000000000,1673.0,1685.0,1665.0,1673.0,9,243,245
2016-04-25 11:00:00.000000000,1461553200000000000,1673.0,1684.0,1673.0,1684.0,1,245,246
2016-04-25 13:00:00.000000000,1461560400000000000,1684.0,1684.0,1674.0,1674.0,1,246,246
2016-04-25 14:00:00.000000000,1461564000000000000,1674.0,1676.0,1666.0,1676.0,20,246,248
2016-04-26 09:00:00.000000000,1461632400000000000,1668.0,1684.0,1657.0,1657.0,7,248,249
2016-04-26 10:00:00.000000000,1461636000000000000,1657.0,1658.0,1643.0,1657.0,17,249,246
2016-04-26 11:00:00.000000000,1461639600000000000,1657.0,1657.0,1655.0,1655.0,1,246,247
2016-04-26 13:00:00.000000000,1461646800000000000,1655.0,1656.0,1655.0,1656.0,3,247,247
2016-04-26 14:00:00.000000000,1461650400000000000,1656.0,1664.0,1656.0,1664.0,5,247,246
2016-04-27 09:00:00.000000000,1461718800000000000,1735.0,1735.0,1660.0,1660.0,5,246,248
2016-04-27 10:00:00.000000000,1461722400000000000,1660.0,1661.0,1660.0,1661.0,1,248,249
2016-04-27 11:00:00.000000000,1461726000000000000,1661.0,1662.0,1661.0,1662.0,1,249,250
2016-04-27 13:00:00.000000000,1461733200000000000,1662.0,1662.0,1644.0,1644.0,1,250,251
2016-04-27 14:00:00.000000000,1461736800000000000,1644.0,1655.0,1644.0,1655.0,1,251,252
2016-04-28 09:00:00.000000000,1461805200000000000,1628.0,1630.0,1628.0,1630.0,2,252,250
2016-04-28 10:00:00.000000000,1461808800000000000,1630.0,1664.0,1630.0,1644.0,3,250,249
2016-04-28 11:00:00.000000000,1461812400000000000,1644.0,1644.0,1644.0,1644.0,0,249,249
2016-04-28 13:00:00.000000000,1461819600000000000,1632.0,1663.0,1631.0,1637.0,18,249,253
2016-04-28 14:00:00.000000000,1461823200000000000,1637.0,1648.0,1631.0,1646.0,9,253,258
2016-04-29 09:00:00.000000000,1461891600000000000,1646.0,1646.0,1646.0,1646.0,0,258,258
2016-04-29 10:00:00.000000000,1461895200000000000,1646.0,1646.0,1646.0,1646.0,0,258,258
2016-04-29 11:00:00.000000000,1461898800000000000,1646.0,1646.0,1646.0,1646.0,0,258,258
2016-04-29 13:00:00.000000000,1461906000000000000,1646.0,1646.0,1646.0,1646.0,0,258,258
2016-04-29 14:00:00.000000000,1461909600000000000,1634.0,1661.0,1634.0,1655.0,5,258,259
2016-05-03 09:00:00.000000000,1462237200000000000,1669.0,1673.0,1649.0,1662.0,14,259,258
2016-05-03 10:00:00.000000000,1462240800000000000,1662.0,1669.0,1651.0,1669.0,34,258,240
2016-05-03 11:00:00.000000000,1462244400000000000,1669.0,1670.0,1669.0,1670.0,1,240,241
2016-05-03 13:00:00.000000000,1462251600000000000,1664.0,1668.0,1664.0,1665.0,5,241,237
2016-05-03 14:00:00.000000000,1462255200000000000,1665.0,1669.0,1665.0,1669.0,1,237,237
2016-05-04 09:00:00.000000000,1462323600000000000,1669.0,1669.0,1669.0,1669.0,0,237,237
2016-05-04 10:00:00.000000000,1462327200000000000,1653.0,1654.0,1653.0,1654.0,2,237,236
2016-05-04 11:00:00.000000000,1462330800000000000,1654.0,1654.0,1654.0,1654.0,1,236,235
2016-05-04 13:00:00.000000000,1462338000000000000,1654.0,1669.0,1654.0,1669.0,2,235,235
2016-05-04 14:00:00.000000000,1462341600000000000,1669.0,1669.0,1662.0,1662.0,1,235,235
2016-05-05 09:00:00.000000000,1462410000000000000,1662.0,1662.0,1662.0,1662.0,0,235,235
2016-05-05 10:00:00.000000000,1462413600000000000,1663.0,1663.0,1663.0,1663.0,1,235,235
2016-05-05 11:00:00.000000000,1462417200000000000,1663.0,1667.0,1652.0,1667.0,11,235,236
2016-05-05 13:00:00.000000000,1462424400000000000,1667.0,1667.0,1667.0,1667.0,0,236,236
2016-05-05 14:00:00.000000000,1462428000000000000,1667.0,1667.0,1667.0,1667.0,0,236,236
2016-05-06 09:00:00.000000000,1462496400000000000,1628.0,1655.0,1628.0,1648.0,7,236,236
2016-05-06 10:00:00.000000000,1462500000000000000,1648.0,1660.0,1648.0,1660.0,1,236,237
2016-05-06 11:00:00.000000000,1462503600000000000,1660.0,1660.0,1648.0,1654.0,4,237,236
2016-05-06 13:00:00.000000000,1462510800000000000,1654.0,1654.0,1654.0,1654.0,0,236,236
2016-05-06 14:00:00.000000000,1462514400000000000,1654.0,1655.0,1648.0,1655.0,2,236,236
2016-05-09 09:00:00.000000000,1462755600000000000,1634.0,1648.0,1634.0,1648.0,2,236,235
2016-05-09 10:00:00.000000000,1462759200000000000,1648.0,1648.0,1648.0,1648.0,0,235,235
2016-05-09 11:00:00.000000000,1462762800000000000,1648.0,1650.0,1648.0,1650.0,22,235,221
2016-05-09 13:00:00.000000000,1462770000000000000,1650.0,1659.0,1645.0,1654.0,8,221,221
2016-05-09 14:00:00.000000000,1462773600000000000,1654.0,1654.0,1654.0,1654.0,0,221,221
2016-05-10 09:00:00.000000000,1462842000000000000,1653.0,1663.0,1641.0,1663.0,6,221,219
2016-05-10 10:00:00.000000000,1462845600000000000,1663.0,1663.0,1652.0,1652.0,1,219,218
2016-05-10 11:00:00.000000000,1462849200000000000,1652.0,1652.0,1651.0,1651.0,5,218,221
2016-05-10 13:00:00.000000000,1462856400000000000,1651.0,1651.0,1649.0,1649.0,14,221,219
2016-05-10 14:00:00.000000000,1462860000000000000,1649.0,1655.0,1649.0,1655.0,3,219,217
2016-05-11 09:00:00.000000000,1462928400000000000,1688.0,1688.0,1662.0,1662.0,4,217,215
2016-05-11 10:00:00.000000000,1462932000000000000,1662.0,1674.0,1662.0,1674.0,3,215,216
2016-05-11 11:00:00.000000000,1462935600000000000,1674.0,1678.0,1661.0,1678.0,6,216,214
2016-05-11 13:00:00.000000000,1462942800000000000,1678.0,1688.0,1671.0,1687.0,13,214,214
2016-05-11 14:00:00.000000000,1462946400000000000,1687.0,1687.0,1679.0,1685.0,14,214,223
2016-05-12 09:00:00.000000000,1463014800000000000,1699.0,1699.0,1666.0,1679.0,20,223,223
2016-05-12 10:00:00.000000000,1463018400000000000,1679.0,1690.0,1679.0,1690.0,1,223,223
2016-05-12 11:00:00.000000000,1463022000000000000,1690.0,1690.0,1690.0,1690.0,0,223,223
2016-05-12 13:00:00.000000000,1463029200000000000,1690.0,1690.0,1676.0,1684.0,3,223,223
2016-05-12 14:00:00.000000000,1463032800000000000,1684.0,1694.0,1676.0,1676.0,4,223,222
2016-05-13 09:00:00.000000000,1463101200000000000,1694.0,1694.0,1641.0,1664.0,6,222,221
2016-05-13 10:00:00.000000000,1463104800000000000,1664.0,1674.0,1664.0,1674.0,1,221,221
2016-05-13 11:00:00.000000000,1463108400000000000,1674.0,1674.0,1666.0,1666.0,1,221,222
2016-05-13 13:00:00.000000000,1463115600000000000,1666.0,1670.0,1652.0,1670.0,2,222,222
2016-05-13 14:00:00.000000000,1463119200000000000,1670.0,1670.0,1658.0,1658.0,1,222,223
2016-05-16 09:00:00.000000000,1463360400000000000,1674.0,1674.0,1670.0,1670.0,3,223,223
2016-05-16 10:00:00.000000000,1463364000000000000,1670.0,1674.0,1670.0,1674.0,1,223,222
2016-05-16 11:00:00.000000000,1463367600000000000,1674.0,1674.0,1674.0,1674.0,0,222,222
2016-05-16 13:00:00.000000000,1463374800000000000,1674.0,1674.0,1670.0,1670.0,1,222,223
2016-05-16 14:00:00.000000000,1463378400000000000,1670.0,1670.0,1660.0,1660.0,3,223,223
2016-05-17 09:00:00.000000000,1463446800000000000,1663.0,1664.0,1663.0,1664.0,3,223,222
2016-05-17 10:00:00.000000000,1463450400000000000,1664.0,1664.0,1662.0,1662.0,1,222,222
2016-05-17 11:00:00.000000000,1463454000000000000,1662.0,1662.0,1655.0,1657.0,3,222,222
2016-05-17 13:00:00.000000000,1463461200000000000,1657.0,1657.0,1657.0,1657.0,0,222,222
2016-05-17 14:00:00.000000000,1463464800000000000,1657.0,1657.0,1657.0,1657.0,0,222,222
2016-05-18 09:00:00.000000000,1463533200000000000,1738.0,1739.0,1644.0,1682.0,90,222,222
2016-05-18 10:00:00.000000000,1463536800000000000,1682.0,1682.0,1668.0,1681.0,2,222,222
2016-05-18 11:00:00.000000000,1463540400000000000,1681.0,1681.0,1681.0,1681.0,0,222,222
2016-05-18 13:00:00.000000000,1463547600000000000,1681.0,1681.0,1674.0,1674.0,1,222,222
2016-05-18 14:00:00.000000000,1463551200000000000,1674.0,1674.0,1658.0,1658.0,3,222,222
2016-05-19 09:00:00.000000000,1463619600000000000,1697.0,1697.0,1656.0,1666.0,17,222,233
2016-05-19 10:00:00.000000000,1463623200000000000,1666.0,1673.0,1666.0,1673.0,5,233,230
2016-05-19 11:00:00.000000000,1463626800000000000,1673.0,1673.0,1673.0,1673.0,0,230,230
2016-05-19 13:00:00.000000000,1463634000000000000,1673.0,1673.0,1673.0,1673.0,0,230,230
2016-05-19 14:00:00.000000000,1463637600000000000,1673.0,1673.0,1673.0,1673.0,0,230,230
2016-05-20 09:00:00.000000000,1463706000000000000,1673.0,1673.0,1673.0,1673.0,0,230,230
2016-05-20 10:00:00.000000000,1463709600000000000,1679.0,1679.0,1665.0,1665.0,2,230,230
2016-05-20 11:00:00.000000000,1463713200000000000,1665.0,1666.0,1665.0,1666.0,1,230,231
2016-05-20 13:00:00.000000000,1463720400000000000,1666.0,1666.0,1666.0,1666.0,0,231,231
2016-05-20 14:00:00.000000000,1463724000000000000,1666.0,1666.0,1666.0,1666.0,0,231,231
2016-05-23 09:00:00.000000000,1463965200000000000,1691.0,1694.0,1677.0,1677.0,3,231,231
2016-05-23 10:00:00.000000000,1463968800000000000,1677.0,1688.0,1677.0,1688.0,9,231,226
2016-05-23 11:00:00.000000000,1463972400000000000,1688.0,1688.0,1687.0,1687.0,1,226,226
2016-05-23 13:00:00.000000000,1463979600000000000,1687.0,1687.0,1687.0,1687.0,0,226,226
2016-05-23 14:00:00.000000000,1463983200000000000,1687.0,1687.0,1687.0,1687.0,0,226,226
2016-05-24 09:00:00.000000000,1464051600000000000,1673.0,1684.0,1666.0,1678.0,13,226,225
2016-05-24 10:00:00.000000000,1464055200000000000,1678.0,1684.0,1678.0,1684.0,2,225,225
2016-05-24 11:00:00.000000000,1464058800000000000,1684.0,1684.0,1668.0,1668.0,2,225,225
2016-05-24 13:00:00.000000000,1464066000000000000,1668.0,1684.0,1668.0,1684.0,2,225,227
2016-05-24 14:00:00.000000000,1464069600000000000,1684.0,1684.0,1679.0,1684.0,2,227,227
2016-05-25 09:00:00.000000000,1464138000000000000,1698.0,1698.0,1685.0,1685.0,5,227,223
2016-05-25 10:00:00.000000000,1464141600000000000,1685.0,1685.0,1685.0,1685.0,0,223,223
2016-05-25 11:00:00.000000000,1464145200000000000,1685.0,1685.0,1685.0,1685.0,0,223,223
2016-05-25 13:00:00.000000000,1464152400000000000,1685.0,1685.0,1685.0,1685.0,0,223,223
2016-05-25 14:00:00.000000000,1464156000000000000,1685.0,1685.0,1685.0,1685.0,0,223,223
2016-05-26 09:00:00.000000000,1464224400000000000,1685.0,1685.0,1685.0,1685.0,0,223,223
2016-05-26 10:00:00.000000000,1464228000000000000,1685.0,1701.0,1685.0,1701.0,3,223,223
2016-05-26 11:00:00.000000000,1464231600000000000,1701.0,1701.0,1701.0,1701.0,0,223,223
2016-05-26 13:00:00.000000000,1464238800000000000,1701.0,1701.0,1686.0,1686.0,1,223,223
2016-05-26 14:00:00.000000000,1464242400000000000,1686.0,1699.0,1686.0,1689.0,5,223,224
2016-05-27 09:00:00.000000000,1464310800000000000,1691.0,1709.0,1691.0,1709.0,7,224,225
2016-05-27 10:00:00.000000000,1464314400000000000,1709.0,1725.0,1709.0,1721.0,13,225,227
2016-05-27 11:00:00.000000000,1464318000000000000,1721.0,1721.0,1721.0,1721.0,0,227,227
2016-05-27 13:00:00.000000000,1464325200000000000,1721.0,1721.0,1701.0,1701.0,1,227,227
2016-05-27 14:00:00.000000000,1464328800000000000,1701.0,1717.0,1700.0,1700.0,9,227,226
2016-05-30 09:00:00.000000000,1464570000000000000,1700.0,1700.0,1700.0,1700.0,0,226,226
2016-05-30 10:00:00.000000000,1464573600000000000,1700.0,1700.0,1700.0,1700.0,0,226,226
2016-05-30 11:00:00.000000000,1464577200000000000,1699.0,1725.0,1699.0,1725.0,2,226,226
2016-05-30 13:00:00.000000000,1464584400000000000,1725.0,1726.0,1725.0,1726.0,1,226,226
2016-05-30 14:00:00.000000000,1464588000000000000,1726.0,1726.0,1704.0,1704.0,7,226,232
2016-05-31 09:00:00.000000000,1464656400000000000,1741.0,1763.0,1697.0,1717.0,90,232,226
2016-05-31 10:00:00.000000000,1464660000000000000,1717.0,1723.0,1710.0,1710.0,10,226,222
2016-05-31 11:00:00.000000000,1464663600000000000,1710.0,1721.0,1710.0,1721.0,1,222,221
2016-05-31 13:00:00.000000000,1464670800000000000,1722.0,1722.0,1722.0,1722.0,8,221,213
2016-05-31 14:00:00.000000000,1464674400000000000,1722.0,1731.0,1713.0,1717.0,15,213,202
2016-06-01 09:00:00.000000000,1464742800000000000,1702.0,1715.0,1683.0,1715.0,15,202,201
2016-06-01 10:00:00.000000000,1464746400000000000,1715.0,1752.0,1714.0,1714.0,7,201,198
2016-06-01 11:00:00.000000000,1464750000000000000,1714.0,1725.0,1714.0,1725.0,1,198,198
2016-06-01 13:00:00.000000000,1464757200000000000,1725.0,1725.0,1725.0,1725.0,0,198,198
2016-06-01 14:00:00.000000000,1464760800000000000,1725.0,1735.0,1725.0,1735.0,1,198,198
2016-06-02 09:00:00.000000000,1464829200000000000,1735.0,1735.0,1735.0,1735.0,0,198,198
2016-06-02 10:00:00.000000000,1464832800000000000,1771.0,1771.0,1740.0,1740.0,5,198,198
2016-06-02 11:00:00.000000000,1464836400000000000,1740.0,1740.0,1737.0,1737.0,1,198,197
2016-06-02 13:00:00.000000000,1464843600000000000,1737.0,1737.0,1737.0,1737.0,0,197,197
2016-06-02 14:00:00.000000000,1464847200000000000,1737.0,1737.0,1737.0,1737.0,0,197,197
2016-06-03 09:00:00.000000000,1464915600000000000,1706.0,1706.0,1706.0,1706.0,1,197,196
2016-06-03 10:00:00.000000000,1464919200000000000,1706.0,1706.0,1706.0,1706.0,0,196,196
2016-06-03 11:00:00.000000000,1464922800000000000,1706.0,1754.0,1706.0,1744.0,3,196,197
2016-06-03 13:00:00.000000000,1464930000000000000,1744.0,1744.0,1744.0,1744.0,0,197,197
2016-06-03 14:00:00.000000000,1464933600000000000,1744.0,1744.0,1744.0,1744.0,0,197,197
2016-06-06 09:00:00.000000000,1465174800000000000,1741.0,1779.0,1741.0,1779.0,3,197,196
2016-06-06 10:00:00.000000000,1465178400000000000,1779.0,1779.0,1745.0,1749.0,2,196,197
2016-06-06 11:00:00.000000000,1465182000000000000,1749.0,1749.0,1749.0,1749.0,0,197,197
2016-06-06 13:00:00.000000000,1465189200000000000,1749.0,1779.0,1749.0,1779.0,1,197,197
2016-06-06 14:00:00.000000000,1465192800000000000,1779.0,1779.0,1779.0,1779.0,0,197,197
2016-06-07 09:00:00.000000000,1465261200000000000,1779.0,1779.0,1779.0,1779.0,0,197,197
2016-06-07 10:00:00.000000000,1465264800000000000,1779.0,1779.0,1779.0,1779.0,0,197,197
2016-06-07 11:00:00.000000000,1465268400000000000,1755.0,1755.0,1755.0,1755.0,1,197,196
2016-06-07 13:00:00.000000000,1465275600000000000,1755.0,1755.0,1755.0,1755.0,0,196,196
2016-06-07 14:00:00.000000000,1465279200000000000,1755.0,1778.0,1740.0,1778.0,5,196,195
2016-06-08 09:00:00.000000000,1465347600000000000,1778.0,1778.0,1778.0,1778.0,0,195,195
2016-06-08 10:00:00.000000000,1465351200000000000,1778.0,1778.0,1778.0,1778.0,0,195,195
2016-06-08 11:00:00.000000000,1465354800000000000,1778.0,1778.0,1778.0,1778.0,0,195,195
2016-06-08 13:00:00.000000000,1465362000000000000,1778.0,1778.0,1778.0,1778.0,0,195,195
2016-06-08 14:00:00.000000000,1465365600000000000,1767.0,1767.0,1767.0,1767.0,1,195,194
2016-06-13 09:00:00.000000000,1465779600000000000,1796.0,1799.0,1736.0,1799.0,19,194,192
2016-06-13 10:00:00.000000000,1465783200000000000,1799.0,1800.0,1779.0,1779.0,9,192,184
2016-06-13 11:00:00.000000000,1465786800000000000,1779.0,1791.0,1779.0,1791.0,4,184,183
2016-06-13 13:00:00.000000000,1465794000000000000,1791.0,1791.0,1791.0,1791.0,0,183,183
2016-06-13 14:00:00.000000000,1465797600000000000,1791.0,1816.0,1769.0,1769.0,18,183,182
2016-06-14 09:00:00.000000000,1465866000000000000,1778.0,1813.0,1745.0,1813.0,16,182,174
2016-06-14 10:00:00.000000000,1465869600000000000,1813.0,1813.0,1813.0,1813.0,0,174,174
2016-06-14 11:00:00.000000000,1465873200000000000,1813.0,1813.0,1813.0,1813.0,0,174,174
2016-06-14 13:00:00.000000000,1465880400000000000,1813.0,1813.0,1813.0,1813.0,1,174,175
2016-06-14 14:00:00.000000000,1465884000000000000,1813.0,1817.0,1813.0,1816.0,4,175,173
2016-06-15 09:00:00.000000000,1465952400000000000,1830.0,1830.0,1816.0,1816.0,2,173,172
2016-06-15 10:00:00.000000000,1465956000000000000,1816.0,1816.0,1808.0,1808.0,1,172,171
2016-06-15 11:00:00.000000000,1465959600000000000,1808.0,1808.0,1785.0,1785.0,2,171,172
2016-06-15 13:00:00.000000000,1465966800000000000,1785.0,1816.0,1754.0,1816.0,6,172,172
2016-06-15 14:00:00.000000000,1465970400000000000,1816.0,1816.0,1816.0,1816.0,0,172,172
2016-06-16 09:00:00.000000000,1466038800000000000,1794.0,1817.0,1758.0,1817.0,8,172,171
2016-06-16 10:00:00.000000000,1466042400000000000,1817.0,1817.0,1817.0,1817.0,0,171,171
2016-06-16 11:00:00.000000000,1466046000000000000,1817.0,1817.0,1817.0,1817.0,0,171,171
2016-06-16 13:00:00.000000000,1466053200000000000,1817.0,1817.0,1817.0,1817.0,0,171,171
2016-06-16 14:00:00.000000000,1466056800000000000,1817.0,1817.0,1817.0,1817.0,0,171,171
2016-06-17 09:00:00.000000000,1466125200000000000,1803.0,1803.0,1803.0,1803.0,3,171,169
2016-06-17 10:00:00.000000000,1466128800000000000,1803.0,1827.0,1803.0,1820.0,13,169,158
2016-06-17 11:00:00.000000000,1466132400000000000,1820.0,1820.0,1820.0,1820.0,0,158,158
2016-06-17 13:00:00.000000000,1466139600000000000,1820.0,1823.0,1799.0,1823.0,7,158,162
2016-06-17 14:00:00.000000000,1466143200000000000,1823.0,1840.0,1771.0,1816.0,39,162,151
2016-06-20 09:00:00.000000000,1466384400000000000,1828.0,1854.0,1816.0,1830.0,70,151,115
2016-06-20 10:00:00.000000000,1466388000000000000,1830.0,1842.0,1830.0,1842.0,1,115,116
2016-06-20 11:00:00.000000000,1466391600000000000,1842.0,1846.0,1842.0,1846.0,9,116,107
2016-06-20 13:00:00.000000000,1466398800000000000,1846.0,1849.0,1846.0,1849.0,2,107,109
2016-06-20 14:00:00.000000000,1466402400000000000,1849.0,1861.0,1845.0,1861.0,6,109,105
2016-06-21 09:00:00.000000000,1466470800000000000,1860.0,1860.0,1841.0,1841.0,2,105,103
2016-06-21 10:00:00.000000000,1466474400000000000,1841.0,1841.0,1841.0,1841.0,0,103,103
2016-06-21 11:00:00.000000000,1466478000000000000,1841.0,1841.0,1836.0,1836.0,1,103,102
2016-06-21 13:00:00.000000000,1466485200000000000,1836.0,1862.0,1834.0,1862.0,6,102,100
2016-06-21 14:00:00.000000000,1466488800000000000,1862.0,1867.0,1860.0,1867.0,3,100,97
2016-06-22 09:00:00.000000000,1466557200000000000,1863.0,1869.0,1863.0,1868.0,4,97,95
2016-06-22 10:00:00.000000000,1466560800000000000,1868.0,1868.0,1862.0,1862.0,1,95,95
2016-06-22 11:00:00.000000000,1466564400000000000,1862.0,1862.0,1862.0,1862.0,0,95,95
2016-06-22 13:00:00.000000000,1466571600000000000,1862.0,1901.0,1862.0,1896.0,41,95,66
2016-06-22 14:00:00.000000000,1466575200000000000,1896.0,1913.0,1894.0,1896.0,14,66,63
2016-06-23 09:00:00.000000000,1466643600000000000,1893.0,1903.0,1893.0,1901.0,5,63,63
2016-06-23 10:00:00.000000000,1466647200000000000,1901.0,1901.0,1901.0,1901.0,0,63,63
2016-06-23 11:00:00.000000000,1466650800000000000,1901.0,1908.0,1896.0,1896.0,2,63,63
2016-06-23 13:00:00.000000000,1466658000000000000,1896.0,1904.0,1896.0,1904.0,1,63,63
2016-06-23 14:00:00.000000000,1466661600000000000,1904.0,1904.0,1896.0,1896.0,1,63,63
2016-06-24 09:00:00.000000000,1466730000000000000,1853.0,1911.0,1853.0,1881.0,362,63,31
2016-06-24 10:00:00.000000000,1466733600000000000,1881.0,1888.0,1880.0,1888.0,5,31,29
2016-06-24 11:00:00.000000000,1466737200000000000,1888.0,1888.0,1888.0,1888.0,0,29,29
2016-06-24 13:00:00.000000000,1466744400000000000,1871.0,1871.0,1871.0,1871.0,1,29,30
2016-06-24 14:00:00.000000000,1466748000000000000,1871.0,1871.0,1871.0,1871.0,0,30,30
2016-06-27 09:00:00.000000000,1466989200000000000,1895.0,1895.0,1895.0,1895.0,1,30,29
2016-06-27 10:00:00.000000000,1466992800000000000,1895.0,1895.0,1895.0,1895.0,1,29,29
2016-06-27 11:00:00.000000000,1466996400000000000,1895.0,1895.0,1894.0,1895.0,5,29,25
2016-06-27 13:00:00.000000000,1467003600000000000,1895.0,1896.0,1895.0,1896.0,1,25,25
2016-06-27 14:00:00.000000000,1467007200000000000,1896.0,1912.0,1896.0,1912.0,1,25,26
2016-06-28 09:00:00.000000000,1467075600000000000,1915.0,1916.0,1915.0,1916.0,2,26,26
2016-06-28 10:00:00.000000000,1467079200000000000,1916.0,1935.0,1916.0,1935.0,1,26,25
2016-06-28 11:00:00.000000000,1467082800000000000,1935.0,1935.0,1935.0,1935.0,0,25,25
2016-06-28 13:00:00.000000000,1467090000000000000,1930.0,1969.0,1925.0,1925.0,3,25,24
2016-06-28 14:00:00.000000000,1467093600000000000,1925.0,1927.0,1923.0,1923.0,2,24,23
2016-06-29 09:00:00.000000000,1467162000000000000,1981.0,2026.0,1981.0,2026.0,3,23,22
2016-06-29 10:00:00.000000000,1467165600000000000,2026.0,2026.0,1910.0,1913.0,9,22,23
2016-06-29 11:00:00.000000000,1467169200000000000,1913.0,1913.0,1900.0,1900.0,2,23,23
2016-06-29 13:00:00.000000000,1467176400000000000,1900.0,1956.0,1900.0,1956.0,1,23,22
2016-06-29 14:00:00.000000000,1467180000000000000,1956.0,1956.0,1901.0,1901.0,4,22,20
2016-06-30 09:00:00.000000000,1467248400000000000,1853.0,1856.0,1853.0,1856.0,2,20,19
2016-06-30 10:00:00.000000000,1467252000000000000,1856.0,2024.0,1856.0,1900.0,6,19,16
2016-06-30 11:00:00.000000000,1467255600000000000,1900.0,1900.0,1900.0,1900.0,0,16,16
2016-06-30 13:00:00.000000000,1467262800000000000,1900.0,1900.0,1900.0,1900.0,0,16,16
2016-06-30 14:00:00.000000000,1467266400000000000,1900.0,1900.0,1860.0,1860.0,6,16,10
2016-07-01 09:00:00.000000000,1467334800000000000,1800.0,1800.0,1785.0,1785.0,4,10,6
2016-07-01 10:00:00.000000000,1467338400000000000,1785.0,1785.0,1785.0,1785.0,6,6,5
2016-07-01 11:00:00.000000000,1467342000000000000,1785.0,1785.0,1785.0,1785.0,0,5,5
2016-07-01 13:00:00.000000000,1467349200000000000,1785.0,1785.0,1785.0,1785.0,0,5,5
2016-07-01 14:00:00.000000000,1467352800000000000,1785.0,1785.0,1785.0,1785.0,0,5,5
