date,open,high,low,close,volume,money,open_interest,symbol
2018-11-27,5828.0,5830.0,5382.0,5382.0,471124.0,26186470600.0,78270.0,SP1906
2018-11-28,5300.0,5314.0,5142.0,5184.0,1027208.0,53659305120.0,101512.0,SP1906
2018-11-29,5160.0,5294.0,5122.0,5188.0,985508.0,51425545440.0,110832.0,SP1906
2018-11-30,5208.0,5220.0,5114.0,5148.0,897506.0,46388192720.0,134838.0,SP1906
2018-12-03,5158.0,5262.0,4970.0,4978.0,1415596.0,71858090000.0,207934.0,SP1906
2018-12-04,4978.0,5114.0,4978.0,5058.0,1129600.0,56888650040.0,188012.0,SP1906
2018-12-05,5060.0,5158.0,5040.0,5140.0,1494318.0,76270801840.0,166492.0,SP1906
2018-12-06,5150.0,5264.0,5128.0,5132.0,1621966.0,84228666760.0,172558.0,SP1906
2018-12-07,5112.0,5208.0,5086.0,5138.0,1295042.0,66717265640.0,175492.0,SP1906
2018-12-10,5150.0,5224.0,5136.0,5166.0,1094212.0,56704014840.0,174892.0,SP1906
2018-12-11,5160.0,5198.0,5074.0,5094.0,1022112.0,52415671080.0,178926.0,SP1906
2018-12-12,5112.0,5152.0,5104.0,5138.0,598704.0,30709095200.0,160768.0,SP1906
2018-12-13,5146.0,5158.0,5094.0,5126.0,689936.0,35377171560.0,148716.0,SP1906
2018-12-14,5120.0,5164.0,5104.0,5132.0,575672.0,29552106200.0,141336.0,SP1906
2018-12-17,5110.0,5150.0,5108.0,5132.0,328890.0,16871677680.0,142682.0,SP1906
2018-12-18,5134.0,5162.0,5112.0,5126.0,294500.0,15121918160.0,144854.0,SP1906
2018-12-19,5124.0,5144.0,5032.0,5062.0,462610.0,23481766160.0,154904.0,SP1906
2018-12-20,5068.0,5082.0,5044.0,5066.0,203714.0,10315505400.0,147294.0,SP1906
2018-12-21,5072.0,5072.0,5028.0,5048.0,269864.0,13631123240.0,148736.0,SP1906
2018-12-24,5042.0,5064.0,4960.0,4982.0,395298.0,19818413320.0,180976.0,SP1906
2018-12-25,4982.0,5038.0,4966.0,5000.0,380598.0,19037517960.0,159952.0,SP1906
2018-12-26,4996.0,5012.0,4916.0,4938.0,473358.0,23412190080.0,171804.0,SP1906
2018-12-27,4950.0,4998.0,4940.0,4952.0,241750.0,12006180680.0,155260.0,SP1906
2018-12-28,4944.0,5058.0,4938.0,5048.0,209158.0,10425511480.0,135666.0,SP1906
2019-01-02,5044.0,5118.0,5010.0,5082.0,319740.0,16190936400.0,162558.0,SP1906
2019-01-03,5072.0,5108.0,5060.0,5082.0,246184.0,12517868560.0,155182.0,SP1906
2019-01-04,5084.0,5236.0,5072.0,5140.0,597336.0,30825113880.0,145862.0,SP1906
2019-01-07,5152.0,5186.0,5114.0,5170.0,332738.0,17151801640.0,137304.0,SP1906
2019-01-08,5172.0,5192.0,5138.0,5158.0,221650.0,11442042680.0,135222.0,SP1906
2019-01-09,5160.0,5340.0,5156.0,5304.0,686342.0,36185578600.0,151822.0,SP1906
2019-01-10,5306.0,5362.0,5260.0,5272.0,686384.0,36430660040.0,145902.0,SP1906
2019-01-11,5272.0,5328.0,5252.0,5324.0,401620.0,21246139400.0,146038.0,SP1906
2019-01-14,5320.0,5378.0,5280.0,5294.0,505772.0,26919236000.0,142160.0,SP1906
2019-01-15,5300.0,5302.0,5214.0,5242.0,463412.0,24309423760.0,139904.0,SP1906
2019-01-16,5242.0,5320.0,5232.0,5318.0,393780.0,20791400640.0,137610.0,SP1906
2019-01-17,5310.0,5342.0,5284.0,5316.0,424606.0,22574584200.0,145666.0,SP1906
2019-01-18,5308.0,5418.0,5260.0,5380.0,713180.0,38134278040.0,145996.0,SP1906
2019-01-21,5386.0,5472.0,5372.0,5448.0,617074.0,33404924560.0,146590.0,SP1906
2019-01-22,5436.0,5530.0,5416.0,5430.0,675002.0,36938398000.0,139224.0,SP1906
2019-01-23,5428.0,5466.0,5402.0,5442.0,447592.0,24333102160.0,142278.0,SP1906
2019-01-24,5446.0,5480.0,5364.0,5394.0,526860.0,28552273720.0,143160.0,SP1906
2019-01-25,5382.0,5456.0,5358.0,5410.0,429936.0,23249312600.0,130228.0,SP1906
2019-01-28,5406.0,5430.0,5316.0,5326.0,455592.0,24505589400.0,132686.0,SP1906
2019-01-29,5320.0,5360.0,5308.0,5320.0,303530.0,16167224520.0,128038.0,SP1906
2019-01-30,5330.0,5372.0,5310.0,5316.0,263144.0,14051948880.0,115214.0,SP1906
2019-01-31,5322.0,5430.0,5280.0,5426.0,450268.0,24087694240.0,106656.0,SP1906
2019-02-01,5416.0,5540.0,5410.0,5474.0,541372.0,29627609080.0,83168.0,SP1906
2019-02-11,5468.0,5516.0,5392.0,5412.0,216126.0,11777765600.0,90606.0,SP1906
2019-02-12,5420.0,5514.0,5418.0,5506.0,343862.0,18839927080.0,119386.0,SP1906
2019-02-13,5522.0,5538.0,5434.0,5458.0,385848.0,21139767320.0,112092.0,SP1906
2019-02-14,5454.0,5506.0,5386.0,5414.0,432858.0,23622352800.0,122630.0,SP1906
2019-02-15,5430.0,5430.0,5352.0,5394.0,337720.0,18200101280.0,118384.0,SP1906
2019-02-18,5404.0,5450.0,5376.0,5438.0,285756.0,15472961640.0,116540.0,SP1906
2019-02-19,5444.0,5516.0,5428.0,5516.0,319284.0,17484886640.0,120844.0,SP1906
2019-02-20,5536.0,5554.0,5464.0,5496.0,321064.0,17651493960.0,125076.0,SP1906
2019-02-21,5496.0,5622.0,5480.0,5614.0,534140.0,29714855840.0,170686.0,SP1906
2019-02-22,5610.0,5686.0,5584.0,5670.0,560956.0,31566294600.0,194514.0,SP1906
2019-02-25,5682.0,5684.0,5606.0,5612.0,385336.0,21773544360.0,170580.0,SP1906
2019-02-26,5614.0,5626.0,5550.0,5584.0,396626.0,22186255680.0,152924.0,SP1906
2019-02-27,5588.0,5610.0,5542.0,5566.0,328588.0,18306516120.0,144200.0,SP1906
2019-02-28,5576.0,5606.0,5518.0,5548.0,354858.0,19740345280.0,143216.0,SP1906
2019-03-01,5548.0,5614.0,5540.0,5596.0,328614.0,18318942880.0,142096.0,SP1906
2019-03-04,5602.0,5636.0,5486.0,5552.0,624110.0,34766006720.0,139180.0,SP1906
2019-03-05,5544.0,5588.0,5524.0,5560.0,341220.0,18957612160.0,135332.0,SP1906
2019-03-06,5566.0,5606.0,5546.0,5556.0,347936.0,19398595000.0,137062.0,SP1906
2019-03-07,5552.0,5572.0,5464.0,5470.0,344048.0,19041516160.0,144446.0,SP1906
2019-03-08,5482.0,5486.0,5380.0,5408.0,394848.0,21445162840.0,140478.0,SP1906
2019-03-11,5364.0,5458.0,5364.0,5432.0,234952.0,12757999000.0,134334.0,SP1906
2019-03-12,5434.0,5452.0,5410.0,5428.0,181374.0,9851753720.0,140402.0,SP1906
2019-03-13,5430.0,5468.0,5396.0,5412.0,283448.0,15393919560.0,132086.0,SP1906
2019-03-14,5414.0,5448.0,5378.0,5384.0,261330.0,14136978960.0,133290.0,SP1906
2019-03-15,5374.0,5438.0,5356.0,5418.0,211642.0,11436596800.0,130312.0,SP1906
2019-03-18,5412.0,5456.0,5396.0,5430.0,203168.0,11032046800.0,127940.0,SP1906
2019-03-19,5434.0,5480.0,5410.0,5446.0,205722.0,11201761480.0,122040.0,SP1906
2019-03-20,5448.0,5468.0,5310.0,5322.0,279636.0,15017368160.0,127350.0,SP1906
2019-03-21,5320.0,5346.0,5304.0,5330.0,157338.0,8387088480.0,129116.0,SP1906
2019-03-22,5332.0,5350.0,5286.0,5336.0,146226.0,7790356040.0,127888.0,SP1906
2019-03-25,5330.0,5344.0,5286.0,5312.0,153212.0,8143861480.0,122744.0,SP1906
2019-03-26,5312.0,5348.0,5310.0,5320.0,107732.0,5744547720.0,119484.0,SP1906
2019-03-27,5330.0,5360.0,5290.0,5320.0,152738.0,8125928040.0,117510.0,SP1906
2019-03-28,5320.0,5344.0,5220.0,5234.0,226910.0,11974788120.0,118452.0,SP1906
2019-03-29,5238.0,5356.0,5218.0,5322.0,192916.0,10176737200.0,103370.0,SP1906
2019-04-01,5328.0,5378.0,5294.0,5346.0,148438.0,7914795040.0,102890.0,SP1906
2019-04-02,5346.0,5376.0,5322.0,5338.0,103452.0,5526077160.0,102154.0,SP1906
2019-04-03,5348.0,5432.0,5306.0,5430.0,191170.0,10303608040.0,96478.0,SP1906
2019-04-04,5426.0,5438.0,5390.0,5414.0,95406.0,5168245600.0,93730.0,SP1906
2019-04-08,5420.0,5470.0,5390.0,5450.0,94428.0,5132804600.0,86640.0,SP1906
2019-04-09,5450.0,5470.0,5394.0,5424.0,102580.0,5561338600.0,84002.0,SP1906
2019-04-10,5424.0,5456.0,5370.0,5430.0,141256.0,7661229720.0,83986.0,SP1906
2019-04-11,5430.0,5472.0,5384.0,5460.0,123112.0,6678440800.0,85510.0,SP1906
2019-04-12,5456.0,5492.0,5432.0,5434.0,138844.0,7578643360.0,81602.0,SP1906
2019-04-15,5442.0,5508.0,5410.0,5420.0,141560.0,7743705480.0,83324.0,SP1906
2019-04-16,5430.0,5450.0,5386.0,5396.0,126860.0,6870208760.0,86722.0,SP1906
2019-04-17,5406.0,5414.0,5350.0,5356.0,120786.0,6495293480.0,89640.0,SP1906
2019-04-18,5356.0,5382.0,5336.0,5362.0,97642.0,5235322560.0,84742.0,SP1906
2019-04-19,5364.0,5404.0,5316.0,5402.0,113920.0,6108467360.0,77130.0,SP1906
2019-04-22,5400.0,5430.0,5388.0,5418.0,92768.0,5015235360.0,73820.0,SP1906
2019-04-23,5418.0,5426.0,5350.0,5350.0,107290.0,5777670480.0,75668.0,SP1906
2019-04-24,5356.0,5382.0,5320.0,5368.0,102408.0,5484553400.0,70062.0,SP1906
2019-04-25,5368.0,5376.0,5342.0,5356.0,70446.0,3773669680.0,67464.0,SP1906
2019-04-26,5350.0,5356.0,5270.0,5290.0,131598.0,6998028880.0,59992.0,SP1906
2019-04-29,5290.0,5300.0,5262.0,5298.0,76028.0,4017918880.0,57666.0,SP1906
2019-04-30,5300.0,5300.0,5242.0,5244.0,67878.0,3572566480.0,51704.0,SP1906
2019-05-06,5226.0,5280.0,5030.0,5130.0,56508.0,2925359440.0,47232.0,SP1906
2019-05-07,5136.0,5196.0,5122.0,5144.0,67164.0,3462200360.0,46370.0,SP1906
2019-05-08,5140.0,5186.0,5136.0,5140.0,48736.0,2514385840.0,43740.0,SP1906
2019-05-09,5140.0,5178.0,5080.0,5110.0,76106.0,3902242800.0,42988.0,SP1906
2019-05-10,5102.0,5140.0,5096.0,5134.0,36328.0,1859823360.0,41944.0,SP1906
2019-05-13,5084.0,5164.0,5034.0,5130.0,155824.0,7956118000.0,81106.0,SP1909
2019-05-14,5130.0,5134.0,4922.0,5002.0,217574.0,10955011080.0,80356.0,SP1909
2019-05-15,5008.0,5018.0,4954.0,4996.0,95814.0,4776779720.0,82842.0,SP1909
2019-05-16,4988.0,5040.0,4984.0,4996.0,110018.0,5508348800.0,89542.0,SP1909
2019-05-17,4998.0,5020.0,4902.0,4936.0,206680.0,10288346760.0,106928.0,SP1909
2019-05-20,4944.0,4984.0,4916.0,4940.0,105426.0,5213377760.0,112980.0,SP1909
2019-05-21,4936.0,4976.0,4930.0,4964.0,92782.0,4598762320.0,114150.0,SP1909
2019-05-22,4966.0,4972.0,4862.0,4874.0,150630.0,7408036600.0,119096.0,SP1909
2019-05-23,4880.0,4904.0,4822.0,4880.0,154288.0,7508511080.0,122512.0,SP1909
2019-05-24,4886.0,4946.0,4842.0,4882.0,222468.0,10910768520.0,125454.0,SP1909
2019-05-27,4884.0,4918.0,4836.0,4898.0,171218.0,8359948400.0,126110.0,SP1909
2019-05-28,4850.0,4940.0,4830.0,4900.0,207124.0,10156871600.0,136322.0,SP1909
2019-05-29,4900.0,4964.0,4894.0,4934.0,265480.0,13086254600.0,148118.0,SP1909
2019-05-30,4940.0,4942.0,4852.0,4866.0,223858.0,10976292120.0,158982.0,SP1909
2019-05-31,4876.0,4890.0,4834.0,4844.0,196420.0,9559239040.0,167998.0,SP1909
2019-06-03,4846.0,4848.0,4650.0,4682.0,325166.0,15426206160.0,181726.0,SP1909
2019-06-04,4698.0,4720.0,4674.0,4702.0,159250.0,7484244760.0,176078.0,SP1909
2019-06-05,4702.0,4708.0,4638.0,4644.0,183316.0,8572331960.0,197878.0,SP1909
2019-06-06,4638.0,4662.0,4534.0,4584.0,276706.0,12723703520.0,188398.0,SP1909
2019-06-10,4598.0,4632.0,4578.0,4604.0,122278.0,5627366320.0,195468.0,SP1909
2019-06-11,4598.0,4668.0,4592.0,4656.0,206874.0,9589015400.0,191320.0,SP1909
2019-06-12,4660.0,4664.0,4564.0,4572.0,205266.0,9451657640.0,208168.0,SP1909
2019-06-13,4562.0,4620.0,4552.0,4590.0,193096.0,8865370880.0,215134.0,SP1909
2019-06-14,4600.0,4616.0,4560.0,4568.0,159946.0,7338338000.0,223322.0,SP1909
2019-06-17,4558.0,4592.0,4520.0,4570.0,204668.0,9339981440.0,232360.0,SP1909
2019-06-18,4562.0,4606.0,4536.0,4562.0,239182.0,10941476240.0,250586.0,SP1909
2019-06-19,4572.0,4634.0,4554.0,4564.0,366840.0,16839712760.0,282164.0,SP1909
2019-06-20,4556.0,4566.0,4524.0,4536.0,319152.0,14512713600.0,324238.0,SP1909
2019-06-21,4522.0,4548.0,4472.0,4524.0,414826.0,18734111920.0,334404.0,SP1909
2019-06-24,4532.0,4582.0,4502.0,4560.0,350588.0,15941601440.0,338956.0,SP1909
2019-06-25,4550.0,4628.0,4548.0,4584.0,488226.0,22408376920.0,334162.0,SP1909
2019-06-26,4588.0,4596.0,4534.0,4558.0,311712.0,14229313640.0,342026.0,SP1909
2019-06-27,4560.0,4594.0,4526.0,4542.0,342370.0,15615105240.0,345110.0,SP1909
2019-06-28,4534.0,4710.0,4510.0,4652.0,862008.0,39791784360.0,345720.0,SP1909
2019-07-01,4658.0,4740.0,4630.0,4712.0,645622.0,30239353160.0,342282.0,SP1909
2019-07-02,4712.0,4744.0,4656.0,4734.0,458638.0,21545178120.0,334326.0,SP1909
2019-07-03,4734.0,4766.0,4676.0,4722.0,555380.0,26204757280.0,314448.0,SP1909
2019-07-04,4730.0,4878.0,4712.0,4808.0,1004556.0,48265986920.0,304560.0,SP1909
2019-07-05,4812.0,4854.0,4772.0,4790.0,548258.0,26401827080.0,281802.0,SP1909
2019-07-08,4806.0,4838.0,4688.0,4702.0,553622.0,26378418560.0,268520.0,SP1909
2019-07-09,4706.0,4720.0,4528.0,4534.0,641804.0,29714336320.0,253456.0,SP1909
2019-07-10,4536.0,4576.0,4460.0,4548.0,476776.0,21589754480.0,260356.0,SP1909
2019-07-11,4554.0,4604.0,4546.0,4566.0,391064.0,17892058080.0,253114.0,SP1909
2019-07-12,4540.0,4566.0,4514.0,4550.0,377826.0,17147565680.0,260144.0,SP1909
2019-07-15,4542.0,4582.0,4538.0,4564.0,313332.0,14291344560.0,260912.0,SP1909
2019-07-16,4566.0,4610.0,4536.0,4574.0,360732.0,16494343600.0,251830.0,SP1909
2019-07-17,4580.0,4592.0,4530.0,4546.0,288284.0,13140075160.0,252628.0,SP1909
2019-07-18,4546.0,4558.0,4472.0,4522.0,442664.0,19989891320.0,259400.0,SP1909
2019-07-19,4522.0,4566.0,4486.0,4558.0,352182.0,15943692160.0,261090.0,SP1909
2019-07-22,4558.0,4602.0,4532.0,4580.0,416208.0,19013190440.0,253412.0,SP1909
2019-07-23,4588.0,4674.0,4574.0,4618.0,664956.0,30836793360.0,244864.0,SP1909
2019-07-24,4620.0,4626.0,4520.0,4548.0,390138.0,17774036000.0,229652.0,SP1909
2019-07-25,4554.0,4578.0,4536.0,4560.0,239006.0,10888433120.0,225008.0,SP1909
2019-07-26,4564.0,4586.0,4538.0,4542.0,301864.0,13770295880.0,222696.0,SP1909
2019-07-29,4542.0,4594.0,4504.0,4566.0,311336.0,14198413440.0,217672.0,SP1909
2019-07-30,4568.0,4616.0,4544.0,4544.0,395684.0,18124258680.0,222512.0,SP1909
2019-07-31,4542.0,4576.0,4516.0,4570.0,258150.0,11749674240.0,197984.0,SP1909
2019-08-01,4566.0,4578.0,4516.0,4516.0,187122.0,8501713080.0,199798.0,SP1909
2019-08-02,4506.0,4544.0,4410.0,4470.0,280100.0,12580916400.0,182224.0,SP1909
2019-08-05,4476.0,4494.0,4436.0,4446.0,153558.0,6849841040.0,173550.0,SP1909
2019-08-06,4456.0,4526.0,4456.0,4502.0,226198.0,10166268440.0,155804.0,SP1909
2019-08-07,4492.0,4522.0,4462.0,4498.0,142198.0,6386627280.0,150992.0,SP1909
2019-08-08,4494.0,4552.0,4484.0,4528.0,159570.0,7211849680.0,136556.0,SP1909
2019-08-09,4552.0,4558.0,4510.0,4550.0,108746.0,4928321240.0,116372.0,SP1909
2019-08-12,4670.0,4756.0,4658.0,4730.0,345006.0,16271460040.0,184804.0,SP2001
2019-08-13,4724.0,4756.0,4688.0,4728.0,285084.0,13459727400.0,203646.0,SP2001
2019-08-14,4728.0,4778.0,4702.0,4734.0,435234.0,20620055640.0,218170.0,SP2001
2019-08-15,4726.0,4750.0,4632.0,4662.0,359458.0,16858579200.0,196992.0,SP2001
2019-08-16,4660.0,4698.0,4646.0,4680.0,239160.0,11178665120.0,198528.0,SP2001
2019-08-19,4680.0,4738.0,4656.0,4738.0,279038.0,13099868760.0,223154.0,SP2001
2019-08-20,4738.0,4748.0,4620.0,4648.0,447072.0,20961673800.0,215266.0,SP2001
2019-08-21,4650.0,4674.0,4610.0,4664.0,257030.0,11936072920.0,198628.0,SP2001
2019-08-22,4668.0,4672.0,4612.0,4620.0,187042.0,8675049080.0,205246.0,SP2001
2019-08-23,4626.0,4680.0,4602.0,4670.0,221270.0,10269917520.0,202862.0,SP2001
2019-08-26,4658.0,4794.0,4636.0,4786.0,521870.0,24606882480.0,260244.0,SP2001
2019-08-27,4790.0,4816.0,4728.0,4778.0,605060.0,28911834520.0,297408.0,SP2001
2019-08-28,4778.0,4798.0,4732.0,4772.0,436682.0,20819406800.0,311118.0,SP2001
2019-08-29,4768.0,4802.0,4742.0,4756.0,406626.0,19403209720.0,312242.0,SP2001
2019-08-30,4762.0,4768.0,4690.0,4700.0,466752.0,22035644280.0,279476.0,SP2001
2019-09-02,4702.0,4754.0,4700.0,4716.0,320780.0,15167196520.0,285860.0,SP2001
2019-09-03,4712.0,4746.0,4670.0,4742.0,384946.0,18114427400.0,271270.0,SP2001
2019-09-04,4738.0,4772.0,4722.0,4752.0,426322.0,20240544720.0,293362.0,SP2001
2019-09-05,4754.0,4782.0,4722.0,4726.0,450134.0,21412786920.0,297448.0,SP2001
2019-09-06,4728.0,4774.0,4706.0,4726.0,432570.0,20521430520.0,296318.0,SP2001
2019-09-09,4728.0,4786.0,4718.0,4772.0,357438.0,16982310280.0,313698.0,SP2001
2019-09-10,4770.0,4810.0,4728.0,4728.0,659808.0,31462019240.0,315310.0,SP2001
2019-09-11,4732.0,4744.0,4700.0,4710.0,328660.0,15512800640.0,314466.0,SP2001
2019-09-12,4712.0,4720.0,4688.0,4694.0,235056.0,11054861920.0,297968.0,SP2001
2019-09-16,4720.0,4776.0,4708.0,4758.0,313874.0,14904379480.0,294434.0,SP2001
2019-09-17,4764.0,4866.0,4756.0,4824.0,734676.0,35296845040.0,341560.0,SP2001
2019-09-18,4820.0,4834.0,4776.0,4800.0,454962.0,21852884600.0,349732.0,SP2001
2019-09-19,4802.0,4860.0,4782.0,4794.0,814242.0,39294296120.0,384286.0,SP2001
2019-09-20,4800.0,4810.0,4738.0,4760.0,489546.0,23322840720.0,345272.0,SP2001
2019-09-23,4766.0,4790.0,4754.0,4780.0,241544.0,11530575640.0,338896.0,SP2001
2019-09-24,4774.0,4818.0,4744.0,4754.0,469132.0,22438724800.0,322132.0,SP2001
2019-09-25,4760.0,4764.0,4720.0,4748.0,275282.0,13057457040.0,317606.0,SP2001
2019-09-26,4752.0,4762.0,4726.0,4738.0,258576.0,12264690800.0,305660.0,SP2001
2019-09-27,4742.0,4744.0,4620.0,4622.0,427480.0,19990257480.0,266978.0,SP2001
2019-09-30,4624.0,4676.0,4622.0,4652.0,173858.0,8095511720.0,246458.0,SP2001
2019-10-08,4640.0,4682.0,4602.0,4658.0,141178.0,6574650200.0,251544.0,SP2001
2019-10-09,4658.0,4710.0,4652.0,4702.0,218980.0,10259095960.0,254342.0,SP2001
2019-10-10,4702.0,4706.0,4674.0,4686.0,134232.0,6293334200.0,253980.0,SP2001
2019-10-11,4690.0,4692.0,4656.0,4688.0,215652.0,10076670120.0,257232.0,SP2001
2019-10-14,4684.0,4698.0,4628.0,4638.0,282216.0,13162761160.0,283576.0,SP2001
2019-10-15,4636.0,4656.0,4612.0,4646.0,198762.0,9213888480.0,273228.0,SP2001
2019-10-16,4648.0,4662.0,4602.0,4608.0,191234.0,8864083880.0,277222.0,SP2001
2019-10-17,4600.0,4628.0,4580.0,4596.0,195356.0,8991357680.0,281058.0,SP2001
2019-10-18,4598.0,4618.0,4588.0,4616.0,138188.0,6363341520.0,271170.0,SP2001
2019-10-21,4622.0,4634.0,4578.0,4582.0,161468.0,7437027720.0,273464.0,SP2001
2019-10-22,4580.0,4622.0,4538.0,4614.0,301838.0,13819051040.0,276082.0,SP2001
2019-10-23,4616.0,4642.0,4590.0,4632.0,179930.0,8308144560.0,269272.0,SP2001
2019-10-24,4628.0,4650.0,4622.0,4630.0,163618.0,7584706280.0,265992.0,SP2001
2019-10-25,4634.0,4644.0,4610.0,4630.0,119496.0,5527682640.0,258376.0,SP2001
2019-10-28,4630.0,4656.0,4596.0,4600.0,159342.0,7375849160.0,257054.0,SP2001
2019-10-29,4608.0,4646.0,4590.0,4646.0,172010.0,7956403600.0,255636.0,SP2001
2019-10-30,4640.0,4668.0,4632.0,4666.0,184404.0,8577800320.0,255872.0,SP2001
2019-10-31,4660.0,4674.0,4640.0,4646.0,135640.0,6317850080.0,248694.0,SP2001
2019-11-01,4646.0,4668.0,4608.0,4618.0,183748.0,8509546040.0,247340.0,SP2001
2019-11-04,4626.0,4642.0,4612.0,4640.0,116260.0,5381051280.0,238470.0,SP2001
2019-11-05,4636.0,4664.0,4628.0,4656.0,165444.0,7689293360.0,237592.0,SP2001
2019-11-06,4650.0,4658.0,4580.0,4582.0,241046.0,11121032520.0,249304.0,SP2001
2019-11-07,4590.0,4604.0,4572.0,4576.0,145670.0,6686212160.0,245096.0,SP2001
2019-11-08,4580.0,4612.0,4566.0,4588.0,179190.0,8219584040.0,234978.0,SP2001
2019-11-11,4584.0,4612.0,4560.0,4574.0,162450.0,7454409800.0,222348.0,SP2001
2019-11-12,4580.0,4586.0,4550.0,4562.0,196900.0,8992511680.0,227568.0,SP2001
2019-11-13,4564.0,4596.0,4560.0,4562.0,132208.0,6046142760.0,229894.0,SP2001
2019-11-14,4560.0,4578.0,4552.0,4556.0,114698.0,5234112400.0,230940.0,SP2001
2019-11-15,4554.0,4568.0,4524.0,4524.0,221646.0,10071501840.0,244718.0,SP2001
2019-11-18,4530.0,4554.0,4522.0,4530.0,165956.0,7528001320.0,252950.0,SP2001
2019-11-19,4528.0,4534.0,4484.0,4496.0,242054.0,10900895880.0,268046.0,SP2001
2019-11-20,4500.0,4520.0,4476.0,4478.0,211126.0,9492973720.0,264618.0,SP2001
2019-11-21,4478.0,4504.0,4476.0,4500.0,119134.0,5349180280.0,255000.0,SP2001
2019-11-22,4510.0,4540.0,4494.0,4500.0,177310.0,8000804560.0,243158.0,SP2001
2019-11-25,4502.0,4522.0,4496.0,4520.0,107246.0,4836532680.0,233906.0,SP2001
2019-11-26,4520.0,4532.0,4502.0,4512.0,137522.0,6213246640.0,226352.0,SP2001
2019-11-27,4518.0,4528.0,4500.0,4504.0,149088.0,6721969360.0,226316.0,SP2001
2019-11-28,4504.0,4520.0,4460.0,4484.0,222340.0,9980284400.0,232130.0,SP2001
2019-11-29,4492.0,4494.0,4436.0,4448.0,173802.0,7754019440.0,225364.0,SP2001
2019-12-02,4456.0,4456.0,4382.0,4396.0,233940.0,10318872840.0,212758.0,SP2001
2019-12-03,4398.0,4422.0,4392.0,4408.0,114978.0,5067216040.0,204364.0,SP2001
2019-12-04,4408.0,4416.0,4378.0,4404.0,124926.0,5494512600.0,199932.0,SP2001
2019-12-05,4400.0,4438.0,4400.0,4420.0,126872.0,5600021000.0,185922.0,SP2001
2019-12-06,4410.0,4426.0,4406.0,4412.0,71534.0,3158474240.0,180886.0,SP2001
2019-12-09,4402.0,4450.0,4402.0,4432.0,117688.0,5212230760.0,167616.0,SP2001
2019-12-10,4440.0,4442.0,4412.0,4424.0,69304.0,3066475400.0,159506.0,SP2001
2019-12-11,4428.0,4458.0,4420.0,4440.0,91530.0,4060312040.0,146504.0,SP2001
2019-12-12,4434.0,4456.0,4434.0,4446.0,82906.0,3683039400.0,136324.0,SP2001
2019-12-13,4446.0,4480.0,4438.0,4454.0,164154.0,7320760680.0,123092.0,SP2001
2019-12-16,4460.0,4466.0,4428.0,4442.0,119272.0,5302787080.0,116264.0,SP2001
2019-12-17,4438.0,4450.0,4430.0,4434.0,50516.0,2242695400.0,109652.0,SP2001
2019-12-18,4558.0,4572.0,4526.0,4534.0,159760.0,7268996680.0,212640.0,SP2005
2019-12-19,4530.0,4550.0,4528.0,4546.0,83840.0,3807179440.0,209924.0,SP2005
2019-12-20,4546.0,4556.0,4536.0,4544.0,97496.0,4432851040.0,214826.0,SP2005
2019-12-23,4548.0,4604.0,4526.0,4596.0,313870.0,14373996520.0,226352.0,SP2005
2019-12-24,4596.0,4608.0,4582.0,4594.0,192838.0,8860445160.0,240548.0,SP2005
2019-12-25,4596.0,4612.0,4584.0,4600.0,167970.0,7726114600.0,253774.0,SP2005
2019-12-26,4602.0,4624.0,4594.0,4602.0,157506.0,7263045600.0,258156.0,SP2005
2019-12-27,4600.0,4624.0,4590.0,4612.0,129100.0,5951775600.0,255944.0,SP2005
2019-12-30,4616.0,4634.0,4602.0,4622.0,160766.0,7423308880.0,254794.0,SP2005
2019-12-31,4626.0,4628.0,4596.0,4604.0,146438.0,6754695000.0,248960.0,SP2005
2020-01-02,4606.0,4632.0,4606.0,4610.0,51535.0,2380836660.0,124764.0,SP2005
2020-01-03,4610.0,4628.0,4600.0,4604.0,55630.0,2566411140.0,123234.0,SP2005
2020-01-06,4602.0,4608.0,4560.0,4566.0,87949.0,4028480880.0,123483.0,SP2005
2020-01-07,4566.0,4588.0,4562.0,4582.0,51299.0,2348003420.0,124322.0,SP2005
2020-01-08,4582.0,4680.0,4580.0,4660.0,209188.0,9707175120.0,141106.0,SP2005
2020-01-09,4660.0,4696.0,4642.0,4666.0,117867.0,5501145360.0,138661.0,SP2005
2020-01-10,4672.0,4692.0,4644.0,4652.0,96828.0,4514244080.0,142612.0,SP2005
2020-01-13,4648.0,4692.0,4642.0,4682.0,100358.0,4683968320.0,146486.0,SP2005
2020-01-14,4684.0,4696.0,4656.0,4666.0,83243.0,3886164760.0,143465.0,SP2005
2020-01-15,4670.0,4676.0,4652.0,4664.0,56772.0,2646997800.0,138936.0,SP2005
2020-01-16,4664.0,4708.0,4662.0,4672.0,136857.0,6410529800.0,139696.0,SP2005
2020-01-17,4672.0,4692.0,4662.0,4672.0,59852.0,2799517460.0,136056.0,SP2005
2020-01-20,4680.0,4740.0,4666.0,4738.0,100041.0,4702581860.0,141766.0,SP2005
2020-01-21,4734.0,4740.0,4628.0,4634.0,143226.0,6711413160.0,125547.0,SP2005
2020-01-22,4634.0,4636.0,4582.0,4602.0,115690.0,5324670400.0,122048.0,SP2005
2020-01-23,4602.0,4604.0,4522.0,4564.0,75460.0,3447768780.0,115030.0,SP2005
2020-02-03,4412.0,4428.0,4252.0,4390.0,98717.0,4314026540.0,106085.0,SP2005
2020-02-04,4390.0,4498.0,4384.0,4460.0,84153.0,3745554080.0,104117.0,SP2005
2020-02-05,4444.0,4494.0,4442.0,4462.0,41436.0,1853933460.0,103756.0,SP2005
2020-02-06,4464.0,4498.0,4462.0,4492.0,46527.0,2086581260.0,103333.0,SP2005
2020-02-07,4480.0,4496.0,4464.0,4474.0,32709.0,1465768360.0,102458.0,SP2005
2020-02-10,4464.0,4474.0,4438.0,4464.0,32907.0,1467819760.0,101778.0,SP2005
2020-02-11,4462.0,4490.0,4460.0,4486.0,29316.0,1313252320.0,101498.0,SP2005
2020-02-12,4488.0,4528.0,4472.0,4482.0,69232.0,3115572760.0,100181.0,SP2005
2020-02-13,4484.0,4506.0,4472.0,4488.0,29806.0,1338187700.0,99718.0,SP2005
2020-02-14,4488.0,4498.0,4474.0,4488.0,33054.0,1483466240.0,98278.0,SP2005
2020-02-17,4488.0,4518.0,4488.0,4512.0,44419.0,2002586160.0,97578.0,SP2005
2020-02-18,4510.0,4538.0,4496.0,4518.0,48396.0,2187960620.0,96861.0,SP2005
2020-02-19,4516.0,4542.0,4506.0,4530.0,40588.0,1836767500.0,96423.0,SP2005
2020-02-20,4534.0,4602.0,4532.0,4598.0,61008.0,2781472940.0,97487.0,SP2005
2020-02-21,4598.0,4630.0,4586.0,4606.0,74000.0,3409886620.0,98607.0,SP2005
2020-02-24,4600.0,4614.0,4522.0,4590.0,80583.0,3689296880.0,96434.0,SP2005
2020-02-25,4580.0,4610.0,4560.0,4576.0,70218.0,3219267660.0,101314.0,SP2005
2020-02-26,4566.0,4582.0,4538.0,4542.0,66149.0,3017660280.0,97402.0,SP2005
2020-02-27,4540.0,4552.0,4510.0,4510.0,63785.0,2887668160.0,95039.0,SP2005
2020-02-28,4508.0,4508.0,4454.0,4462.0,81438.0,3647005620.0,87326.0,SP2005
2020-03-02,4462.0,4526.0,4462.0,4492.0,64375.0,2900583860.0,87702.0,SP2005
2020-03-03,4502.0,4536.0,4500.0,4502.0,51852.0,2341401300.0,88577.0,SP2005
2020-03-04,4508.0,4528.0,4496.0,4506.0,38678.0,1744322340.0,89904.0,SP2005
2020-03-05,4504.0,4526.0,4498.0,4514.0,38754.0,1747853900.0,91152.0,SP2005
2020-03-06,4510.0,4610.0,4504.0,4566.0,158774.0,7259793280.0,99715.0,SP2005
2020-03-09,4506.0,4540.0,4394.0,4494.0,118229.0,5310454340.0,81111.0,SP2005
2020-03-10,4500.0,4576.0,4500.0,4558.0,81031.0,3686854780.0,82544.0,SP2005
2020-03-11,4552.0,4592.0,4546.0,4554.0,75807.0,3465992720.0,82398.0,SP2005
2020-03-12,4554.0,4560.0,4512.0,4532.0,60819.0,2755922940.0,77435.0,SP2005
2020-03-13,4518.0,4528.0,4470.0,4508.0,84262.0,3788282320.0,70328.0,SP2005
2020-03-16,4526.0,4582.0,4492.0,4492.0,83003.0,3768168800.0,69697.0,SP2005
2020-03-17,4484.0,4496.0,4450.0,4484.0,54130.0,2425006940.0,73438.0,SP2005
2020-03-18,4484.0,4530.0,4482.0,4492.0,66818.0,3009000960.0,72304.0,SP2005
2020-03-19,4502.0,4550.0,4452.0,4536.0,115092.0,5171269420.0,72561.0,SP2005
2020-03-20,4540.0,4556.0,4476.0,4482.0,85104.0,3837269360.0,72744.0,SP2005
2020-03-23,4476.0,4482.0,4434.0,4442.0,73343.0,3265701360.0,77267.0,SP2005
2020-03-24,4480.0,4508.0,4452.0,4486.0,65141.0,2916630680.0,72098.0,SP2005
2020-03-25,4526.0,4528.0,4486.0,4506.0,56185.0,2531826540.0,63659.0,SP2005
2020-03-26,4506.0,4542.0,4492.0,4532.0,71603.0,3239688000.0,59205.0,SP2005
2020-03-27,4542.0,4638.0,4532.0,4582.0,152095.0,6981185480.0,55689.0,SP2005
2020-03-30,4570.0,4588.0,4502.0,4518.0,76629.0,3477244560.0,46452.0,SP2005
2020-03-31,4576.0,4576.0,4504.0,4520.0,58148.0,2637778340.0,44713.0,SP2005
2020-04-01,4538.0,4544.0,4480.0,4494.0,64928.0,2927191020.0,42500.0,SP2005
2020-04-02,4494.0,4520.0,4474.0,4500.0,43939.0,1976266560.0,40020.0,SP2005
2020-04-03,4628.0,4644.0,4584.0,4596.0,60182.0,2772365640.0,46332.0,SP2009
2020-04-07,4606.0,4674.0,4606.0,4658.0,74619.0,3464872600.0,46291.0,SP2009
2020-04-08,4652.0,4694.0,4632.0,4634.0,83772.0,3905325500.0,51921.0,SP2009
2020-04-09,4642.0,4656.0,4608.0,4616.0,64542.0,2984486940.0,54390.0,SP2009
2020-04-10,4626.0,4636.0,4594.0,4610.0,59240.0,2732857280.0,57503.0,SP2009
2020-04-13,4628.0,4628.0,4586.0,4592.0,61085.0,2811789520.0,59563.0,SP2009
2020-04-14,4588.0,4624.0,4572.0,4610.0,52066.0,2396638820.0,58156.0,SP2009
2020-04-15,4608.0,4620.0,4594.0,4600.0,40734.0,1875997560.0,59484.0,SP2009
2020-04-16,4590.0,4616.0,4566.0,4608.0,75665.0,3473749460.0,58351.0,SP2009
2020-04-17,4616.0,4632.0,4604.0,4606.0,58646.0,2707706620.0,56561.0,SP2009
2020-04-20,4600.0,4608.0,4560.0,4574.0,51633.0,2364308320.0,66490.0,SP2009
2020-04-21,4572.0,4578.0,4480.0,4484.0,94870.0,4295921840.0,84188.0,SP2009
2020-04-22,4462.0,4544.0,4450.0,4514.0,80103.0,3606299900.0,81610.0,SP2009
2020-04-23,4512.0,4532.0,4492.0,4510.0,56246.0,2537183080.0,83621.0,SP2009
2020-04-24,4510.0,4526.0,4498.0,4504.0,36729.0,1656510340.0,82788.0,SP2009
2020-04-27,4514.0,4536.0,4472.0,4488.0,89407.0,4016732460.0,86095.0,SP2009
2020-04-28,4488.0,4514.0,4480.0,4494.0,52384.0,2354410600.0,82690.0,SP2009
2020-04-29,4496.0,4502.0,4466.0,4476.0,59495.0,2664549440.0,83948.0,SP2009
2020-04-30,4490.0,4524.0,4484.0,4512.0,42223.0,1904007000.0,74818.0,SP2009
2020-05-06,4500.0,4520.0,4452.0,4468.0,66355.0,2972415260.0,85945.0,SP2009
2020-05-07,4474.0,4498.0,4464.0,4468.0,62972.0,2819082120.0,91022.0,SP2009
2020-05-08,4468.0,4508.0,4466.0,4490.0,80778.0,3625434180.0,85349.0,SP2009
2020-05-11,4484.0,4492.0,4458.0,4478.0,69562.0,3111335200.0,92259.0,SP2009
2020-05-12,4490.0,4490.0,4434.0,4468.0,69386.0,3097580060.0,90009.0,SP2009
2020-05-13,4468.0,4480.0,4408.0,4418.0,91329.0,4053847720.0,104047.0,SP2009
2020-05-14,4416.0,4422.0,4370.0,4406.0,88069.0,3869218060.0,109401.0,SP2009
2020-05-15,4406.0,4428.0,4390.0,4422.0,60084.0,2650703320.0,101768.0,SP2009
2020-05-18,4414.0,4420.0,4396.0,4400.0,46898.0,2067253920.0,101673.0,SP2009
2020-05-19,4412.0,4440.0,4404.0,4418.0,61222.0,2707021860.0,100615.0,SP2009
2020-05-20,4412.0,4428.0,4412.0,4420.0,38195.0,1688334820.0,102021.0,SP2009
2020-05-21,4424.0,4458.0,4418.0,4446.0,77300.0,3431359220.0,100517.0,SP2009
2020-05-22,4446.0,4450.0,4376.0,4382.0,81436.0,3591393000.0,102557.0,SP2009
2020-05-25,4396.0,4408.0,4384.0,4406.0,53683.0,2359661900.0,100578.0,SP2009
2020-05-26,4400.0,4440.0,4398.0,4432.0,67243.0,2976150580.0,97164.0,SP2009
2020-05-27,4434.0,4440.0,4422.0,4432.0,31877.0,1412096080.0,95557.0,SP2009
2020-05-28,4432.0,4438.0,4400.0,4412.0,57544.0,2540263600.0,99536.0,SP2009
2020-05-29,4410.0,4412.0,4384.0,4386.0,52229.0,2295864480.0,108633.0,SP2009
2020-06-01,4386.0,4450.0,4378.0,4438.0,87259.0,3853733220.0,99794.0,SP2009
2020-06-02,4426.0,4438.0,4418.0,4420.0,42731.0,1891280500.0,99918.0,SP2009
2020-06-03,4418.0,4434.0,4396.0,4434.0,55931.0,2474449980.0,101304.0,SP2009
2020-06-04,4430.0,4466.0,4420.0,4454.0,121923.0,5419103620.0,107631.0,SP2009
2020-06-05,4454.0,4478.0,4440.0,4466.0,97428.0,4347363280.0,113047.0,SP2009
2020-06-08,4468.0,4476.0,4452.0,4458.0,59856.0,2669976100.0,111857.0,SP2009
2020-06-09,4458.0,4482.0,4444.0,4458.0,69474.0,3100628960.0,111963.0,SP2009
2020-06-10,4458.0,4470.0,4444.0,4452.0,45717.0,2035873580.0,110841.0,SP2009
2020-06-11,4452.0,4458.0,4400.0,4400.0,83634.0,3703627300.0,107581.0,SP2009
2020-06-12,4394.0,4416.0,4388.0,4396.0,73689.0,3242802460.0,107817.0,SP2009
2020-06-15,4400.0,4406.0,4344.0,4380.0,159984.0,6999483520.0,114298.0,SP2009
2020-06-16,4380.0,4418.0,4370.0,4416.0,77394.0,3400327480.0,109206.0,SP2009
2020-06-17,4416.0,4422.0,4396.0,4404.0,48647.0,2144964440.0,109189.0,SP2009
2020-06-18,4404.0,4412.0,4382.0,4390.0,48949.0,2152159140.0,111506.0,SP2009
2020-06-19,4398.0,4418.0,4384.0,4416.0,54753.0,2410351680.0,106888.0,SP2009
2020-06-22,4420.0,4434.0,4390.0,4394.0,51507.0,2272184260.0,106000.0,SP2009
2020-06-23,4400.0,4412.0,4392.0,4394.0,40158.0,1768166360.0,103436.0,SP2009
2020-06-24,4400.0,4404.0,4370.0,4398.0,67575.0,2965210920.0,102979.0,SP2009
2020-06-29,4396.0,4420.0,4384.0,4392.0,55257.0,2433591060.0,100955.0,SP2009
2020-06-30,4392.0,4414.0,4392.0,4400.0,41556.0,1830583600.0,102179.0,SP2009
2020-07-01,4404.0,4410.0,4396.0,4404.0,28884.0,1271491040.0,100673.0,SP2009
2020-07-02,4402.0,4418.0,4402.0,4418.0,52495.0,2315264620.0,104526.0,SP2009
2020-07-03,4420.0,4438.0,4418.0,4434.0,68243.0,3022690800.0,106794.0,SP2009
2020-07-06,4432.0,4448.0,4428.0,4438.0,48049.0,2131013840.0,109514.0,SP2009
2020-07-07,4440.0,4444.0,4412.0,4416.0,55756.0,2467568500.0,107332.0,SP2009
2020-07-08,4416.0,4432.0,4416.0,4424.0,35986.0,1591859600.0,107378.0,SP2009
2020-07-09,4424.0,4444.0,4418.0,4436.0,58333.0,2584636640.0,111683.0,SP2009
2020-07-10,4438.0,4440.0,4390.0,4392.0,91433.0,4035614180.0,106505.0,SP2009
2020-07-13,4394.0,4408.0,4378.0,4394.0,80215.0,3523635720.0,113498.0,SP2009
2020-07-14,4394.0,4410.0,4392.0,4398.0,47819.0,2104069260.0,107351.0,SP2009
2020-07-15,4398.0,4430.0,4394.0,4416.0,73595.0,3251058020.0,104779.0,SP2009
2020-07-16,4414.0,4428.0,4394.0,4394.0,57566.0,2540176920.0,101286.0,SP2009
2020-07-17,4400.0,4404.0,4382.0,4386.0,67908.0,2981925440.0,103992.0,SP2009
2020-07-20,4388.0,4414.0,4376.0,4410.0,69908.0,3075479740.0,101171.0,SP2009
2020-07-21,4410.0,4430.0,4406.0,4428.0,64310.0,2842363060.0,100662.0,SP2009
2020-07-22,4428.0,4466.0,4416.0,4446.0,130834.0,5807961780.0,119495.0,SP2009
2020-07-23,4440.0,4504.0,4434.0,4476.0,186316.0,8327242340.0,128697.0,SP2009
2020-07-24,4474.0,4502.0,4458.0,4480.0,117133.0,5249203620.0,126665.0,SP2009
2020-07-27,4480.0,4560.0,4476.0,4530.0,160013.0,7232151420.0,138676.0,SP2009
2020-07-28,4548.0,4548.0,4394.0,4440.0,162519.0,7284373020.0,109874.0,SP2009
2020-07-29,4448.0,4462.0,4422.0,4438.0,76045.0,3374017440.0,99041.0,SP2009
2020-07-30,4442.0,4446.0,4408.0,4410.0,56158.0,2485593280.0,91436.0,SP2009
2020-07-31,4418.0,4418.0,4392.0,4396.0,70953.0,3125621400.0,83091.0,SP2009
2020-08-03,4404.0,4406.0,4380.0,4390.0,45347.0,1992223040.0,79520.0,SP2009
2020-08-04,4390.0,4428.0,4388.0,4428.0,55468.0,2445198880.0,75259.0,SP2009
2020-08-05,4426.0,4444.0,4400.0,4402.0,51021.0,2256605140.0,71160.0,SP2009
2020-08-06,4410.0,4416.0,4396.0,4410.0,35692.0,1572634040.0,67684.0,SP2009
2020-08-07,4404.0,4470.0,4404.0,4466.0,84196.0,3736694140.0,60207.0,SP2009
2020-08-10,4460.0,4474.0,4424.0,4452.0,54340.0,2416915080.0,53515.0,SP2009
2020-08-11,4454.0,4486.0,4438.0,4466.0,54161.0,2414851120.0,48717.0,SP2009
2020-08-12,4572.0,4640.0,4532.0,4564.0,210684.0,9659656280.0,109008.0,SP2012
2020-08-13,4562.0,4596.0,4540.0,4584.0,84892.0,3881591260.0,112546.0,SP2012
2020-08-14,4584.0,4612.0,4554.0,4572.0,89288.0,4090996400.0,110950.0,SP2012
2020-08-17,4574.0,4578.0,4546.0,4576.0,56650.0,2584999140.0,110918.0,SP2012
2020-08-18,4578.0,4590.0,4548.0,4564.0,63405.0,2894657920.0,113252.0,SP2012
2020-08-19,4564.0,4572.0,4548.0,4552.0,59232.0,2700797180.0,115747.0,SP2012
2020-08-20,4560.0,4566.0,4534.0,4536.0,58609.0,2664691840.0,115845.0,SP2012
2020-08-21,4540.0,4640.0,4540.0,4626.0,186444.0,8567836080.0,144514.0,SP2012
2020-08-24,4618.0,4674.0,4606.0,4646.0,220817.0,10235851260.0,160542.0,SP2012
2020-08-25,4642.0,4652.0,4622.0,4650.0,92890.0,4305299700.0,162679.0,SP2012
2020-08-26,4650.0,4714.0,4630.0,4710.0,162183.0,7570049140.0,184315.0,SP2012
2020-08-27,4706.0,4788.0,4676.0,4746.0,299103.0,14155350020.0,190884.0,SP2012
2020-08-28,4738.0,4798.0,4726.0,4796.0,197420.0,9401111000.0,199433.0,SP2012
2020-08-31,4796.0,4998.0,4790.0,4978.0,523199.0,25707787660.0,226477.0,SP2012
2020-09-01,4980.0,5020.0,4912.0,4936.0,502283.0,24967607380.0,229468.0,SP2012
2020-09-02,4944.0,5028.0,4910.0,4914.0,401898.0,19909218120.0,230730.0,SP2012
2020-09-03,4916.0,4930.0,4802.0,4828.0,441679.0,21488106460.0,218661.0,SP2012
2020-09-04,4832.0,4892.0,4764.0,4854.0,414604.0,20059759640.0,207065.0,SP2012
2020-09-07,4860.0,4898.0,4802.0,4826.0,354806.0,17184446380.0,205742.0,SP2012
2020-09-08,4832.0,4888.0,4826.0,4880.0,247156.0,12006755520.0,208827.0,SP2012
2020-09-09,4856.0,4872.0,4708.0,4764.0,312965.0,15025891480.0,181631.0,SP2012
2020-09-10,4774.0,4812.0,4730.0,4788.0,246654.0,11769200640.0,176753.0,SP2012
2020-09-11,4788.0,4830.0,4750.0,4784.0,232536.0,11132320540.0,176826.0,SP2012
2020-09-14,4786.0,4850.0,4742.0,4848.0,270408.0,12966813520.0,187769.0,SP2012
2020-09-15,4844.0,4866.0,4736.0,4744.0,308730.0,14853048220.0,182355.0,SP2012
2020-09-16,4748.0,4768.0,4694.0,4734.0,245623.0,11619581340.0,172373.0,SP2012
2020-09-17,4742.0,4754.0,4688.0,4698.0,145012.0,6849774620.0,172555.0,SP2012
2020-09-18,4696.0,4740.0,4676.0,4716.0,176471.0,8315322960.0,172326.0,SP2012
2020-09-21,4712.0,4766.0,4704.0,4730.0,190104.0,8996016260.0,176977.0,SP2012
2020-09-22,4730.0,4732.0,4646.0,4684.0,197308.0,9254468660.0,169328.0,SP2012
2020-09-23,4690.0,4736.0,4652.0,4674.0,204470.0,9611607120.0,164742.0,SP2012
2020-09-24,4680.0,4688.0,4640.0,4662.0,133315.0,6221562860.0,154803.0,SP2012
2020-09-25,4660.0,4718.0,4648.0,4698.0,160778.0,7528736540.0,142368.0,SP2012
2020-09-28,4700.0,4704.0,4630.0,4632.0,140206.0,6536821080.0,138877.0,SP2012
2020-09-29,4640.0,4642.0,4570.0,4576.0,137856.0,6341043640.0,128802.0,SP2012
2020-09-30,4576.0,4588.0,4542.0,4576.0,99191.0,4533390780.0,113860.0,SP2012
2020-10-09,4608.0,4624.0,4556.0,4590.0,67001.0,3080283100.0,114529.0,SP2012
2020-10-12,4590.0,4700.0,4588.0,4692.0,136500.0,6346469580.0,114500.0,SP2012
2020-10-13,4694.0,4734.0,4672.0,4704.0,142291.0,6691035700.0,113984.0,SP2012
2020-10-14,4704.0,4708.0,4658.0,4682.0,94444.0,4418214400.0,114752.0,SP2012
2020-10-15,4688.0,4726.0,4680.0,4682.0,130683.0,6144131860.0,118445.0,SP2012
2020-10-16,4676.0,4752.0,4656.0,4746.0,161457.0,7600577020.0,123288.0,SP2012
2020-10-19,4746.0,4780.0,4718.0,4742.0,160860.0,7627364200.0,125460.0,SP2012
2020-10-20,4740.0,4760.0,4724.0,4740.0,74850.0,3547204000.0,124020.0,SP2012
2020-10-21,4742.0,4754.0,4690.0,4706.0,119440.0,5631137200.0,123249.0,SP2012
2020-10-22,4704.0,4726.0,4606.0,4608.0,169488.0,7891318640.0,122081.0,SP2012
2020-10-23,4608.0,4630.0,4596.0,4608.0,85424.0,3943217200.0,118449.0,SP2012
2020-10-26,4608.0,4626.0,4584.0,4604.0,78254.0,3607978480.0,115660.0,SP2012
2020-10-27,4608.0,4620.0,4590.0,4614.0,66830.0,3079328980.0,112447.0,SP2012
2020-10-28,4618.0,4644.0,4566.0,4578.0,120501.0,5546101000.0,110386.0,SP2012
2020-10-29,4568.0,4588.0,4562.0,4574.0,69915.0,3198734840.0,106339.0,SP2012
2020-10-30,4564.0,4574.0,4524.0,4530.0,122750.0,5586926900.0,101144.0,SP2012
2020-11-02,4530.0,4538.0,4446.0,4480.0,143353.0,6430729460.0,90884.0,SP2012
2020-11-03,4490.0,4560.0,4484.0,4528.0,90584.0,4101976620.0,76298.0,SP2012
2020-11-04,4530.0,4546.0,4522.0,4532.0,48948.0,2219596960.0,72717.0,SP2012
2020-11-05,4532.0,4548.0,4504.0,4518.0,86200.0,3903665720.0,72934.0,SP2012
2020-11-06,4528.0,4660.0,4512.0,4644.0,164780.0,7549283900.0,60951.0,SP2012
2020-11-09,4630.0,4676.0,4586.0,4630.0,144652.0,6712173000.0,48466.0,SP2012
2020-11-10,4636.0,4674.0,4630.0,4670.0,58856.0,2737221340.0,44054.0,SP2012
2020-11-11,4670.0,4708.0,4652.0,4664.0,58049.0,2714860320.0,42685.0,SP2012
2020-11-12,4732.0,4748.0,4712.0,4740.0,72858.0,3449786020.0,84943.0,SP2101
2020-11-13,4734.0,4794.0,4728.0,4782.0,124179.0,5914438300.0,97093.0,SP2101
2020-11-16,4778.0,4820.0,4752.0,4814.0,99623.0,4769343680.0,105160.0,SP2101
2020-11-17,4814.0,4888.0,4806.0,4854.0,150268.0,7275143320.0,116617.0,SP2101
2020-11-18,4854.0,4962.0,4778.0,4802.0,280311.0,13655535680.0,129278.0,SP2101
2020-11-19,4810.0,4826.0,4774.0,4806.0,123623.0,5937951800.0,123290.0,SP2101
2020-11-20,4806.0,4864.0,4794.0,4826.0,118765.0,5737869220.0,121543.0,SP2101
2020-11-23,4818.0,4872.0,4796.0,4842.0,137779.0,6669321240.0,115658.0,SP2101
2020-11-24,4842.0,4876.0,4824.0,4856.0,107194.0,5195330280.0,108632.0,SP2101
2020-11-25,4860.0,4880.0,4844.0,4850.0,102732.0,4997276180.0,104441.0,SP2101
2020-11-26,4864.0,4904.0,4836.0,4884.0,121265.0,5917118160.0,103992.0,SP2101
2020-11-27,4880.0,4908.0,4846.0,4876.0,100179.0,4878869020.0,98748.0,SP2101
2020-11-30,4888.0,4918.0,4794.0,4800.0,158227.0,7686653460.0,85820.0,SP2101
2020-12-01,4800.0,4850.0,4782.0,4846.0,82502.0,3974716460.0,73252.0,SP2101
2020-12-02,4846.0,4896.0,4832.0,4876.0,102582.0,4997407440.0,64159.0,SP2101
2020-12-03,4872.0,4908.0,4862.0,4896.0,75436.0,3682121820.0,60436.0,SP2101
2020-12-04,4908.0,4924.0,4862.0,4896.0,60958.0,2985517920.0,57689.0,SP2101
2020-12-07,4894.0,5106.0,4888.0,5026.0,118609.0,5933240820.0,50996.0,SP2101
2020-12-08,5092.0,5142.0,5064.0,5134.0,115548.0,5902627480.0,133138.0,SP2103
2020-12-09,5128.0,5220.0,5100.0,5176.0,203741.0,10529620280.0,145143.0,SP2103
2020-12-10,5176.0,5256.0,5146.0,5210.0,168821.0,8774048100.0,148823.0,SP2103
2020-12-11,5206.0,5240.0,5160.0,5240.0,175256.0,9109644380.0,152518.0,SP2103
2020-12-14,5244.0,5298.0,5182.0,5200.0,165450.0,8654184280.0,153100.0,SP2103
2020-12-15,5202.0,5226.0,5168.0,5210.0,101044.0,5255643620.0,152306.0,SP2103
2020-12-16,5214.0,5246.0,5154.0,5184.0,178023.0,9270740780.0,154694.0,SP2103
2020-12-17,5192.0,5228.0,5182.0,5196.0,87959.0,4576163080.0,150364.0,SP2103
2020-12-18,5196.0,5296.0,5182.0,5268.0,171430.0,8985534260.0,154357.0,SP2103
2020-12-21,5276.0,5344.0,5246.0,5312.0,158065.0,8364526320.0,154588.0,SP2103
2020-12-22,5312.0,5370.0,5236.0,5266.0,176070.0,9301141920.0,137083.0,SP2103
2020-12-23,5268.0,5440.0,5268.0,5410.0,288566.0,15512653400.0,161805.0,SP2103
2020-12-24,5410.0,5432.0,5362.0,5396.0,159855.0,8623957820.0,145594.0,SP2103
2020-12-25,5402.0,5644.0,5400.0,5572.0,327927.0,18135142700.0,157978.0,SP2103
2020-12-28,5570.0,5598.0,5500.0,5530.0,187308.0,10414126160.0,148620.0,SP2103
2020-12-29,5530.0,5692.0,5450.0,5472.0,411232.0,22906459820.0,148564.0,SP2103
2020-12-30,5484.0,5600.0,5450.0,5584.0,269754.0,14909773740.0,146644.0,SP2103
2020-12-31,5586.0,5748.0,5586.0,5746.0,403465.0,22993210520.0,155921.0,SP2103
2021-01-04,5750.0,5788.0,5686.0,5738.0,185935.0,10674134320.0,150171.0,SP2103
2021-01-05,5742.0,5952.0,5724.0,5888.0,385690.0,22588518240.0,158990.0,SP2103
2021-01-06,5898.0,5960.0,5872.0,5950.0,306781.0,18180761120.0,160574.0,SP2103
2021-01-07,5966.0,6136.0,5962.0,6132.0,384821.0,23302176460.0,166710.0,SP2103
2021-01-08,6130.0,6356.0,6002.0,6100.0,764976.0,47128214560.0,155413.0,SP2103
2021-01-11,6116.0,6248.0,5914.0,5958.0,644710.0,39302465620.0,137414.0,SP2103
2021-01-12,5958.0,6232.0,5896.0,6226.0,518402.0,31358270960.0,156125.0,SP2103
2021-01-13,6220.0,6308.0,6132.0,6160.0,637896.0,39688933540.0,153912.0,SP2103
2021-01-14,6184.0,6274.0,6082.0,6164.0,512629.0,31617459980.0,145570.0,SP2103
2021-01-15,6150.0,6336.0,6150.0,6300.0,518179.0,32409483980.0,151969.0,SP2103
2021-01-18,6300.0,6446.0,6258.0,6438.0,524122.0,33360005620.0,179816.0,SP2103
2021-01-19,6430.0,6438.0,6202.0,6220.0,562348.0,35417316180.0,147449.0,SP2103
2021-01-20,6236.0,6294.0,6208.0,6248.0,356245.0,22259609560.0,141996.0,SP2103
2021-01-21,6252.0,6326.0,6180.0,6310.0,442351.0,27693269220.0,138964.0,SP2103
2021-01-22,6310.0,6336.0,6242.0,6288.0,322279.0,20248644040.0,139004.0,SP2103
2021-01-25,6280.0,6418.0,6232.0,6368.0,517046.0,32801249540.0,156073.0,SP2103
2021-01-26,6366.0,6530.0,6350.0,6504.0,524952.0,33922387520.0,178552.0,SP2103
2021-01-27,6502.0,6596.0,6480.0,6588.0,530561.0,34694423120.0,186218.0,SP2103
2021-01-28,6586.0,6616.0,6472.0,6522.0,570524.0,37245545200.0,162630.0,SP2103
2021-01-29,6526.0,6746.0,6524.0,6702.0,636244.0,42326207200.0,176334.0,SP2103
2021-02-01,6700.0,6778.0,6622.0,6712.0,460826.0,30876080260.0,150303.0,SP2103
2021-02-02,6720.0,6738.0,6636.0,6712.0,354679.0,23705370880.0,149209.0,SP2103
2021-02-03,6710.0,6756.0,6396.0,6448.0,605296.0,39775194480.0,115489.0,SP2103
2021-02-04,6448.0,6598.0,6426.0,6586.0,379772.0,24680953720.0,103225.0,SP2103
2021-02-05,6580.0,6640.0,6534.0,6624.0,291373.0,19225354480.0,97673.0,SP2103
2021-02-08,6576.0,6632.0,6456.0,6626.0,445723.0,29157233420.0,165074.0,SP2105
2021-02-09,6608.0,6786.0,6588.0,6726.0,458768.0,30671228140.0,175647.0,SP2105
2021-02-10,6724.0,6836.0,6684.0,6810.0,343069.0,23180414860.0,175726.0,SP2105
2021-02-18,6880.0,6916.0,6728.0,6820.0,236201.0,16115687500.0,182822.0,SP2105
2021-02-19,6820.0,7002.0,6802.0,6972.0,440742.0,30538583480.0,212270.0,SP2105
2021-02-22,6972.0,7034.0,6870.0,6942.0,473848.0,32880362520.0,209033.0,SP2105
2021-02-23,6942.0,7340.0,6878.0,7234.0,746617.0,53350541920.0,218380.0,SP2105
2021-02-24,7234.0,7310.0,7196.0,7286.0,480476.0,34866576300.0,222281.0,SP2105
2021-02-25,7304.0,7536.0,7220.0,7476.0,559215.0,41223133640.0,213969.0,SP2105
2021-02-26,7470.0,7526.0,7338.0,7466.0,524674.0,38998588600.0,214787.0,SP2105
2021-03-01,7448.0,7652.0,7396.0,7488.0,645364.0,48473166980.0,212949.0,SP2105
2021-03-02,7496.0,7510.0,7094.0,7256.0,845862.0,61674770840.0,193343.0,SP2105
2021-03-03,7288.0,7608.0,7286.0,7410.0,1001696.0,74720790480.0,192378.0,SP2105
2021-03-04,7438.0,7446.0,7322.0,7352.0,625218.0,46109971220.0,185745.0,SP2105
2021-03-05,7332.0,7352.0,7114.0,7286.0,753854.0,54589304020.0,179888.0,SP2105
2021-03-08,7312.0,7440.0,7128.0,7232.0,758728.0,54977646700.0,181793.0,SP2105
2021-03-09,7228.0,7396.0,7104.0,7218.0,806610.0,58672582700.0,180621.0,SP2105
2021-03-10,7250.0,7382.0,7160.0,7236.0,866514.0,62829583960.0,186828.0,SP2105
2021-03-11,7268.0,7336.0,7140.0,7260.0,826726.0,59680996380.0,194430.0,SP2105
2021-03-12,7286.0,7368.0,7218.0,7312.0,684789.0,49903441140.0,192582.0,SP2105
2021-03-15,7318.0,7406.0,7178.0,7240.0,751654.0,54720393180.0,194525.0,SP2105
2021-03-16,7250.0,7266.0,7006.0,7144.0,922894.0,65799616700.0,209606.0,SP2105
2021-03-17,7144.0,7250.0,7128.0,7248.0,520382.0,37390675800.0,211852.0,SP2105
2021-03-18,7230.0,7348.0,7220.0,7338.0,526142.0,38341975780.0,218241.0,SP2105
2021-03-19,7314.0,7320.0,7024.0,7058.0,737639.0,52835630200.0,201944.0,SP2105
2021-03-22,7068.0,7260.0,7020.0,7234.0,698621.0,49900188200.0,188788.0,SP2105
2021-03-23,7232.0,7248.0,7140.0,7180.0,497989.0,35802971900.0,177925.0,SP2105
2021-03-24,7148.0,7208.0,7034.0,7178.0,636688.0,45422215720.0,169498.0,SP2105
2021-03-25,7184.0,7216.0,7050.0,7052.0,482881.0,34397817420.0,175192.0,SP2105
2021-03-26,7040.0,7086.0,6826.0,7076.0,685697.0,47847693360.0,160980.0,SP2105
2021-03-29,7076.0,7120.0,7010.0,7014.0,511540.0,36057641800.0,163161.0,SP2105
2021-03-30,7020.0,7022.0,6730.0,6798.0,703736.0,48310805700.0,160282.0,SP2105
2021-03-31,6780.0,6846.0,6590.0,6630.0,615687.0,41615819620.0,150900.0,SP2105
2021-04-01,6630.0,7004.0,6626.0,6984.0,532234.0,36305181120.0,131754.0,SP2105
2021-04-02,6998.0,7228.0,6944.0,7106.0,733096.0,51946584600.0,104633.0,SP2105
2021-04-06,6988.0,7284.0,6988.0,7212.0,298908.0,21458338740.0,101306.0,SP2105
2021-04-07,7210.0,7286.0,7178.0,7254.0,315225.0,22844942980.0,103926.0,SP2105
2021-04-08,7254.0,7276.0,7194.0,7224.0,218277.0,15791103540.0,100527.0,SP2105
2021-04-09,7250.0,7262.0,7126.0,7154.0,311004.0,22297680460.0,92916.0,SP2105
2021-04-12,7160.0,7200.0,7000.0,7034.0,278878.0,19783501000.0,84474.0,SP2105
2021-04-13,7058.0,7428.0,7022.0,7354.0,371443.0,26967226480.0,93359.0,SP2105
2021-04-14,7354.0,7382.0,7298.0,7328.0,170649.0,12526282120.0,82129.0,SP2105
2021-04-15,7200.0,7204.0,7038.0,7104.0,438528.0,31198760760.0,169842.0,SP2106
2021-04-16,7112.0,7308.0,7112.0,7272.0,438744.0,31690525360.0,183184.0,SP2106
2021-04-19,7272.0,7414.0,7210.0,7334.0,456004.0,33325025880.0,190703.0,SP2106
2021-04-20,7334.0,7348.0,7254.0,7326.0,273626.0,19964693960.0,189979.0,SP2106
2021-04-21,7310.0,7316.0,7128.0,7196.0,377219.0,27220711740.0,176138.0,SP2106
2021-04-22,7186.0,7222.0,7080.0,7136.0,376036.0,26852819220.0,176975.0,SP2106
2021-04-23,7136.0,7164.0,7070.0,7122.0,340507.0,24225275660.0,171058.0,SP2106
2021-04-26,7118.0,7240.0,7092.0,7224.0,384469.0,27577533460.0,167233.0,SP2106
2021-04-27,7248.0,7248.0,7164.0,7196.0,271142.0,19537976000.0,157167.0,SP2106
2021-04-28,7196.0,7276.0,7186.0,7220.0,285531.0,20646523940.0,145254.0,SP2106
2021-04-29,7206.0,7244.0,7096.0,7146.0,275779.0,19787566960.0,132707.0,SP2106
2021-04-30,7180.0,7192.0,7094.0,7140.0,268494.0,19191133840.0,111863.0,SP2106
2021-05-06,7140.0,7286.0,6994.0,7230.0,345748.0,24620464120.0,103697.0,SP2106
2021-05-07,7178.0,7412.0,7178.0,7384.0,436807.0,32073029160.0,111753.0,SP2106
2021-05-10,7384.0,7500.0,7302.0,7384.0,314863.0,23283532520.0,106388.0,SP2106
2021-05-11,7384.0,7388.0,7256.0,7332.0,257102.0,18858692940.0,96569.0,SP2106
2021-05-12,7332.0,7364.0,7270.0,7328.0,186916.0,13685873940.0,88610.0,SP2106
2021-05-13,7320.0,7336.0,7146.0,7222.0,315159.0,22850959540.0,71720.0,SP2106
2021-05-14,7222.0,7284.0,6948.0,7022.0,292620.0,20793806060.0,61638.0,SP2106
2021-05-17,7022.0,7142.0,7006.0,7042.0,164572.0,11637195020.0,57672.0,SP2106
2021-05-18,7042.0,7084.0,6972.0,7058.0,116368.0,8185919900.0,52486.0,SP2106
2021-05-19,7042.0,7078.0,6950.0,7016.0,129808.0,9102948760.0,49280.0,SP2106
2021-05-20,7008.0,7038.0,6806.0,6954.0,180016.0,12470087100.0,45196.0,SP2106
2021-05-21,6830.0,6850.0,6710.0,6738.0,235635.0,15959878400.0,137511.0,SP2107
2021-05-24,6738.0,6782.0,6530.0,6602.0,397357.0,26484423220.0,138637.0,SP2107
2021-05-25,6602.0,6642.0,6442.0,6468.0,351708.0,22989332100.0,142776.0,SP2107
2021-05-26,6468.0,6516.0,6280.0,6294.0,367464.0,23546517280.0,139547.0,SP2107
2021-05-27,6300.0,6360.0,6020.0,6020.0,445416.0,27589274080.0,145674.0,SP2107
2021-05-28,5930.0,6300.0,5920.0,6248.0,707276.0,43555542740.0,114285.0,SP2107
2021-05-31,6228.0,6308.0,6180.0,6276.0,334601.0,20925410460.0,110860.0,SP2107
2021-06-01,6260.0,6286.0,6166.0,6208.0,272544.0,16974286740.0,110074.0,SP2107
2021-06-02,6246.0,6252.0,6042.0,6168.0,440168.0,27102291420.0,105891.0,SP2107
2021-06-03,6198.0,6198.0,6030.0,6038.0,331507.0,20226976080.0,116879.0,SP2107
2021-06-04,6000.0,6256.0,5990.0,6232.0,395738.0,24317711840.0,99407.0,SP2107
2021-06-07,6230.0,6288.0,6176.0,6234.0,264407.0,16481131560.0,94684.0,SP2107
2021-06-08,6234.0,6256.0,6094.0,6116.0,283316.0,17521034500.0,89621.0,SP2107
2021-06-09,6118.0,6198.0,5982.0,6074.0,319400.0,19416509800.0,81830.0,SP2107
2021-06-10,6210.0,6210.0,6078.0,6166.0,208292.0,12777282900.0,64571.0,SP2107
2021-06-11,6166.0,6220.0,6116.0,6196.0,168381.0,10384899400.0,59673.0,SP2107
2021-06-15,6196.0,6296.0,5960.0,6050.0,191159.0,11644846380.0,56251.0,SP2107
2021-06-16,5872.0,5970.0,5856.0,5874.0,221509.0,13127530000.0,143733.0,SP2109
2021-06-17,5880.0,5918.0,5810.0,5844.0,322440.0,18900665240.0,152985.0,SP2109
2021-06-18,5820.0,5838.0,5674.0,5704.0,396876.0,22771071520.0,171832.0,SP2109
2021-06-21,5732.0,5756.0,5660.0,5722.0,242185.0,13858883400.0,168495.0,SP2109
2021-06-22,5700.0,5882.0,5674.0,5882.0,352206.0,20257332480.0,159240.0,SP2109
2021-06-23,5892.0,5988.0,5820.0,5970.0,327077.0,19292651320.0,147138.0,SP2109
2021-06-24,5970.0,6126.0,5970.0,6098.0,338837.0,20574208360.0,140747.0,SP2109
2021-06-25,6094.0,6148.0,6042.0,6086.0,261824.0,15975562820.0,139418.0,SP2109
2021-06-28,6086.0,6194.0,6022.0,6158.0,335037.0,20413312020.0,151279.0,SP2109
2021-06-29,6158.0,6162.0,6032.0,6100.0,246771.0,15054434420.0,147470.0,SP2109
2021-06-30,6122.0,6198.0,6060.0,6188.0,332260.0,20393796640.0,160268.0,SP2109
2021-07-01,6196.0,6208.0,6118.0,6168.0,225540.0,13901754020.0,156989.0,SP2109
2021-07-02,6180.0,6246.0,6136.0,6188.0,318857.0,19710592240.0,161313.0,SP2109
2021-07-05,6222.0,6264.0,6116.0,6228.0,310862.0,19260708840.0,164823.0,SP2109
2021-07-06,6236.0,6256.0,6172.0,6192.0,221470.0,13746406580.0,164626.0,SP2109
2021-07-07,6192.0,6216.0,6068.0,6208.0,306975.0,18853772040.0,157157.0,SP2109
2021-07-08,6208.0,6302.0,6176.0,6244.0,386978.0,24110044540.0,164517.0,SP2109
2021-07-09,6226.0,6430.0,6212.0,6418.0,404553.0,25690483640.0,193738.0,SP2109
2021-07-12,6430.0,6522.0,6404.0,6440.0,342010.0,22067143040.0,192885.0,SP2109
2021-07-13,6440.0,6486.0,6348.0,6352.0,250354.0,16058172060.0,186524.0,SP2109
2021-07-14,6352.0,6400.0,6310.0,6360.0,278837.0,17740021580.0,181296.0,SP2109
2021-07-15,6374.0,6386.0,6294.0,6356.0,240284.0,15261507140.0,181073.0,SP2109
2021-07-16,6350.0,6440.0,6324.0,6374.0,248283.0,15819735120.0,185029.0,SP2109
2021-07-19,6360.0,6624.0,6358.0,6608.0,363974.0,23662499100.0,201030.0,SP2109
2021-07-20,6580.0,6596.0,6200.0,6262.0,433659.0,27589709320.0,158612.0,SP2109
2021-07-21,6262.0,6390.0,6256.0,6358.0,296288.0,18733384800.0,153254.0,SP2109
2021-07-22,6360.0,6394.0,6314.0,6354.0,202630.0,12879121180.0,150412.0,SP2109
2021-07-23,6366.0,6370.0,6134.0,6232.0,458368.0,28518069560.0,151227.0,SP2109
2021-07-26,6232.0,6264.0,6108.0,6114.0,268219.0,16603009540.0,148276.0,SP2109
2021-07-27,6134.0,6188.0,6084.0,6110.0,254401.0,15613352960.0,142146.0,SP2109
2021-07-28,6130.0,6228.0,6086.0,6146.0,305637.0,18794679600.0,127746.0,SP2109
2021-07-29,6170.0,6270.0,6148.0,6240.0,224426.0,13926156080.0,124826.0,SP2109
2021-07-30,6226.0,6298.0,6216.0,6230.0,210736.0,13177491960.0,115324.0,SP2109
2021-08-02,6248.0,6248.0,6056.0,6076.0,280959.0,17240756880.0,109984.0,SP2109
2021-08-03,6080.0,6156.0,6002.0,6126.0,258692.0,15682726160.0,107363.0,SP2109
2021-08-04,6128.0,6380.0,6104.0,6366.0,332778.0,20861243380.0,113151.0,SP2109
2021-08-05,6342.0,6398.0,6296.0,6370.0,250725.0,15932205400.0,114011.0,SP2109
2021-08-06,6374.0,6402.0,6316.0,6340.0,184935.0,11747593440.0,112523.0,SP2109
2021-08-09,6310.0,6394.0,6268.0,6332.0,250050.0,15829085220.0,108287.0,SP2109
2021-08-10,6300.0,6470.0,6300.0,6344.0,262944.0,16745473500.0,106670.0,SP2109
2021-08-11,6360.0,6384.0,6302.0,6356.0,140436.0,8910671700.0,100757.0,SP2109
2021-08-12,6360.0,6396.0,6308.0,6352.0,132519.0,8420502860.0,97300.0,SP2109
2021-08-13,6360.0,6432.0,6316.0,6360.0,182556.0,11631623020.0,95588.0,SP2109
2021-08-16,6360.0,6486.0,6354.0,6474.0,166498.0,10695652780.0,92893.0,SP2109
2021-08-17,6472.0,6472.0,6226.0,6366.0,209299.0,13298410940.0,72498.0,SP2109
2021-08-18,6352.0,6406.0,6300.0,6324.0,124556.0,7914887820.0,65894.0,SP2109
2021-08-19,6310.0,6384.0,6294.0,6382.0,106218.0,6735216120.0,62820.0,SP2109
2021-08-20,6358.0,6374.0,6230.0,6282.0,128203.0,8075014240.0,56215.0,SP2109
2021-08-23,6184.0,6212.0,6086.0,6134.0,195482.0,12022833020.0,128883.0,SP2110
2021-08-24,6132.0,6198.0,6124.0,6174.0,158577.0,9782440920.0,131175.0,SP2110
2021-08-25,6152.0,6176.0,6092.0,6116.0,191015.0,11722305700.0,136441.0,SP2110
2021-08-26,6116.0,6118.0,6006.0,6058.0,251155.0,15230688100.0,138658.0,SP2110
2021-08-27,6058.0,6112.0,6012.0,6074.0,169622.0,10277223660.0,128782.0,SP2110
2021-08-30,6074.0,6146.0,6034.0,6068.0,200670.0,12218134180.0,121547.0,SP2110
2021-08-31,6098.0,6116.0,5988.0,6000.0,167804.0,10184429040.0,120272.0,SP2110
2021-09-01,6000.0,6016.0,5912.0,5930.0,205155.0,12224646400.0,119856.0,SP2110
2021-09-02,5934.0,6152.0,5924.0,6132.0,233683.0,14148732380.0,106782.0,SP2110
2021-09-03,6114.0,6230.0,6114.0,6216.0,163521.0,10093731980.0,99263.0,SP2110
2021-09-06,6238.0,6280.0,6174.0,6218.0,144445.0,8975469560.0,96086.0,SP2110
2021-09-07,6218.0,6230.0,6160.0,6214.0,110782.0,6870536180.0,92862.0,SP2110
2021-09-08,6228.0,6228.0,6152.0,6184.0,109731.0,6788912460.0,90092.0,SP2110
2021-09-09,6194.0,6214.0,6124.0,6202.0,128148.0,7909396820.0,82888.0,SP2110
2021-09-10,6202.0,6396.0,6192.0,6330.0,244918.0,15422936880.0,83157.0,SP2110
2021-09-13,6326.0,6346.0,6130.0,6184.0,177451.0,11083539700.0,74323.0,SP2110
2021-09-14,6202.0,6278.0,6190.0,6220.0,120292.0,7495736460.0,72181.0,SP2110
2021-09-15,6220.0,6330.0,6212.0,6276.0,137419.0,8605503220.0,74392.0,SP2110
2021-09-16,6264.0,6322.0,6106.0,6112.0,149863.0,9350096600.0,72282.0,SP2110
2021-09-17,6114.0,6300.0,6040.0,6298.0,168071.0,10281414080.0,69701.0,SP2110
2021-09-22,6222.0,6350.0,6222.0,6302.0,89762.0,5660407020.0,66797.0,SP2110
2021-09-23,6278.0,6320.0,6204.0,6270.0,98030.0,6152587300.0,62192.0,SP2110
2021-09-24,6280.0,6292.0,6130.0,6194.0,95771.0,5956344460.0,57930.0,SP2110
2021-09-27,5786.0,5910.0,5754.0,5844.0,194692.0,11383691020.0,128023.0,SP2111
2021-09-28,5812.0,5860.0,5708.0,5726.0,200712.0,11612350180.0,128277.0,SP2111
2021-09-29,5744.0,5776.0,5712.0,5756.0,131777.0,7571411340.0,114283.0,SP2111
2021-09-30,5756.0,5832.0,5650.0,5806.0,193789.0,11146206480.0,96781.0,SP2111
2021-10-08,5806.0,5906.0,5776.0,5840.0,121054.0,7073538140.0,93265.0,SP2111
2021-10-11,5852.0,5882.0,5792.0,5836.0,146228.0,8541086180.0,90316.0,SP2111
2021-10-12,5818.0,5820.0,5618.0,5626.0,236451.0,13452624140.0,107321.0,SP2111
2021-10-13,5630.0,5632.0,5472.0,5544.0,208999.0,11631787920.0,107371.0,SP2111
2021-10-14,5568.0,5692.0,5416.0,5480.0,275555.0,15330622360.0,106441.0,SP2111
2021-10-15,5460.0,5466.0,5252.0,5364.0,296867.0,15835782300.0,107723.0,SP2111
2021-10-18,5378.0,5378.0,5272.0,5328.0,174298.0,9277266800.0,98303.0,SP2111
2021-10-19,5354.0,5406.0,5176.0,5240.0,233943.0,12358842980.0,87044.0,SP2111
2021-10-20,5288.0,5362.0,5218.0,5338.0,191954.0,10165542980.0,74481.0,SP2111
2021-10-21,5350.0,5386.0,5276.0,5306.0,157764.0,8428343920.0,65458.0,SP2111
2021-10-22,5298.0,5298.0,5198.0,5242.0,163942.0,8591988020.0,59551.0,SP2111
2021-10-25,5242.0,5272.0,4976.0,5112.0,220817.0,11286056760.0,51784.0,SP2111
2021-10-26,5112.0,5134.0,5008.0,5100.0,112002.0,5683049860.0,36167.0,SP2111
2021-10-27,4900.0,4948.0,4804.0,4878.0,267251.0,13032384460.0,118944.0,SP2112
2021-10-28,4878.0,4878.0,4692.0,4758.0,322024.0,15344424620.0,123876.0,SP2112
2021-10-29,4774.0,4938.0,4762.0,4894.0,316174.0,15429110180.0,105015.0,SP2112
2021-11-01,4880.0,4946.0,4788.0,4916.0,260143.0,12667668040.0,103395.0,SP2112
2021-11-02,4916.0,4992.0,4818.0,4922.0,288066.0,14160230460.0,93023.0,SP2112
2021-11-03,4940.0,5046.0,4912.0,4990.0,308754.0,15371478540.0,86587.0,SP2112
2021-11-04,4980.0,5006.0,4922.0,5000.0,217963.0,10837035300.0,83719.0,SP2112
2021-11-05,5046.0,5052.0,4892.0,5032.0,248379.0,12348825700.0,76112.0,SP2112
2021-11-08,5032.0,5084.0,4968.0,5058.0,204557.0,10295888360.0,65364.0,SP2112
2021-11-09,5066.0,5094.0,5024.0,5042.0,145160.0,7344083260.0,58857.0,SP2112
2021-11-10,5038.0,5052.0,4862.0,4908.0,214877.0,10591430460.0,56508.0,SP2112
2021-11-11,4916.0,4994.0,4888.0,4944.0,160191.0,7917835440.0,45977.0,SP2112
2021-11-12,4956.0,4956.0,4864.0,4868.0,138053.0,6774965560.0,44519.0,SP2112
2021-11-15,4858.0,4952.0,4834.0,4886.0,115590.0,5659587340.0,40320.0,SP2112
2021-11-16,4894.0,4914.0,4842.0,4866.0,80326.0,3919972520.0,40345.0,SP2112
2021-11-17,4864.0,4930.0,4822.0,4904.0,75341.0,3674031720.0,34075.0,SP2112
2021-11-18,4940.0,5046.0,4916.0,5046.0,207876.0,10369178920.0,124835.0,SP2201
2021-11-19,5038.0,5098.0,5016.0,5092.0,154443.0,7812827540.0,125932.0,SP2201
2021-11-22,5092.0,5192.0,5038.0,5164.0,210554.0,10789982200.0,134043.0,SP2201
2021-11-23,5172.0,5214.0,5152.0,5190.0,147139.0,7619502960.0,131628.0,SP2201
2021-11-24,5204.0,5260.0,5166.0,5228.0,176509.0,9209603820.0,129449.0,SP2201
2021-11-25,5228.0,5290.0,5206.0,5266.0,152457.0,8001088480.0,126467.0,SP2201
2021-11-26,5278.0,5396.0,5250.0,5392.0,309656.0,16551753420.0,133999.0,SP2201
2021-11-29,5360.0,5588.0,5358.0,5562.0,450670.0,24748728360.0,132118.0,SP2201
2021-11-30,5584.0,5718.0,5572.0,5626.0,466747.0,26323970840.0,124048.0,SP2201
2021-12-01,5636.0,6024.0,5628.0,5980.0,756977.0,44373178140.0,141414.0,SP2201
2021-12-02,5980.0,6054.0,5910.0,5998.0,612748.0,36613913900.0,138950.0,SP2201
2021-12-03,5974.0,6000.0,5812.0,5976.0,563410.0,33249088000.0,141708.0,SP2201
2021-12-06,5968.0,5994.0,5810.0,5870.0,372376.0,21930515060.0,124183.0,SP2201
2021-12-07,5878.0,6012.0,5848.0,5976.0,277138.0,16378406660.0,120303.0,SP2201
2021-12-08,5974.0,6166.0,5910.0,6104.0,426179.0,25808000560.0,125255.0,SP2201
2021-12-09,6088.0,6136.0,5988.0,6042.0,271568.0,16488542000.0,113544.0,SP2201
2021-12-10,6044.0,6044.0,5680.0,5736.0,428657.0,25086931600.0,95636.0,SP2201
2021-12-13,5736.0,5770.0,5614.0,5646.0,291824.0,16538585920.0,82664.0,SP2201
2021-12-14,5640.0,5658.0,5552.0,5644.0,199985.0,11206901720.0,71486.0,SP2201
2021-12-15,5640.0,5734.0,5576.0,5626.0,158065.0,8929527560.0,62145.0,SP2201
2021-12-16,5572.0,5696.0,5562.0,5640.0,231487.0,13055905960.0,140586.0,SP2205
2021-12-17,5640.0,5674.0,5398.0,5414.0,376949.0,20834007660.0,168851.0,SP2205
2021-12-20,5402.0,5518.0,5382.0,5456.0,266014.0,14522350040.0,158945.0,SP2205
2021-12-21,5456.0,5510.0,5434.0,5460.0,229699.0,12559372540.0,157993.0,SP2205
2021-12-22,5442.0,5570.0,5352.0,5548.0,387101.0,21202660800.0,173997.0,SP2205
2021-12-23,5570.0,5796.0,5516.0,5780.0,387645.0,21963963620.0,186969.0,SP2205
2021-12-24,5780.0,5856.0,5748.0,5834.0,348724.0,20261993160.0,192874.0,SP2205
2021-12-27,5834.0,5870.0,5734.0,5786.0,290376.0,16839821920.0,181086.0,SP2205
2021-12-28,5774.0,5950.0,5752.0,5818.0,410833.0,23989731020.0,197035.0,SP2205
2021-12-29,5818.0,5928.0,5784.0,5920.0,309933.0,18168264420.0,192519.0,SP2205
2021-12-30,5928.0,6042.0,5884.0,6018.0,455396.0,27177095700.0,228984.0,SP2205
2021-12-31,6018.0,6060.0,5964.0,6056.0,261181.0,15679297780.0,209741.0,SP2205
2022-01-04,6032.0,6096.0,5968.0,6078.0,206571.0,12478235760.0,220092.0,SP2205
2022-01-05,6086.0,6116.0,6028.0,6054.0,254253.0,15447430300.0,216000.0,SP2205
2022-01-06,6054.0,6084.0,5974.0,6018.0,309407.0,18629571120.0,227076.0,SP2205
2022-01-07,6038.0,6222.0,6002.0,6214.0,331950.0,20304626080.0,239745.0,SP2205
2022-01-10,6214.0,6312.0,6190.0,6260.0,296729.0,18550054100.0,249476.0,SP2205
2022-01-11,6260.0,6260.0,6064.0,6114.0,357122.0,21941259120.0,220549.0,SP2205
2022-01-12,6126.0,6296.0,6094.0,6266.0,314004.0,19448124900.0,236272.0,SP2205
2022-01-13,6286.0,6356.0,6216.0,6236.0,319444.0,20059678380.0,239327.0,SP2205
2022-01-14,6240.0,6324.0,6200.0,6290.0,322611.0,20225968200.0,245116.0,SP2205
2022-01-17,6290.0,6292.0,6078.0,6120.0,378576.0,23252056560.0,234021.0,SP2205
2022-01-18,6100.0,6172.0,6010.0,6118.0,294831.0,17926057980.0,216868.0,SP2205
2022-01-19,6126.0,6280.0,6058.0,6252.0,382089.0,23588309900.0,231046.0,SP2205
2022-01-20,6252.0,6286.0,6202.0,6216.0,216429.0,13499290720.0,219012.0,SP2205
2022-01-21,6192.0,6392.0,6084.0,6338.0,504793.0,31360380740.0,260901.0,SP2205
2022-01-24,6358.0,6366.0,6042.0,6046.0,424855.0,26313062300.0,227426.0,SP2205
2022-01-25,6030.0,6076.0,5930.0,6008.0,298938.0,17989304120.0,221389.0,SP2205
2022-01-26,6000.0,6046.0,5940.0,6014.0,261892.0,15710244580.0,209431.0,SP2205
2022-01-27,6014.0,6056.0,5906.0,5910.0,224196.0,13419686800.0,200764.0,SP2205
2022-01-28,5918.0,6298.0,5914.0,6296.0,367547.0,22610791180.0,191517.0,SP2205
2022-02-07,6330.0,6456.0,6284.0,6322.0,170559.0,10874987900.0,184679.0,SP2205
2022-02-08,6322.0,6418.0,6322.0,6412.0,168251.0,10733146240.0,195836.0,SP2205
2022-02-09,6412.0,6436.0,6316.0,6380.0,202613.0,12902526820.0,202100.0,SP2205
2022-02-10,6380.0,6488.0,6360.0,6472.0,283950.0,18257872440.0,210289.0,SP2205
2022-02-11,6502.0,6514.0,6326.0,6344.0,212300.0,13605538380.0,199715.0,SP2205
2022-02-14,6358.0,6480.0,6358.0,6446.0,223059.0,14346972480.0,207126.0,SP2205
2022-02-15,6446.0,6446.0,6292.0,6426.0,286200.0,18203149860.0,205382.0,SP2205
2022-02-16,6406.0,6442.0,6352.0,6410.0,175015.0,11197791020.0,198386.0,SP2205
2022-02-17,6380.0,6422.0,6320.0,6348.0,213185.0,13583449660.0,203085.0,SP2205
2022-02-18,6350.0,6538.0,6322.0,6522.0,281233.0,18067158800.0,224285.0,SP2205
2022-02-21,6518.0,6572.0,6460.0,6502.0,229655.0,14956858200.0,223670.0,SP2205
2022-02-22,6510.0,6600.0,6500.0,6542.0,191541.0,12544443640.0,216952.0,SP2205
2022-02-23,6552.0,6640.0,6510.0,6622.0,175778.0,11560951580.0,222403.0,SP2205
2022-02-24,6612.0,6790.0,6596.0,6634.0,278382.0,18606650920.0,227649.0,SP2205
2022-02-25,6638.0,6750.0,6600.0,6704.0,311341.0,20805042220.0,236432.0,SP2205
2022-02-28,6704.0,6744.0,6632.0,6686.0,227496.0,15200643460.0,225968.0,SP2205
2022-03-01,6676.0,6770.0,6610.0,6728.0,242386.0,16208860120.0,227229.0,SP2205
2022-03-02,6750.0,6800.0,6672.0,6788.0,235989.0,15879927440.0,224498.0,SP2205
2022-03-03,6798.0,6996.0,6798.0,6960.0,272420.0,18779451580.0,232349.0,SP2205
2022-03-04,6960.0,6978.0,6856.0,6890.0,196996.0,13590806700.0,215952.0,SP2205
2022-03-07,6900.0,7162.0,6882.0,7134.0,239495.0,16836639700.0,218625.0,SP2205
2022-03-08,7118.0,7286.0,6980.0,7224.0,244558.0,17453539580.0,200017.0,SP2205
2022-03-09,7224.0,7462.0,7158.0,7438.0,223153.0,16342441160.0,194544.0,SP2205
2022-03-10,7324.0,7410.0,7166.0,7272.0,265975.0,19379059760.0,180520.0,SP2205
2022-03-11,7300.0,7454.0,7206.0,7222.0,201257.0,14717754580.0,179683.0,SP2205
2022-03-14,7190.0,7190.0,6872.0,6908.0,256001.0,17970242080.0,167929.0,SP2205
2022-03-15,6910.0,6936.0,6680.0,6712.0,227669.0,15447075900.0,152327.0,SP2205
2022-03-16,6712.0,6898.0,6592.0,6854.0,206137.0,13885754500.0,144849.0,SP2205
2022-03-17,6854.0,6920.0,6756.0,6770.0,158366.0,10817360920.0,142789.0,SP2205
2022-03-18,6808.0,6874.0,6764.0,6826.0,113611.0,7758787580.0,133337.0,SP2205
2022-03-21,6788.0,6846.0,6656.0,6734.0,170853.0,11530497680.0,139712.0,SP2205
2022-03-22,6734.0,7056.0,6708.0,6988.0,183295.0,12658199060.0,129890.0,SP2205
2022-03-23,6984.0,7142.0,6970.0,7124.0,156874.0,11088738940.0,129728.0,SP2205
2022-03-24,7150.0,7174.0,7006.0,7024.0,133439.0,9482803280.0,122638.0,SP2205
2022-03-25,7024.0,7054.0,6720.0,6782.0,288757.0,19733208360.0,138019.0,SP2205
2022-03-28,6744.0,7024.0,6666.0,7016.0,223220.0,15337104180.0,126113.0,SP2205
2022-03-29,7022.0,7074.0,6906.0,6962.0,156115.0,10900157660.0,116100.0,SP2205
2022-03-30,6890.0,6914.0,6730.0,6848.0,165623.0,11304441560.0,116270.0,SP2205
2022-03-31,6820.0,6878.0,6636.0,6770.0,180233.0,12198880440.0,101999.0,SP2205
2022-04-01,6770.0,6888.0,6722.0,6776.0,131198.0,8920302120.0,89982.0,SP2205
2022-04-06,6796.0,7018.0,6764.0,7014.0,78279.0,5411105400.0,82994.0,SP2205
2022-04-07,7014.0,7014.0,6746.0,6776.0,110271.0,7573698860.0,79849.0,SP2205
2022-04-08,6822.0,6912.0,6764.0,6890.0,193814.0,13265960720.0,113829.0,SP2209
2022-04-11,6890.0,7054.0,6636.0,7050.0,407339.0,27880705380.0,145490.0,SP2209
2022-04-12,7048.0,7144.0,6932.0,7030.0,390320.0,27498251080.0,144387.0,SP2209
2022-04-13,7006.0,7114.0,6958.0,6986.0,244156.0,17164627100.0,144844.0,SP2209
2022-04-14,6986.0,7082.0,6966.0,7022.0,229780.0,16140220140.0,148202.0,SP2209
2022-04-15,7022.0,7204.0,7000.0,7044.0,347438.0,24669390960.0,151494.0,SP2209
2022-04-18,7044.0,7112.0,7008.0,7052.0,211654.0,14940254960.0,151929.0,SP2209
2022-04-19,7056.0,7250.0,7050.0,7194.0,311737.0,22319194700.0,173744.0,SP2209
2022-04-20,7200.0,7218.0,7092.0,7172.0,210156.0,15037583580.0,170039.0,SP2209
2022-04-21,7156.0,7286.0,7146.0,7282.0,265688.0,19224374680.0,187295.0,SP2209
2022-04-22,7286.0,7340.0,7252.0,7300.0,256952.0,18746072960.0,189017.0,SP2209
2022-04-25,7320.0,7328.0,6850.0,6874.0,433146.0,30486776440.0,155026.0,SP2209
2022-04-26,6844.0,6900.0,6716.0,6812.0,309273.0,21087494260.0,153862.0,SP2209
2022-04-27,6812.0,7122.0,6796.0,7102.0,358717.0,24927654000.0,158326.0,SP2209
2022-04-28,7090.0,7250.0,7088.0,7242.0,287372.0,20613417200.0,162144.0,SP2209
2022-04-29,7242.0,7280.0,7190.0,7276.0,202168.0,14636919420.0,157196.0,SP2209
2022-05-05,7280.0,7490.0,7236.0,7340.0,175405.0,12846758580.0,168175.0,SP2209
2022-05-06,7362.0,7364.0,7250.0,7290.0,226243.0,16533634840.0,180074.0,SP2209
2022-05-09,7298.0,7478.0,7180.0,7342.0,468481.0,34417714220.0,196112.0,SP2209
2022-05-10,7320.0,7400.0,7170.0,7392.0,432360.0,31537706060.0,206904.0,SP2209
2022-05-11,7402.0,7440.0,7308.0,7356.0,357338.0,26300278720.0,207634.0,SP2209
2022-05-12,7350.0,7384.0,7252.0,7316.0,363283.0,26620099940.0,203568.0,SP2209
2022-05-13,7306.0,7334.0,7212.0,7290.0,350721.0,25538729040.0,194013.0,SP2209
2022-05-16,7308.0,7376.0,7224.0,7302.0,295878.0,21575293540.0,194157.0,SP2209
2022-05-17,7302.0,7398.0,7302.0,7330.0,248141.0,18235209000.0,198512.0,SP2209
2022-05-18,7340.0,7426.0,7292.0,7300.0,293889.0,21611339160.0,200409.0,SP2209
2022-05-19,7314.0,7400.0,7240.0,7398.0,326338.0,23881101700.0,220651.0,SP2209
2022-05-20,7376.0,7410.0,7320.0,7380.0,279253.0,20578370320.0,211536.0,SP2209
2022-05-23,7372.0,7438.0,7218.0,7232.0,406724.0,29701264720.0,190516.0,SP2209
2022-05-24,7230.0,7278.0,7100.0,7102.0,317821.0,22877819680.0,187990.0,SP2209
2022-05-25,7100.0,7256.0,7080.0,7188.0,252095.0,18109420180.0,180345.0,SP2209
2022-05-26,7166.0,7188.0,7068.0,7104.0,277470.0,19745995960.0,186518.0,SP2209
2022-05-27,7104.0,7230.0,7018.0,7144.0,358794.0,25588383580.0,187122.0,SP2209
2022-05-30,7160.0,7300.0,7160.0,7236.0,292982.0,21227902260.0,188205.0,SP2209
2022-05-31,7218.0,7228.0,6956.0,6976.0,484456.0,34081247100.0,189951.0,SP2209
2022-06-01,6976.0,7022.0,6950.0,6994.0,264809.0,18515622320.0,195063.0,SP2209
2022-06-02,7050.0,7250.0,7030.0,7248.0,368594.0,26377473020.0,192032.0,SP2209
2022-06-06,7270.0,7322.0,7220.0,7232.0,146844.0,10680273500.0,191356.0,SP2209
2022-06-07,7232.0,7272.0,7208.0,7232.0,192411.0,13927298080.0,192646.0,SP2209
2022-06-08,7232.0,7280.0,7158.0,7180.0,266134.0,19205942740.0,185978.0,SP2209
2022-06-09,7182.0,7220.0,7020.0,7036.0,323414.0,23056483760.0,185026.0,SP2209
2022-06-10,7058.0,7210.0,7030.0,7152.0,253317.0,18023128380.0,180687.0,SP2209
2022-06-13,7130.0,7180.0,7002.0,7002.0,263966.0,18652386320.0,181863.0,SP2209
2022-06-14,7000.0,7030.0,6904.0,6990.0,339284.0,23688528760.0,186368.0,SP2209
2022-06-15,6970.0,6990.0,6876.0,6898.0,274762.0,19031965260.0,191369.0,SP2209
2022-06-16,6900.0,7006.0,6862.0,6946.0,290358.0,20207079600.0,189199.0,SP2209
2022-06-17,6930.0,6980.0,6866.0,6938.0,290041.0,20080771140.0,187925.0,SP2209
2022-06-20,6932.0,6972.0,6834.0,6900.0,430270.0,29653897040.0,191873.0,SP2209
2022-06-21,6900.0,6930.0,6672.0,6856.0,442849.0,30247820300.0,190672.0,SP2209
2022-06-22,6858.0,6898.0,6612.0,6646.0,470069.0,31679769960.0,209695.0,SP2209
2022-06-23,6606.0,6720.0,6200.0,6610.0,548493.0,36015446120.0,205233.0,SP2209
2022-06-24,6608.0,6682.0,6410.0,6434.0,507737.0,33062539260.0,199604.0,SP2209
2022-06-27,6434.0,6774.0,6350.0,6762.0,487568.0,31989789080.0,203682.0,SP2209
2022-06-28,6768.0,6946.0,6764.0,6930.0,409390.0,28197950060.0,201117.0,SP2209
2022-06-29,6910.0,6994.0,6868.0,6906.0,317012.0,21900055240.0,205047.0,SP2209
2022-06-30,6926.0,6972.0,6846.0,6888.0,266629.0,18395405580.0,199293.0,SP2209
2022-07-01,6870.0,6880.0,6728.0,6744.0,392597.0,26747307380.0,198656.0,SP2209
2022-07-04,6778.0,6784.0,6642.0,6706.0,339772.0,22770026440.0,192752.0,SP2209
2022-07-05,6730.0,6838.0,6644.0,6684.0,326616.0,22024801140.0,190230.0,SP2209
2022-07-06,6642.0,6644.0,6428.0,6598.0,503592.0,32881053020.0,179769.0,SP2209
2022-07-07,6612.0,6726.0,6482.0,6614.0,430311.0,28338044120.0,174116.0,SP2209
2022-07-08,6620.0,6710.0,6586.0,6614.0,277123.0,18426008980.0,171083.0,SP2209
2022-07-11,6614.0,6670.0,6410.0,6474.0,374306.0,24359549540.0,167031.0,SP2209
2022-07-12,6404.0,6566.0,6404.0,6466.0,320642.0,20782013260.0,164763.0,SP2209
2022-07-13,6446.0,6594.0,6358.0,6550.0,377292.0,24329637120.0,169031.0,SP2209
2022-07-14,6500.0,6574.0,6452.0,6516.0,337889.0,22022319060.0,163995.0,SP2209
2022-07-15,6492.0,6560.0,6430.0,6452.0,389050.0,25260740640.0,162627.0,SP2209
2022-07-18,6492.0,6710.0,6482.0,6606.0,365447.0,24152258500.0,155578.0,SP2209
2022-07-19,6610.0,6700.0,6528.0,6552.0,282698.0,18706578760.0,151342.0,SP2209
2022-07-20,6548.0,6680.0,6484.0,6640.0,298363.0,19724699460.0,148784.0,SP2209
2022-07-21,6612.0,6890.0,6608.0,6708.0,340446.0,22828858860.0,149110.0,SP2209
2022-07-22,6700.0,6886.0,6694.0,6880.0,315922.0,21490674500.0,151228.0,SP2209
2022-07-25,6882.0,6946.0,6856.0,6862.0,264676.0,18265918860.0,149146.0,SP2209
2022-07-26,6904.0,6950.0,6828.0,6930.0,247813.0,17069829860.0,147886.0,SP2209
2022-07-27,6930.0,6942.0,6854.0,6912.0,207874.0,14342480620.0,146684.0,SP2209
2022-07-28,6924.0,7196.0,6906.0,7176.0,338161.0,23960416820.0,146163.0,SP2209
2022-07-29,7156.0,7248.0,7110.0,7236.0,270973.0,19462473920.0,141350.0,SP2209
2022-08-01,7230.0,7328.0,7116.0,7176.0,276269.0,19969574740.0,129342.0,SP2209
2022-08-02,7176.0,7278.0,7140.0,7242.0,227744.0,16412143560.0,134744.0,SP2209
2022-08-03,7246.0,7274.0,7180.0,7180.0,197341.0,14249501400.0,132021.0,SP2209
2022-08-04,7194.0,7216.0,7020.0,7072.0,230624.0,16370761660.0,120054.0,SP2209
2022-08-05,7094.0,7164.0,7058.0,7148.0,155784.0,11090123920.0,124169.0,SP2209
2022-08-08,7148.0,7204.0,6986.0,7110.0,234536.0,16631299040.0,112979.0,SP2209
2022-08-09,7088.0,7146.0,7048.0,7108.0,131581.0,9341272200.0,108828.0,SP2209
2022-08-10,7120.0,7138.0,7006.0,7102.0,145934.0,10320177960.0,106640.0,SP2209
2022-08-11,7066.0,7186.0,7066.0,7138.0,150226.0,10702681540.0,97871.0,SP2209
2022-08-12,7126.0,7168.0,6874.0,6890.0,225490.0,15758794940.0,74598.0,SP2209
2022-08-15,6890.0,6940.0,6846.0,6914.0,131932.0,9098925360.0,64488.0,SP2209
2022-08-16,6884.0,6996.0,6862.0,6926.0,115312.0,8014066780.0,60232.0,SP2209
2022-08-17,6390.0,6450.0,6260.0,6264.0,178833.0,11318406680.0,145754.0,SP2301
2022-08-18,6264.0,6308.0,6220.0,6250.0,146289.0,9179010180.0,150562.0,SP2301
2022-08-19,6250.0,6350.0,6206.0,6284.0,178973.0,11200379000.0,149742.0,SP2301
2022-08-22,6284.0,6560.0,6280.0,6526.0,225588.0,14565000960.0,149828.0,SP2301
2022-08-23,6528.0,6594.0,6514.0,6580.0,146726.0,9615778320.0,152787.0,SP2301
2022-08-24,6582.0,6600.0,6522.0,6550.0,145335.0,9533031940.0,156137.0,SP2301
2022-08-25,6568.0,6658.0,6550.0,6652.0,151221.0,9995261560.0,162201.0,SP2301
2022-08-26,6620.0,6658.0,6558.0,6648.0,154084.0,10198727560.0,169590.0,SP2301
2022-08-29,6660.0,6700.0,6532.0,6566.0,180642.0,11957819080.0,175116.0,SP2301
2022-08-30,6568.0,6624.0,6538.0,6562.0,147533.0,9710912420.0,176723.0,SP2301
2022-08-31,6540.0,6670.0,6538.0,6652.0,175747.0,11649222880.0,192094.0,SP2301
2022-09-01,6640.0,6646.0,6556.0,6592.0,191750.0,12646653500.0,186246.0,SP2301
2022-09-02,6622.0,6640.0,6510.0,6610.0,229694.0,15127413760.0,197284.0,SP2301
2022-09-05,6610.0,6700.0,6564.0,6652.0,287269.0,19019604320.0,196647.0,SP2301
2022-09-06,6664.0,6790.0,6646.0,6780.0,279979.0,18839793260.0,222388.0,SP2301
2022-09-07,6780.0,6788.0,6720.0,6772.0,177306.0,11983369240.0,228003.0,SP2301
2022-09-08,6730.0,6830.0,6702.0,6796.0,216748.0,14656031500.0,232714.0,SP2301
2022-09-09,6780.0,6804.0,6706.0,6774.0,194610.0,13147951240.0,226853.0,SP2301
2022-09-13,6818.0,6936.0,6680.0,6772.0,239742.0,16263394240.0,221661.0,SP2301
2022-09-14,6730.0,6772.0,6704.0,6764.0,235624.0,15877264020.0,220698.0,SP2301
2022-09-15,6770.0,6858.0,6752.0,6830.0,236389.0,16115388140.0,232946.0,SP2301
2022-09-16,6818.0,6990.0,6780.0,6944.0,299125.0,20529589840.0,251401.0,SP2301
2022-09-19,6960.0,7036.0,6938.0,6980.0,227650.0,15921090980.0,257519.0,SP2301
2022-09-20,6960.0,6976.0,6852.0,6868.0,237303.0,16418831200.0,233587.0,SP2301
2022-09-21,6860.0,6888.0,6742.0,6794.0,272049.0,18509227660.0,209356.0,SP2301
2022-09-22,6800.0,6922.0,6782.0,6898.0,202080.0,13847935480.0,218575.0,SP2301
2022-09-23,6908.0,6920.0,6650.0,6668.0,305393.0,20663861400.0,197120.0,SP2301
2022-09-26,6670.0,6740.0,6626.0,6686.0,237950.0,15930076580.0,196534.0,SP2301
2022-09-27,6686.0,6826.0,6672.0,6792.0,231423.0,15645620440.0,195189.0,SP2301
2022-09-28,6792.0,6854.0,6722.0,6798.0,208013.0,14126591980.0,193815.0,SP2301
2022-09-29,6816.0,6826.0,6750.0,6774.0,162470.0,11023871420.0,189157.0,SP2301
2022-09-30,6776.0,6940.0,6776.0,6890.0,239393.0,16433529760.0,186401.0,SP2301
2022-10-10,6950.0,6970.0,6890.0,6898.0,127131.0,8805774980.0,191432.0,SP2301
2022-10-11,6898.0,6924.0,6712.0,6806.0,265914.0,18053679360.0,189107.0,SP2301
2022-10-12,6840.0,6920.0,6802.0,6896.0,223240.0,15305584860.0,196360.0,SP2301
2022-10-13,6896.0,6902.0,6746.0,6752.0,225419.0,15408043860.0,190567.0,SP2301
2022-10-14,6736.0,6796.0,6674.0,6684.0,253359.0,17059492980.0,192709.0,SP2301
2022-10-17,6678.0,6752.0,6650.0,6702.0,212318.0,14221765020.0,193293.0,SP2301
2022-10-18,6702.0,6788.0,6684.0,6744.0,197427.0,13293628920.0,192965.0,SP2301
2022-10-19,6740.0,6852.0,6716.0,6822.0,211540.0,14384174100.0,194602.0,SP2301
2022-10-20,6822.0,6864.0,6744.0,6774.0,183764.0,12514761320.0,187598.0,SP2301
2022-10-21,6788.0,6854.0,6738.0,6772.0,232185.0,15780949240.0,183750.0,SP2301
2022-10-24,6752.0,6850.0,6748.0,6846.0,281721.0,19158614520.0,184693.0,SP2301
2022-10-25,6846.0,6900.0,6820.0,6886.0,227383.0,15599088240.0,191764.0,SP2301
2022-10-26,6876.0,6892.0,6734.0,6742.0,249987.0,17059849740.0,177951.0,SP2301
2022-10-27,6738.0,6758.0,6686.0,6716.0,209156.0,14068659660.0,177073.0,SP2301
2022-10-28,6716.0,6780.0,6656.0,6670.0,261881.0,17626529080.0,181676.0,SP2301
2022-10-31,6650.0,6686.0,6574.0,6666.0,295809.0,19609615660.0,181378.0,SP2301
2022-11-01,6660.0,6840.0,6638.0,6824.0,311184.0,21006148420.0,171230.0,SP2301
2022-11-02,6812.0,6864.0,6762.0,6810.0,186353.0,12679708180.0,171220.0,SP2301
2022-11-03,6786.0,6820.0,6698.0,6718.0,213546.0,14438223480.0,165091.0,SP2301
2022-11-04,6710.0,6772.0,6666.0,6712.0,213435.0,14316616760.0,158242.0,SP2301
2022-11-07,6734.0,6838.0,6610.0,6624.0,353503.0,23823156700.0,165644.0,SP2301
2022-11-08,6616.0,6678.0,6602.0,6628.0,219584.0,14569521220.0,165307.0,SP2301
2022-11-09,6608.0,6680.0,6566.0,6604.0,257332.0,17024021280.0,171535.0,SP2301
2022-11-10,6596.0,6658.0,6572.0,6620.0,185168.0,12267121600.0,164733.0,SP2301
2022-11-11,6620.0,6826.0,6620.0,6812.0,310509.0,20950454960.0,156614.0,SP2301
2022-11-14,6802.0,6836.0,6768.0,6796.0,181826.0,12367056240.0,161932.0,SP2301
2022-11-15,6818.0,6822.0,6768.0,6810.0,141754.0,9640717260.0,162415.0,SP2301
2022-11-16,6776.0,6900.0,6772.0,6858.0,229131.0,15644775060.0,161289.0,SP2301
2022-11-17,6858.0,6880.0,6810.0,6872.0,157164.0,10753109220.0,162449.0,SP2301
2022-11-18,6870.0,6932.0,6856.0,6920.0,203316.0,14018103560.0,172103.0,SP2301
2022-11-21,6920.0,6944.0,6850.0,6898.0,218734.0,15118618960.0,172706.0,SP2301
2022-11-22,6920.0,6988.0,6886.0,6964.0,202458.0,14045396460.0,185053.0,SP2301
2022-11-23,6988.0,7090.0,6972.0,7080.0,260408.0,18334096040.0,217712.0,SP2301
2022-11-24,7094.0,7174.0,7066.0,7136.0,222892.0,15865205440.0,214869.0,SP2301
2022-11-25,7150.0,7154.0,7058.0,7100.0,186889.0,13259388080.0,200113.0,SP2301
2022-11-28,7100.0,7120.0,6968.0,6984.0,228941.0,16056074660.0,174591.0,SP2301
2022-11-29,6970.0,6988.0,6922.0,6960.0,178873.0,12446281500.0,148740.0,SP2301
2022-11-30,6958.0,6988.0,6934.0,6982.0,144846.0,10083021060.0,135579.0,SP2301
2022-12-01,6990.0,7048.0,6954.0,7020.0,157748.0,11051418840.0,127782.0,SP2301
2022-12-02,7020.0,7220.0,7012.0,7200.0,219250.0,15661522920.0,149064.0,SP2301
2022-12-05,7200.0,7310.0,7180.0,7272.0,192724.0,13981084200.0,156181.0,SP2301
2022-12-06,7296.0,7296.0,7228.0,7236.0,126920.0,9210184460.0,151172.0,SP2301
2022-12-07,7240.0,7272.0,7208.0,7216.0,130582.0,9451281500.0,144725.0,SP2301
2022-12-08,7236.0,7260.0,7194.0,7240.0,109318.0,7903953200.0,135307.0,SP2301
2022-12-09,7230.0,7298.0,7208.0,7256.0,121880.0,8826094080.0,124246.0,SP2301
2022-12-12,7240.0,7452.0,7240.0,7390.0,211258.0,15615036340.0,125215.0,SP2301
2022-12-13,7372.0,7384.0,7294.0,7298.0,112531.0,8240010440.0,109159.0,SP2301
2022-12-14,7290.0,7330.0,7120.0,7162.0,180038.0,12988999680.0,80168.0,SP2301
2022-12-15,7132.0,7188.0,7112.0,7176.0,94907.0,6779953420.0,70310.0,SP2301
2022-12-16,7176.0,7190.0,6912.0,6940.0,134009.0,9421029660.0,50630.0,SP2301
2022-12-19,6564.0,6598.0,6500.0,6502.0,145340.0,9528497520.0,124475.0,SP2305
2022-12-20,6490.0,6544.0,6454.0,6506.0,155408.0,10110020800.0,126571.0,SP2305
2022-12-21,6492.0,6606.0,6490.0,6564.0,154094.0,10096507200.0,126602.0,SP2305
2022-12-22,6600.0,6628.0,6516.0,6540.0,125957.0,8267274840.0,127827.0,SP2305
2022-12-23,6534.0,6540.0,6460.0,6470.0,143749.0,9332801780.0,128384.0,SP2305
2022-12-26,6496.0,6794.0,6490.0,6760.0,234105.0,15641069580.0,132068.0,SP2305
2022-12-27,6718.0,6762.0,6688.0,6754.0,131601.0,8845199380.0,128626.0,SP2305
2022-12-28,6754.0,6784.0,6610.0,6636.0,166259.0,11095135040.0,127675.0,SP2305
2022-12-29,6638.0,6654.0,6580.0,6636.0,93747.0,6219261640.0,126895.0,SP2305
2022-12-30,6608.0,6770.0,6604.0,6726.0,170717.0,11459367560.0,130427.0,SP2305
2023-01-03,6706.0,6726.0,6578.0,6636.0,135988.0,9009203360.0,127009.0,SP2305
2023-01-04,6650.0,6736.0,6608.0,6636.0,145465.0,9680265000.0,130385.0,SP2305
2023-01-05,6612.0,6650.0,6594.0,6596.0,95930.0,6355933360.0,134137.0,SP2305
2023-01-06,6612.0,6688.0,6550.0,6670.0,173177.0,11442463040.0,139030.0,SP2305
2023-01-09,6670.0,6714.0,6420.0,6424.0,268343.0,17583759280.0,170039.0,SP2305
2023-01-10,6424.0,6476.0,6342.0,6352.0,184077.0,11792640740.0,178336.0,SP2305
2023-01-11,6374.0,6374.0,6304.0,6326.0,150966.0,9555369340.0,182154.0,SP2305
2023-01-12,6330.0,6410.0,6318.0,6362.0,147259.0,9376701740.0,174588.0,SP2305
2023-01-13,6362.0,6512.0,6352.0,6472.0,172175.0,11046515080.0,159836.0,SP2305
2023-01-16,6488.0,6510.0,6428.0,6486.0,148409.0,9610536660.0,151376.0,SP2305
2023-01-17,6474.0,6488.0,6372.0,6466.0,138863.0,8944696980.0,147349.0,SP2305
2023-01-18,6468.0,6650.0,6406.0,6614.0,242014.0,15810915540.0,136900.0,SP2305
2023-01-19,6578.0,6644.0,6572.0,6610.0,124991.0,8257650320.0,133248.0,SP2305
2023-01-20,6638.0,6806.0,6616.0,6794.0,166481.0,11167967380.0,139487.0,SP2305
2023-01-30,6802.0,6814.0,6722.0,6786.0,83055.0,5625040020.0,145766.0,SP2305
2023-01-31,6796.0,6892.0,6786.0,6874.0,142553.0,9760996880.0,158823.0,SP2305
2023-02-01,6874.0,6906.0,6834.0,6904.0,127021.0,8737326620.0,166847.0,SP2305
2023-02-02,6900.0,6946.0,6732.0,6788.0,197493.0,13552492420.0,164313.0,SP2305
2023-02-03,6764.0,6876.0,6762.0,6862.0,140621.0,9595012920.0,166052.0,SP2305
2023-02-06,6888.0,6960.0,6832.0,6872.0,177036.0,12196124680.0,176358.0,SP2305
2023-02-07,6872.0,6890.0,6766.0,6810.0,162530.0,11083139680.0,169181.0,SP2305
2023-02-08,6816.0,6846.0,6716.0,6754.0,155209.0,10497003900.0,164612.0,SP2305
2023-02-09,6780.0,6820.0,6732.0,6756.0,112115.0,7585127120.0,161702.0,SP2305
2023-02-10,6756.0,6780.0,6592.0,6682.0,200562.0,13407340540.0,148888.0,SP2305
2023-02-13,6700.0,6714.0,6630.0,6638.0,122234.0,8151612000.0,146878.0,SP2305
2023-02-14,6642.0,6656.0,6556.0,6570.0,203159.0,13402609160.0,147658.0,SP2305
2023-02-15,6584.0,6744.0,6570.0,6660.0,204087.0,13598822720.0,143136.0,SP2305
2023-02-16,6654.0,6674.0,6582.0,6598.0,158317.0,10480998720.0,142071.0,SP2305
2023-02-17,6586.0,6638.0,6538.0,6576.0,185752.0,12227768220.0,143239.0,SP2305
2023-02-20,6568.0,6632.0,6550.0,6606.0,126916.0,8374370620.0,140141.0,SP2305
2023-02-21,6592.0,6688.0,6564.0,6666.0,181288.0,12019804580.0,136509.0,SP2305
2023-02-22,6678.0,6716.0,6636.0,6662.0,145509.0,9713267560.0,137084.0,SP2305
2023-02-23,6652.0,6682.0,6506.0,6512.0,200935.0,13268024000.0,147484.0,SP2305
2023-02-24,6512.0,6568.0,6464.0,6480.0,177864.0,11578146940.0,152755.0,SP2305
2023-02-27,6480.0,6504.0,6454.0,6476.0,130516.0,8454532900.0,151367.0,SP2305
2023-02-28,6476.0,6534.0,6458.0,6522.0,130869.0,8503055220.0,146016.0,SP2305
2023-03-01,6522.0,6530.0,6464.0,6508.0,113001.0,7341767860.0,144017.0,SP2305
2023-03-02,6524.0,6544.0,6416.0,6434.0,159474.0,10334333920.0,151611.0,SP2305
2023-03-03,6438.0,6444.0,6356.0,6370.0,168337.0,10759169220.0,165492.0,SP2305
2023-03-06,6358.0,6452.0,6336.0,6430.0,172693.0,11049489000.0,153427.0,SP2305
2023-03-07,6438.0,6458.0,6388.0,6418.0,107636.0,6916754040.0,152789.0,SP2305
2023-03-08,6418.0,6440.0,6358.0,6386.0,145964.0,9335590920.0,154850.0,SP2305
2023-03-09,6378.0,6380.0,6222.0,6240.0,241933.0,15267002020.0,175040.0,SP2305
2023-03-10,6224.0,6230.0,6110.0,6120.0,221072.0,13648621680.0,179736.0,SP2305
2023-03-13,6110.0,6218.0,6028.0,6158.0,283882.0,17410641760.0,174775.0,SP2305
2023-03-14,6120.0,6184.0,6086.0,6134.0,161872.0,9952571440.0,170657.0,SP2305
2023-03-15,6134.0,6148.0,6040.0,6126.0,215095.0,13110261120.0,170964.0,SP2305
2023-03-16,6100.0,6132.0,5860.0,5934.0,330316.0,19753407100.0,176220.0,SP2305
2023-03-17,5930.0,5998.0,5870.0,5878.0,253100.0,15036067840.0,176579.0,SP2305
2023-03-20,5850.0,5888.0,5734.0,5766.0,309758.0,18048255500.0,179784.0,SP2305
2023-03-21,5774.0,5788.0,5616.0,5626.0,286552.0,16307323440.0,199087.0,SP2305
2023-03-22,5610.0,5754.0,5608.0,5668.0,338356.0,19180117500.0,182716.0,SP2305
2023-03-23,5670.0,5730.0,5654.0,5674.0,217448.0,12363676680.0,176169.0,SP2305
2023-03-24,5700.0,5838.0,5656.0,5830.0,285027.0,16349661720.0,158170.0,SP2305
2023-03-27,5792.0,5896.0,5782.0,5868.0,234980.0,13757040980.0,143730.0,SP2305
