datetime,datetime_nano,DCE.i1606.open,DCE.i1606.high,DCE.i1606.low,DCE.i1606.close,DCE.i1606.volume,DCE.i1606.open_oi,DCE.i1606.close_oi
2016-01-04 09:00:00.000000000,1451869200000000000,320.0,322.5,320.0,320.5,4,0,158
2016-01-04 10:00:00.000000000,1451872800000000000,320.5,320.5,320.5,320.5,0,158,158
2016-01-04 11:00:00.000000000,1451876400000000000,320.5,320.5,320.5,320.5,0,158,158
2016-01-04 13:00:00.000000000,1451883600000000000,320.5,320.5,320.5,320.5,0,158,158
2016-01-04 14:00:00.000000000,1451887200000000000,320.5,320.5,318.5,318.5,2,158,158
2016-01-04 21:00:00.000000000,1451912400000000000,318.5,318.5,318.5,318.5,0,158,158
2016-01-04 22:00:00.000000000,1451916000000000000,318.5,318.5,318.5,318.5,0,158,158
2016-01-04 23:00:00.000000000,1451919600000000000,318.5,318.5,318.5,318.5,0,158,158
2016-01-05 09:00:00.000000000,1451955600000000000,318.5,318.5,318.5,318.5,0,158,158
2016-01-05 10:00:00.000000000,1451959200000000000,317.0,319.0,315.5,315.5,9,158,161
2016-01-05 11:00:00.000000000,1451962800000000000,315.5,318.0,315.5,318.0,2,161,161
2016-01-05 13:00:00.000000000,1451970000000000000,318.0,318.0,318.0,318.0,0,161,161
2016-01-05 14:00:00.000000000,1451973600000000000,318.0,321.0,318.0,321.0,3,161,161
2016-01-05 21:00:00.000000000,1451998800000000000,321.0,321.0,321.0,321.0,0,161,161
2016-01-05 22:00:00.000000000,1452002400000000000,317.0,317.0,315.5,315.5,11,161,155
2016-01-05 23:00:00.000000000,1452006000000000000,315.5,315.5,315.5,315.5,0,155,155
2016-01-06 09:00:00.000000000,1452042000000000000,315.5,316.0,314.0,316.0,34,155,139
2016-01-06 10:00:00.000000000,1452045600000000000,316.0,316.0,316.0,316.0,0,139,139
2016-01-06 11:00:00.000000000,1452049200000000000,316.0,316.0,316.0,316.0,0,139,139
2016-01-06 13:00:00.000000000,1452056400000000000,316.0,316.0,312.0,312.5,4,139,141
2016-01-06 14:00:00.000000000,1452060000000000000,312.5,314.5,310.5,314.5,20,141,158
2016-01-06 21:00:00.000000000,1452085200000000000,310.0,315.5,310.0,315.5,7,158,164
2016-01-06 22:00:00.000000000,1452088800000000000,315.5,315.5,315.5,315.5,0,164,164
2016-01-06 23:00:00.000000000,1452092400000000000,315.5,317.0,315.0,317.0,3,164,166
2016-01-07 09:00:00.000000000,1452128400000000000,317.0,317.0,314.0,316.5,17,166,160
2016-01-07 10:00:00.000000000,1452132000000000000,316.5,317.0,315.5,317.0,35,160,129
2016-01-07 11:00:00.000000000,1452135600000000000,317.0,317.0,317.0,317.0,0,129,129
2016-01-07 13:00:00.000000000,1452142800000000000,317.0,317.0,317.0,317.0,0,129,129
2016-01-07 14:00:00.000000000,1452146400000000000,317.0,317.0,316.0,316.0,1,129,129
2016-01-07 21:00:00.000000000,1452171600000000000,312.5,313.5,308.5,308.5,5,129,128
2016-01-07 22:00:00.000000000,1452175200000000000,308.5,313.0,308.5,312.0,7,128,126
2016-01-07 23:00:00.000000000,1452178800000000000,312.0,312.0,312.0,312.0,0,126,126
2016-01-08 09:00:00.000000000,1452214800000000000,312.0,312.0,310.0,310.0,4,126,128
2016-01-08 10:00:00.000000000,1452218400000000000,310.0,310.0,310.0,310.0,0,128,128
2016-01-08 11:00:00.000000000,1452222000000000000,310.0,310.0,310.0,310.0,0,128,128
2016-01-08 13:00:00.000000000,1452229200000000000,310.0,310.0,310.0,310.0,0,128,128
2016-01-08 14:00:00.000000000,1452232800000000000,310.0,310.0,309.0,309.0,1,128,128
2016-01-08 21:00:00.000000000,1452258000000000000,312.5,312.5,306.0,310.5,9,128,130
2016-01-08 22:00:00.000000000,1452261600000000000,310.5,310.5,310.5,310.5,0,130,130
2016-01-08 23:00:00.000000000,1452265200000000000,310.5,310.5,310.5,310.5,0,130,130
2016-01-11 09:00:00.000000000,1452474000000000000,310.5,310.5,307.0,310.5,10,130,130
2016-01-11 10:00:00.000000000,1452477600000000000,310.5,310.5,308.5,308.5,25,130,126
2016-01-11 11:00:00.000000000,1452481200000000000,308.5,308.5,305.0,306.0,28,126,125
2016-01-11 13:00:00.000000000,1452488400000000000,306.0,306.0,306.0,306.0,1,125,125
2016-01-11 14:00:00.000000000,1452492000000000000,306.0,309.0,305.0,305.0,12,125,122
2016-01-11 21:00:00.000000000,1452517200000000000,306.5,306.5,306.0,306.0,60,122,178
2016-01-11 22:00:00.000000000,1452520800000000000,306.0,306.0,303.5,303.5,9,178,177
2016-01-11 23:00:00.000000000,1452524400000000000,303.5,303.5,303.5,303.5,0,177,177
2016-01-12 09:00:00.000000000,1452560400000000000,303.5,303.5,303.5,303.5,0,177,177
2016-01-12 10:00:00.000000000,1452564000000000000,303.5,303.5,302.5,303.0,4,177,177
2016-01-12 11:00:00.000000000,1452567600000000000,303.0,303.0,303.0,303.0,0,177,177
2016-01-12 13:00:00.000000000,1452574800000000000,303.0,303.0,303.0,303.0,0,177,177
2016-01-12 14:00:00.000000000,1452578400000000000,303.0,303.0,298.5,298.5,14,177,175
2016-01-12 21:00:00.000000000,1452603600000000000,304.5,304.5,304.5,304.5,12,175,174
2016-01-12 22:00:00.000000000,1452607200000000000,304.5,304.5,304.5,304.5,0,174,174
2016-01-12 23:00:00.000000000,1452610800000000000,304.5,304.5,304.5,304.5,0,174,174
2016-01-13 09:00:00.000000000,1452646800000000000,304.5,304.5,303.0,303.0,2,174,174
2016-01-13 10:00:00.000000000,1452650400000000000,303.0,303.0,303.0,303.0,0,174,174
2016-01-13 11:00:00.000000000,1452654000000000000,303.0,303.0,299.5,299.5,14,174,174
2016-01-13 13:00:00.000000000,1452661200000000000,299.5,299.5,299.5,299.5,0,174,174
2016-01-13 14:00:00.000000000,1452664800000000000,299.5,299.5,299.5,299.5,0,174,174
2016-01-13 21:00:00.000000000,1452690000000000000,299.5,299.5,299.5,299.5,0,174,174
2016-01-13 22:00:00.000000000,1452693600000000000,299.5,299.5,299.5,299.5,0,174,174
2016-01-13 23:00:00.000000000,1452697200000000000,299.5,299.5,299.5,299.5,0,174,174
2016-01-14 09:00:00.000000000,1452733200000000000,299.5,299.5,299.5,299.5,0,174,174
2016-01-14 10:00:00.000000000,1452736800000000000,301.5,302.0,301.5,302.0,2,174,173
2016-01-14 11:00:00.000000000,1452740400000000000,302.0,302.0,302.0,302.0,0,173,173
2016-01-14 13:00:00.000000000,1452747600000000000,302.0,302.0,302.0,302.0,0,173,173
2016-01-14 14:00:00.000000000,1452751200000000000,302.0,302.0,302.0,302.0,0,173,173
2016-01-14 21:00:00.000000000,1452776400000000000,306.0,310.0,306.0,307.5,7,173,168
2016-01-14 22:00:00.000000000,1452780000000000000,307.5,308.5,305.0,308.5,43,168,181
2016-01-14 23:00:00.000000000,1452783600000000000,308.5,309.5,308.5,309.5,14,181,169
2016-01-15 09:00:00.000000000,1452819600000000000,309.5,309.5,308.0,308.0,5,169,165
2016-01-15 10:00:00.000000000,1452823200000000000,308.0,308.0,308.0,308.0,0,165,165
2016-01-15 11:00:00.000000000,1452826800000000000,308.0,308.0,308.0,308.0,0,165,165
2016-01-15 13:00:00.000000000,1452834000000000000,308.0,308.0,307.0,307.0,4,165,161
2016-01-15 14:00:00.000000000,1452837600000000000,307.0,307.0,304.5,304.5,1,161,161
2016-01-15 21:00:00.000000000,1452862800000000000,306.0,306.0,306.0,306.0,1,161,160
2016-01-15 22:00:00.000000000,1452866400000000000,306.0,306.0,306.0,306.0,0,160,160
2016-01-15 23:00:00.000000000,1452870000000000000,306.0,306.0,306.0,306.0,2,160,160
2016-01-18 09:00:00.000000000,1453078800000000000,306.0,319.0,306.0,317.5,27,160,137
2016-01-18 10:00:00.000000000,1453082400000000000,317.5,319.0,315.5,319.0,6,137,132
2016-01-18 11:00:00.000000000,1453086000000000000,319.0,319.5,319.0,319.5,1,132,131
2016-01-18 13:00:00.000000000,1453093200000000000,319.5,319.5,318.0,318.0,6,131,137
2016-01-18 14:00:00.000000000,1453096800000000000,318.0,321.0,316.0,319.0,232,137,138
2016-01-18 21:00:00.000000000,1453122000000000000,319.0,319.0,319.0,319.0,0,138,138
2016-01-18 22:00:00.000000000,1453125600000000000,318.5,318.5,318.5,318.5,6,138,133
2016-01-18 23:00:00.000000000,1453129200000000000,318.5,318.5,318.5,318.5,0,133,133
2016-01-19 09:00:00.000000000,1453165200000000000,318.5,318.5,316.0,316.0,4,133,134
2016-01-19 10:00:00.000000000,1453168800000000000,316.0,318.0,316.0,317.0,3,134,132
2016-01-19 11:00:00.000000000,1453172400000000000,317.0,317.0,317.0,317.0,0,132,132
2016-01-19 13:00:00.000000000,1453179600000000000,317.0,317.0,317.0,317.0,0,132,132
2016-01-19 14:00:00.000000000,1453183200000000000,317.0,320.0,317.0,320.0,1,132,132
2016-01-19 21:00:00.000000000,1453208400000000000,318.0,320.5,318.0,320.5,2,132,132
2016-01-19 22:00:00.000000000,1453212000000000000,320.5,320.5,320.5,320.5,2,132,130
2016-01-19 23:00:00.000000000,1453215600000000000,320.5,320.5,320.5,320.5,0,130,130
2016-01-20 09:00:00.000000000,1453251600000000000,320.5,320.5,320.5,320.5,0,130,130
2016-01-20 10:00:00.000000000,1453255200000000000,320.5,320.5,320.5,320.5,0,130,130
2016-01-20 11:00:00.000000000,1453258800000000000,320.5,320.5,316.5,316.5,1,130,129
2016-01-20 13:00:00.000000000,1453266000000000000,316.5,316.5,316.5,316.5,0,129,129
2016-01-20 14:00:00.000000000,1453269600000000000,316.5,316.5,316.5,316.5,0,129,129
2016-01-20 21:00:00.000000000,1453294800000000000,312.5,312.5,312.5,312.5,2,129,127
2016-01-20 22:00:00.000000000,1453298400000000000,312.5,314.5,312.5,312.5,3,127,127
2016-01-20 23:00:00.000000000,1453302000000000000,312.5,312.5,312.5,312.5,0,127,127
2016-01-21 09:00:00.000000000,1453338000000000000,312.5,316.0,312.5,316.0,2,127,128
2016-01-21 10:00:00.000000000,1453341600000000000,316.0,316.0,316.0,316.0,0,128,128
2016-01-21 11:00:00.000000000,1453345200000000000,316.0,316.0,316.0,316.0,0,128,128
2016-01-21 13:00:00.000000000,1453352400000000000,316.0,316.0,316.0,316.0,0,128,128
2016-01-21 14:00:00.000000000,1453356000000000000,316.0,316.0,313.5,313.5,1,128,128
2016-01-21 21:00:00.000000000,1453381200000000000,315.5,317.0,315.5,317.0,3,128,128
2016-01-21 22:00:00.000000000,1453384800000000000,317.0,317.0,316.0,316.0,5,128,128
2016-01-21 23:00:00.000000000,1453388400000000000,316.0,316.0,316.0,316.0,0,128,128
2016-01-22 09:00:00.000000000,1453424400000000000,316.0,319.0,316.0,319.0,1,128,128
2016-01-22 10:00:00.000000000,1453428000000000000,319.0,319.0,319.0,319.0,0,128,128
2016-01-22 11:00:00.000000000,1453431600000000000,319.0,319.0,319.0,319.0,0,128,128
2016-01-22 13:00:00.000000000,1453438800000000000,319.0,319.0,319.0,319.0,0,128,128
2016-01-22 14:00:00.000000000,1453442400000000000,319.0,319.0,314.0,314.0,3,128,130
2016-01-22 21:00:00.000000000,1453467600000000000,314.0,314.0,314.0,314.0,0,130,130
2016-01-22 22:00:00.000000000,1453471200000000000,319.0,319.0,316.5,316.5,40,130,133
2016-01-22 23:00:00.000000000,1453474800000000000,316.5,316.5,316.5,316.5,0,133,133
2016-01-25 09:00:00.000000000,1453683600000000000,316.5,316.5,316.5,316.5,0,133,133
2016-01-25 10:00:00.000000000,1453687200000000000,316.5,316.5,316.5,316.5,0,133,133
2016-01-25 11:00:00.000000000,1453690800000000000,316.5,316.5,316.5,316.5,0,133,133
2016-01-25 13:00:00.000000000,1453698000000000000,316.5,316.5,312.5,313.0,8,133,130
2016-01-25 14:00:00.000000000,1453701600000000000,313.0,313.0,313.0,313.0,0,130,130
2016-01-25 21:00:00.000000000,1453726800000000000,313.0,313.0,313.0,313.0,0,130,130
2016-01-25 22:00:00.000000000,1453730400000000000,313.0,313.0,313.0,313.0,0,130,130
2016-01-25 23:00:00.000000000,1453734000000000000,313.0,313.0,313.0,313.0,0,130,130
2016-01-26 09:00:00.000000000,1453770000000000000,314.5,315.5,313.0,315.5,16,130,121
2016-01-26 10:00:00.000000000,1453773600000000000,315.5,315.5,315.5,315.5,0,121,121
2016-01-26 11:00:00.000000000,1453777200000000000,315.5,315.5,315.5,315.5,0,121,121
2016-01-26 13:00:00.000000000,1453784400000000000,315.5,315.5,315.5,315.5,0,121,121
2016-01-26 14:00:00.000000000,1453788000000000000,315.5,316.0,315.5,316.0,12,121,121
2016-01-26 21:00:00.000000000,1453813200000000000,316.0,316.0,316.0,316.0,0,121,121
2016-01-26 22:00:00.000000000,1453816800000000000,316.0,316.0,316.0,316.0,0,121,121
2016-01-26 23:00:00.000000000,1453820400000000000,316.0,316.0,316.0,316.0,0,121,121
2016-01-27 09:00:00.000000000,1453856400000000000,323.0,323.0,321.5,321.5,14,121,114
2016-01-27 10:00:00.000000000,1453860000000000000,321.5,323.5,321.0,323.5,3,114,114
2016-01-27 11:00:00.000000000,1453863600000000000,323.5,323.5,323.5,323.5,0,114,114
2016-01-27 13:00:00.000000000,1453870800000000000,323.5,323.5,322.0,322.0,2,114,114
2016-01-27 14:00:00.000000000,1453874400000000000,322.0,323.0,322.0,322.0,9,114,115
2016-01-27 21:00:00.000000000,1453899600000000000,322.0,322.0,322.0,322.0,0,115,115
2016-01-27 22:00:00.000000000,1453903200000000000,323.5,323.5,323.5,323.5,2,115,113
2016-01-27 23:00:00.000000000,1453906800000000000,323.5,323.5,323.5,323.5,0,113,113
2016-01-28 09:00:00.000000000,1453942800000000000,323.5,323.5,321.0,321.0,5,113,110
2016-01-28 10:00:00.000000000,1453946400000000000,321.0,324.0,321.0,323.0,13,110,112
2016-01-28 11:00:00.000000000,1453950000000000000,323.0,323.0,323.0,323.0,0,112,112
2016-01-28 13:00:00.000000000,1453957200000000000,323.0,323.0,321.0,321.0,2,112,110
2016-01-28 14:00:00.000000000,1453960800000000000,321.0,321.5,320.0,320.0,27,110,110
2016-01-28 21:00:00.000000000,1453986000000000000,321.0,321.0,321.0,321.0,1,110,110
2016-01-28 22:00:00.000000000,1453989600000000000,321.0,321.0,321.0,321.0,0,110,110
2016-01-28 23:00:00.000000000,1453993200000000000,321.0,321.0,321.0,321.0,0,110,110
2016-01-29 09:00:00.000000000,1454029200000000000,321.0,321.0,316.0,316.0,4,110,110
2016-01-29 10:00:00.000000000,1454032800000000000,316.0,316.0,316.0,316.0,0,110,110
2016-01-29 11:00:00.000000000,1454036400000000000,316.0,316.0,316.0,316.0,0,110,110
2016-01-29 13:00:00.000000000,1454043600000000000,316.0,320.0,316.0,320.0,1,110,111
2016-01-29 14:00:00.000000000,1454047200000000000,320.0,320.0,320.0,320.0,0,111,111
2016-01-29 21:00:00.000000000,1454072400000000000,327.5,327.5,327.5,327.5,1,111,111
2016-01-29 22:00:00.000000000,1454076000000000000,327.5,328.5,327.5,328.5,3,111,111
2016-01-29 23:00:00.000000000,1454079600000000000,328.5,328.5,328.5,328.5,0,111,111
2016-02-01 09:00:00.000000000,1454288400000000000,328.5,328.5,324.0,324.0,4,111,113
2016-02-01 10:00:00.000000000,1454292000000000000,324.0,324.0,324.0,324.0,0,113,113
2016-02-01 11:00:00.000000000,1454295600000000000,324.0,324.0,324.0,324.0,0,113,113
2016-02-01 13:00:00.000000000,1454302800000000000,324.0,327.0,324.0,327.0,1,113,112
2016-02-01 14:00:00.000000000,1454306400000000000,327.0,327.0,323.0,324.5,2,112,113
2016-02-01 21:00:00.000000000,1454331600000000000,324.5,324.5,324.5,324.5,0,113,113
2016-02-01 22:00:00.000000000,1454335200000000000,324.5,324.5,324.5,324.5,0,113,113
2016-02-01 23:00:00.000000000,1454338800000000000,324.5,324.5,324.5,324.5,0,113,113
2016-02-02 09:00:00.000000000,1454374800000000000,324.5,324.5,324.5,324.5,0,113,113
2016-02-02 10:00:00.000000000,1454378400000000000,323.5,323.5,322.0,322.0,3,113,111
2016-02-02 11:00:00.000000000,1454382000000000000,322.0,322.0,322.0,322.0,0,111,111
2016-02-02 13:00:00.000000000,1454389200000000000,322.0,322.0,322.0,322.0,0,111,111
2016-02-02 14:00:00.000000000,1454392800000000000,322.0,322.0,322.0,322.0,0,111,111
2016-02-02 21:00:00.000000000,1454418000000000000,322.0,322.0,322.0,322.0,0,111,111
2016-02-02 22:00:00.000000000,1454421600000000000,322.0,322.0,322.0,322.0,0,111,111
2016-02-02 23:00:00.000000000,1454425200000000000,322.0,322.0,322.0,322.0,0,111,111
2016-02-03 09:00:00.000000000,1454461200000000000,322.0,322.0,322.0,322.0,0,111,111
2016-02-03 10:00:00.000000000,1454464800000000000,324.5,326.0,324.5,326.0,24,111,94
2016-02-03 11:00:00.000000000,1454468400000000000,326.0,327.5,326.0,327.5,3,94,92
2016-02-03 13:00:00.000000000,1454475600000000000,327.5,327.5,327.5,327.5,0,92,92
2016-02-03 14:00:00.000000000,1454479200000000000,327.5,328.0,327.5,328.0,3,92,89
2016-02-03 21:00:00.000000000,1454504400000000000,328.0,328.0,328.0,328.0,0,89,89
2016-02-03 22:00:00.000000000,1454508000000000000,331.5,331.5,331.5,331.5,1,89,89
2016-02-03 23:00:00.000000000,1454511600000000000,331.5,331.5,331.5,331.5,0,89,89
2016-02-04 09:00:00.000000000,1454547600000000000,331.5,335.0,331.5,334.5,6,89,87
2016-02-04 10:00:00.000000000,1454551200000000000,334.5,338.0,334.5,335.5,6,87,84
2016-02-04 11:00:00.000000000,1454554800000000000,335.5,335.5,335.5,335.5,0,84,84
2016-02-04 13:00:00.000000000,1454562000000000000,335.5,338.0,334.0,334.0,8,84,88
2016-02-04 14:00:00.000000000,1454565600000000000,334.0,337.0,332.0,332.0,12,88,81
2016-02-04 21:00:00.000000000,1454590800000000000,333.0,333.0,333.0,333.0,2,81,80
2016-02-04 22:00:00.000000000,1454594400000000000,333.0,333.5,333.0,333.5,1,80,80
2016-02-04 23:00:00.000000000,1454598000000000000,333.5,333.5,333.5,333.5,0,80,80
2016-02-05 09:00:00.000000000,1454634000000000000,333.5,333.5,333.5,333.5,2,80,80
2016-02-05 10:00:00.000000000,1454637600000000000,333.5,333.5,326.0,326.0,3,80,80
2016-02-05 11:00:00.000000000,1454641200000000000,326.0,326.0,326.0,326.0,0,80,80
2016-02-05 13:00:00.000000000,1454648400000000000,326.0,326.0,326.0,326.0,0,80,80
2016-02-05 14:00:00.000000000,1454652000000000000,326.0,328.0,323.5,328.0,3,80,79
2016-02-15 09:00:00.000000000,1455498000000000000,328.0,328.0,328.0,328.0,0,79,79
2016-02-15 10:00:00.000000000,1455501600000000000,333.5,333.5,333.5,333.5,1,79,79
2016-02-15 11:00:00.000000000,1455505200000000000,333.5,333.5,333.5,333.5,0,79,79
2016-02-15 13:00:00.000000000,1455512400000000000,333.5,334.0,333.5,334.0,2,79,77
2016-02-15 14:00:00.000000000,1455516000000000000,334.0,337.5,334.0,334.0,10,77,69
2016-02-15 21:00:00.000000000,1455541200000000000,334.0,334.0,334.0,334.0,0,69,69
2016-02-15 22:00:00.000000000,1455544800000000000,332.5,332.5,332.5,332.5,1,69,69
2016-02-15 23:00:00.000000000,1455548400000000000,332.5,332.5,332.5,332.5,0,69,69
2016-02-16 09:00:00.000000000,1455584400000000000,332.5,332.5,332.5,332.5,0,69,69
2016-02-16 10:00:00.000000000,1455588000000000000,332.5,332.5,332.5,332.5,0,69,69
2016-02-16 11:00:00.000000000,1455591600000000000,332.5,332.5,332.5,332.5,0,69,69
2016-02-16 13:00:00.000000000,1455598800000000000,332.5,332.5,332.5,332.5,0,69,69
2016-02-16 14:00:00.000000000,1455602400000000000,332.5,335.5,332.5,335.5,1,69,70
2016-02-16 21:00:00.000000000,1455627600000000000,333.0,333.0,333.0,333.0,1,70,69
2016-02-16 22:00:00.000000000,1455631200000000000,333.0,333.0,333.0,333.0,0,69,69
2016-02-16 23:00:00.000000000,1455634800000000000,333.0,335.0,333.0,335.0,1,69,70
2016-02-17 09:00:00.000000000,1455670800000000000,335.0,335.0,334.0,334.0,3,70,70
2016-02-17 10:00:00.000000000,1455674400000000000,334.0,334.0,334.0,334.0,0,70,70
2016-02-17 11:00:00.000000000,1455678000000000000,334.0,334.0,334.0,334.0,0,70,70
2016-02-17 13:00:00.000000000,1455685200000000000,334.0,334.0,332.5,332.5,2,70,71
2016-02-17 14:00:00.000000000,1455688800000000000,332.5,332.5,332.5,332.5,0,71,71
2016-02-17 21:00:00.000000000,1455714000000000000,332.5,332.5,332.5,332.5,0,71,71
2016-02-17 22:00:00.000000000,1455717600000000000,332.5,332.5,332.5,332.5,0,71,71
2016-02-17 23:00:00.000000000,1455721200000000000,332.5,332.5,332.5,332.5,0,71,71
2016-02-18 09:00:00.000000000,1455757200000000000,335.5,336.5,335.5,336.0,16,71,60
2016-02-18 10:00:00.000000000,1455760800000000000,336.0,337.0,336.0,337.0,8,60,55
2016-02-18 11:00:00.000000000,1455764400000000000,337.0,337.0,337.0,337.0,0,55,55
2016-02-18 13:00:00.000000000,1455771600000000000,337.0,337.0,337.0,337.0,0,55,55
2016-02-18 14:00:00.000000000,1455775200000000000,337.0,337.0,335.0,335.0,5,55,55
2016-02-18 21:00:00.000000000,1455800400000000000,342.0,342.0,334.5,336.0,208,55,153
2016-02-18 22:00:00.000000000,1455804000000000000,336.0,336.5,335.5,336.5,4,153,153
2016-02-18 23:00:00.000000000,1455807600000000000,336.5,336.5,335.0,335.0,18,153,153
2016-02-19 09:00:00.000000000,1455843600000000000,334.5,335.5,334.0,335.5,19,153,143
2016-02-19 10:00:00.000000000,1455847200000000000,335.5,337.5,335.5,337.5,16,143,147
2016-02-19 11:00:00.000000000,1455850800000000000,337.5,338.0,337.0,337.0,6,147,151
2016-02-19 13:00:00.000000000,1455858000000000000,337.0,341.5,337.0,341.5,27,151,136
2016-02-19 14:00:00.000000000,1455861600000000000,341.5,342.0,340.0,340.0,7,136,136
2016-02-19 21:00:00.000000000,1455886800000000000,342.0,342.0,339.5,339.5,8,136,136
2016-02-19 22:00:00.000000000,1455890400000000000,339.5,343.5,339.5,343.5,3,136,136
2016-02-19 23:00:00.000000000,1455894000000000000,343.5,343.5,342.0,343.5,2,136,136
2016-02-22 09:00:00.000000000,1456102800000000000,343.5,354.0,343.5,352.5,13,136,141
2016-02-22 10:00:00.000000000,1456106400000000000,352.5,354.5,352.0,354.5,9,141,143
2016-02-22 11:00:00.000000000,1456110000000000000,354.5,354.5,352.5,352.5,7,143,143
2016-02-22 13:00:00.000000000,1456117200000000000,352.5,354.5,352.5,354.5,1,143,143
2016-02-22 14:00:00.000000000,1456120800000000000,354.5,354.5,354.5,354.5,1,143,144
2016-02-22 21:00:00.000000000,1456146000000000000,356.5,357.0,354.5,356.5,12,144,146
2016-02-22 22:00:00.000000000,1456149600000000000,356.5,361.5,356.5,361.5,8,146,145
2016-02-22 23:00:00.000000000,1456153200000000000,361.5,362.5,361.5,362.0,4,145,145
2016-02-23 09:00:00.000000000,1456189200000000000,362.0,362.0,354.0,354.0,17,145,144
2016-02-23 10:00:00.000000000,1456192800000000000,354.0,357.0,354.0,357.0,8,144,136
2016-02-23 11:00:00.000000000,1456196400000000000,357.0,357.0,353.5,353.5,1,136,136
2016-02-23 13:00:00.000000000,1456203600000000000,353.5,353.5,353.5,353.5,0,136,136
2016-02-23 14:00:00.000000000,1456207200000000000,353.5,355.0,352.0,354.0,8,136,137
2016-02-23 21:00:00.000000000,1456232400000000000,353.0,358.5,353.0,358.5,11,137,134
2016-02-23 22:00:00.000000000,1456236000000000000,358.5,358.5,356.0,356.0,4,134,134
2016-02-23 23:00:00.000000000,1456239600000000000,356.0,356.0,352.5,353.0,4,134,138
2016-02-24 09:00:00.000000000,1456275600000000000,353.0,355.5,353.0,355.5,1,138,138
2016-02-24 10:00:00.000000000,1456279200000000000,355.5,357.5,355.5,357.5,2,138,139
2016-02-24 11:00:00.000000000,1456282800000000000,357.5,357.5,355.5,355.5,1,139,138
2016-02-24 13:00:00.000000000,1456290000000000000,355.5,355.5,355.5,355.5,0,138,138
2016-02-24 14:00:00.000000000,1456293600000000000,355.5,357.5,355.5,356.0,3,138,138
2016-02-24 21:00:00.000000000,1456318800000000000,357.0,357.0,353.5,353.5,2,138,138
2016-02-24 22:00:00.000000000,1456322400000000000,353.5,358.0,353.5,358.0,2,138,138
2016-02-24 23:00:00.000000000,1456326000000000000,358.0,359.5,358.0,359.5,8,138,142
2016-02-25 09:00:00.000000000,1456362000000000000,359.5,360.0,358.0,359.0,12,142,145
2016-02-25 10:00:00.000000000,1456365600000000000,359.0,360.0,358.5,359.5,52,145,138
2016-02-25 11:00:00.000000000,1456369200000000000,359.5,359.5,358.5,358.5,3,138,140
2016-02-25 13:00:00.000000000,1456376400000000000,358.5,358.5,358.0,358.0,1,140,141
2016-02-25 14:00:00.000000000,1456380000000000000,358.0,358.0,358.0,358.0,0,141,141
2016-02-25 21:00:00.000000000,1456405200000000000,352.0,353.0,351.5,353.0,22,141,151
2016-02-25 22:00:00.000000000,1456408800000000000,353.0,353.0,347.0,347.0,12,151,159
2016-02-25 23:00:00.000000000,1456412400000000000,347.0,347.0,345.0,345.0,8,159,155
2016-02-26 09:00:00.000000000,1456448400000000000,345.0,349.5,345.0,347.0,12,155,157
2016-02-26 10:00:00.000000000,1456452000000000000,347.0,348.5,347.0,347.0,2,157,157
2016-02-26 11:00:00.000000000,1456455600000000000,347.0,348.0,347.0,348.0,5,157,154
2016-02-26 13:00:00.000000000,1456462800000000000,348.0,348.0,347.5,347.5,1,154,154
2016-02-26 14:00:00.000000000,1456466400000000000,347.5,350.0,347.5,347.5,6,154,151
2016-02-26 21:00:00.000000000,1456491600000000000,348.0,350.5,348.0,350.5,2,151,151
2016-02-26 22:00:00.000000000,1456495200000000000,350.5,350.5,350.5,350.5,0,151,151
2016-02-26 23:00:00.000000000,1456498800000000000,350.5,350.5,345.5,345.5,1,151,151
2016-02-29 09:00:00.000000000,1456707600000000000,345.5,345.5,345.5,345.5,0,151,151
2016-02-29 10:00:00.000000000,1456711200000000000,345.5,345.5,345.5,345.5,0,151,151
2016-02-29 11:00:00.000000000,1456714800000000000,345.5,349.0,345.5,348.0,2,151,150
2016-02-29 13:00:00.000000000,1456722000000000000,348.0,348.0,348.0,348.0,0,150,150
2016-02-29 14:00:00.000000000,1456725600000000000,348.0,350.0,348.0,350.0,1,150,149
2016-02-29 21:00:00.000000000,1456750800000000000,357.0,357.0,356.0,356.0,6,149,149
2016-02-29 22:00:00.000000000,1456754400000000000,356.0,356.0,350.5,354.5,20,149,142
2016-02-29 23:00:00.000000000,1456758000000000000,354.5,355.0,354.0,355.0,3,142,141
2016-03-01 09:00:00.000000000,1456794000000000000,355.0,360.0,355.0,360.0,5,141,141
2016-03-01 10:00:00.000000000,1456797600000000000,360.0,360.0,358.0,358.0,1,141,141
2016-03-01 11:00:00.000000000,1456801200000000000,358.0,358.0,358.0,358.0,0,141,141
2016-03-01 13:00:00.000000000,1456808400000000000,358.0,364.5,358.0,364.5,5,141,142
2016-03-01 14:00:00.000000000,1456812000000000000,364.5,364.5,361.0,361.0,8,142,145
2016-03-01 21:00:00.000000000,1456837200000000000,362.5,364.0,361.5,363.0,44,145,151
2016-03-01 22:00:00.000000000,1456840800000000000,363.0,363.5,363.0,363.5,2,151,151
2016-03-01 23:00:00.000000000,1456844400000000000,363.5,363.5,363.5,363.5,1,151,151
2016-03-02 09:00:00.000000000,1456880400000000000,363.5,363.5,362.0,362.0,1,151,152
2016-03-02 10:00:00.000000000,1456884000000000000,362.0,362.0,362.0,362.0,0,152,152
2016-03-02 11:00:00.000000000,1456887600000000000,362.0,365.0,362.0,365.0,5,152,156
2016-03-02 13:00:00.000000000,1456894800000000000,365.0,368.0,365.0,367.5,11,156,158
2016-03-02 14:00:00.000000000,1456898400000000000,367.5,369.0,366.5,366.5,9,158,159
2016-03-02 21:00:00.000000000,1456923600000000000,370.0,376.5,370.0,376.5,19,159,165
2016-03-02 22:00:00.000000000,1456927200000000000,376.5,377.0,370.0,370.0,28,165,155
2016-03-02 23:00:00.000000000,1456930800000000000,370.0,372.0,370.0,371.0,19,155,163
2016-03-03 09:00:00.000000000,1456966800000000000,371.0,371.0,371.0,371.0,0,163,163
2016-03-03 10:00:00.000000000,1456970400000000000,371.0,371.5,371.0,371.5,4,163,166
2016-03-03 11:00:00.000000000,1456974000000000000,371.5,371.5,370.0,370.0,4,166,170
2016-03-03 13:00:00.000000000,1456981200000000000,370.0,370.0,367.0,368.5,9,170,167
2016-03-03 14:00:00.000000000,1456984800000000000,368.5,368.5,367.5,367.5,19,167,153
2016-03-03 21:00:00.000000000,1457010000000000000,364.5,368.5,363.0,368.0,18,153,168
2016-03-03 22:00:00.000000000,1457013600000000000,368.0,369.5,368.0,369.5,2,168,169
2016-03-03 23:00:00.000000000,1457017200000000000,369.5,372.5,368.0,368.0,9,169,169
2016-03-04 09:00:00.000000000,1457053200000000000,368.0,369.0,368.0,368.5,5,169,170
2016-03-04 10:00:00.000000000,1457056800000000000,368.5,368.5,368.5,368.5,0,170,170
2016-03-04 11:00:00.000000000,1457060400000000000,368.5,377.5,368.5,374.5,6,170,169
2016-03-04 13:00:00.000000000,1457067600000000000,374.5,375.0,373.0,373.0,14,169,173
2016-03-04 14:00:00.000000000,1457071200000000000,373.0,377.0,373.0,377.0,9,173,174
2016-03-04 21:00:00.000000000,1457096400000000000,378.5,380.5,377.0,380.0,11,174,181
2016-03-04 22:00:00.000000000,1457100000000000000,380.0,382.0,380.0,382.0,1,181,181
2016-03-04 23:00:00.000000000,1457103600000000000,382.0,389.0,382.0,387.0,25,181,185
2016-03-07 09:00:00.000000000,1457312400000000000,387.0,389.0,387.0,389.0,5,185,185
2016-03-07 10:00:00.000000000,1457316000000000000,389.0,389.0,389.0,389.0,0,185,185
2016-03-07 11:00:00.000000000,1457319600000000000,389.0,389.0,389.0,389.0,4,185,181
2016-03-07 13:00:00.000000000,1457326800000000000,389.0,389.0,389.0,389.0,0,181,181
2016-03-07 14:00:00.000000000,1457330400000000000,389.0,389.0,389.0,389.0,0,181,181
2016-03-07 21:00:00.000000000,1457355600000000000,407.0,407.0,407.0,407.0,20,181,198
2016-03-07 22:00:00.000000000,1457359200000000000,407.0,407.0,407.0,407.0,0,198,198
2016-03-07 23:00:00.000000000,1457362800000000000,407.0,407.0,407.0,407.0,0,198,198
2016-03-08 09:00:00.000000000,1457398800000000000,407.0,407.0,407.0,407.0,0,198,198
2016-03-08 10:00:00.000000000,1457402400000000000,407.0,407.0,399.0,399.0,26,198,174
2016-03-08 11:00:00.000000000,1457406000000000000,399.0,403.0,395.5,403.0,16,174,168
2016-03-08 13:00:00.000000000,1457413200000000000,403.0,403.0,403.0,403.0,1,168,169
2016-03-08 14:00:00.000000000,1457416800000000000,403.0,403.0,403.0,403.0,0,169,169
2016-03-08 21:00:00.000000000,1457442000000000000,411.5,411.5,395.5,398.0,33,169,165
2016-03-08 22:00:00.000000000,1457445600000000000,398.0,403.5,395.0,396.5,14,165,165
2016-03-08 23:00:00.000000000,1457449200000000000,396.5,396.5,396.5,396.5,0,165,165
2016-03-09 09:00:00.000000000,1457485200000000000,396.5,398.5,376.5,394.0,22,165,151
2016-03-09 10:00:00.000000000,1457488800000000000,394.0,394.0,385.0,388.0,4,151,151
2016-03-09 11:00:00.000000000,1457492400000000000,388.0,388.0,383.0,383.0,1,151,151
2016-03-09 13:00:00.000000000,1457499600000000000,383.0,396.5,383.0,396.5,3,151,150
2016-03-09 14:00:00.000000000,1457503200000000000,396.5,402.5,392.5,401.5,8,150,151
2016-03-09 21:00:00.000000000,1457528400000000000,411.0,413.0,408.0,412.5,12,151,146
2016-03-09 22:00:00.000000000,1457532000000000000,412.5,413.0,408.5,409.5,11,146,147
2016-03-09 23:00:00.000000000,1457535600000000000,409.5,415.0,409.5,410.0,65,147,139
2016-03-10 09:00:00.000000000,1457571600000000000,410.0,414.0,408.5,408.5,11,139,138
2016-03-10 10:00:00.000000000,1457575200000000000,408.5,408.5,405.5,405.5,6,138,136
2016-03-10 11:00:00.000000000,1457578800000000000,405.5,409.0,404.0,409.0,3,136,138
2016-03-10 13:00:00.000000000,1457586000000000000,409.0,409.0,405.0,409.0,66,138,147
2016-03-10 14:00:00.000000000,1457589600000000000,409.0,409.5,403.5,407.0,27,147,132
2016-03-10 21:00:00.000000000,1457614800000000000,406.0,406.0,402.5,404.0,11,132,135
2016-03-10 22:00:00.000000000,1457618400000000000,404.0,408.0,404.0,408.0,15,135,145
2016-03-10 23:00:00.000000000,1457622000000000000,408.0,408.0,399.0,400.0,16,145,150
2016-03-11 09:00:00.000000000,1457658000000000000,400.0,406.0,399.5,401.5,23,150,163
2016-03-11 10:00:00.000000000,1457661600000000000,401.5,405.5,400.5,403.5,15,163,166
2016-03-11 11:00:00.000000000,1457665200000000000,403.5,405.0,403.5,405.0,1,166,167
2016-03-11 13:00:00.000000000,1457672400000000000,405.0,405.0,398.0,398.0,17,167,174
2016-03-11 14:00:00.000000000,1457676000000000000,398.0,400.0,390.0,393.0,24,174,169
2016-03-11 21:00:00.000000000,1457701200000000000,385.5,393.5,385.5,393.5,10,169,168
2016-03-11 22:00:00.000000000,1457704800000000000,393.5,393.5,393.0,393.0,1,168,167
2016-03-11 23:00:00.000000000,1457708400000000000,393.0,395.5,393.0,395.5,1,167,167
2016-03-14 09:00:00.000000000,1457917200000000000,395.5,405.0,395.5,402.0,11,167,168
2016-03-14 10:00:00.000000000,1457920800000000000,402.0,410.0,402.0,410.0,13,168,173
2016-03-14 11:00:00.000000000,1457924400000000000,410.0,417.5,410.0,416.0,7,173,169
2016-03-14 13:00:00.000000000,1457931600000000000,414.0,414.0,407.5,407.5,14,169,173
2016-03-14 14:00:00.000000000,1457935200000000000,407.5,407.5,388.0,388.0,46,173,178
2016-03-14 21:00:00.000000000,1457960400000000000,392.5,396.0,391.5,391.5,39,178,168
2016-03-14 22:00:00.000000000,1457964000000000000,391.5,395.0,389.0,389.0,17,168,168
2016-03-14 23:00:00.000000000,1457967600000000000,389.0,392.0,388.0,392.0,11,168,169
2016-03-15 09:00:00.000000000,1458003600000000000,392.0,395.0,392.0,393.5,4,169,169
2016-03-15 10:00:00.000000000,1458007200000000000,393.5,393.5,381.5,384.5,15,169,161
2016-03-15 11:00:00.000000000,1458010800000000000,384.5,384.5,384.5,384.5,0,161,161
2016-03-15 13:00:00.000000000,1458018000000000000,384.5,386.5,383.5,383.5,4,161,160
2016-03-15 14:00:00.000000000,1458021600000000000,383.5,383.5,383.5,383.5,3,160,160
2016-03-15 21:00:00.000000000,1458046800000000000,387.5,387.5,383.0,386.5,5,160,161
2016-03-15 22:00:00.000000000,1458050400000000000,386.5,386.5,386.5,386.5,2,161,161
2016-03-15 23:00:00.000000000,1458054000000000000,386.5,386.5,386.5,386.5,4,161,165
2016-03-16 09:00:00.000000000,1458090000000000000,386.5,391.5,386.5,388.5,6,165,165
2016-03-16 10:00:00.000000000,1458093600000000000,388.5,391.0,387.0,387.0,3,165,166
2016-03-16 11:00:00.000000000,1458097200000000000,387.0,387.0,387.0,387.0,0,166,166
2016-03-16 13:00:00.000000000,1458104400000000000,387.0,393.0,387.0,389.5,14,166,170
2016-03-16 14:00:00.000000000,1458108000000000000,389.5,393.0,389.5,393.0,5,170,170
2016-03-16 21:00:00.000000000,1458133200000000000,394.0,394.0,394.0,394.0,1,170,170
2016-03-16 22:00:00.000000000,1458136800000000000,394.0,398.0,394.0,396.5,4,170,170
2016-03-16 23:00:00.000000000,1458140400000000000,396.5,396.5,396.0,396.0,1,170,170
2016-03-17 09:00:00.000000000,1458176400000000000,396.0,405.0,396.0,402.5,39,170,170
2016-03-17 10:00:00.000000000,1458180000000000000,402.5,406.0,402.5,406.0,2,170,170
2016-03-17 11:00:00.000000000,1458183600000000000,406.0,408.0,406.0,408.0,7,170,165
2016-03-17 13:00:00.000000000,1458190800000000000,408.0,409.5,406.5,408.5,6,165,167
2016-03-17 14:00:00.000000000,1458194400000000000,408.5,410.0,402.5,402.5,35,167,156
2016-03-17 21:00:00.000000000,1458219600000000000,409.5,413.0,409.5,411.5,13,156,165
2016-03-17 22:00:00.000000000,1458223200000000000,411.5,414.0,401.0,411.5,32,165,174
2016-03-17 23:00:00.000000000,1458226800000000000,411.5,422.5,411.5,422.5,13,174,183
2016-03-18 09:00:00.000000000,1458262800000000000,422.5,422.5,413.0,418.5,19,183,191
2016-03-18 10:00:00.000000000,1458266400000000000,418.5,419.5,416.0,419.5,7,191,193
2016-03-18 11:00:00.000000000,1458270000000000000,419.5,420.0,416.5,420.0,3,193,192
2016-03-18 13:00:00.000000000,1458277200000000000,420.0,427.0,420.0,426.5,10,192,196
2016-03-18 14:00:00.000000000,1458280800000000000,426.5,427.0,422.0,427.0,27,196,202
2016-03-18 21:00:00.000000000,1458306000000000000,426.5,427.0,418.5,423.5,24,202,192
2016-03-18 22:00:00.000000000,1458309600000000000,423.5,425.0,422.5,425.0,9,192,186
2016-03-18 23:00:00.000000000,1458313200000000000,425.0,425.0,425.0,425.0,0,186,186
2016-03-21 09:00:00.000000000,1458522000000000000,425.0,436.0,425.0,433.0,14,186,188
2016-03-21 10:00:00.000000000,1458525600000000000,433.0,441.0,433.0,441.0,22,188,190
2016-03-21 11:00:00.000000000,1458529200000000000,441.0,441.0,436.0,436.0,9,190,194
2016-03-21 13:00:00.000000000,1458536400000000000,436.0,436.5,435.0,435.0,7,194,194
2016-03-21 14:00:00.000000000,1458540000000000000,435.0,436.5,433.0,433.0,8,194,192
2016-03-21 21:00:00.000000000,1458565200000000000,429.5,443.0,429.5,435.0,13,192,188
2016-03-21 22:00:00.000000000,1458568800000000000,435.0,435.0,425.0,425.0,10,188,189
2016-03-21 23:00:00.000000000,1458572400000000000,425.0,431.5,425.0,431.0,11,189,183
2016-03-22 09:00:00.000000000,1458608400000000000,431.0,433.0,429.0,429.0,4,183,182
2016-03-22 10:00:00.000000000,1458612000000000000,429.0,429.0,428.0,428.0,1,182,183
2016-03-22 11:00:00.000000000,1458615600000000000,428.0,432.5,428.0,428.0,7,183,183
2016-03-22 13:00:00.000000000,1458622800000000000,428.0,431.0,428.0,431.0,4,183,183
2016-03-22 14:00:00.000000000,1458626400000000000,431.0,431.0,426.0,428.5,20,183,176
2016-03-22 21:00:00.000000000,1458651600000000000,432.0,432.0,424.0,424.5,7,176,175
2016-03-22 22:00:00.000000000,1458655200000000000,424.5,430.5,424.5,426.5,18,175,167
2016-03-22 23:00:00.000000000,1458658800000000000,426.5,426.5,426.5,426.5,0,167,167
2016-03-23 09:00:00.000000000,1458694800000000000,430.5,431.5,422.0,422.0,12,167,167
2016-03-23 10:00:00.000000000,1458698400000000000,422.0,424.5,422.0,424.5,1,167,167
2016-03-23 11:00:00.000000000,1458702000000000000,424.5,424.5,421.5,422.0,3,167,167
2016-03-23 13:00:00.000000000,1458709200000000000,422.0,423.0,420.5,423.0,6,167,162
2016-03-23 14:00:00.000000000,1458712800000000000,423.0,423.0,420.0,420.0,4,162,161
2016-03-23 21:00:00.000000000,1458738000000000000,408.0,413.0,408.0,408.5,8,161,157
2016-03-23 22:00:00.000000000,1458741600000000000,408.5,408.5,401.5,402.0,10,157,156
2016-03-23 23:00:00.000000000,1458745200000000000,402.0,402.0,402.0,402.0,0,156,156
2016-03-24 09:00:00.000000000,1458781200000000000,402.0,402.0,402.0,402.0,4,156,155
2016-03-24 10:00:00.000000000,1458784800000000000,402.0,408.0,402.0,408.0,5,155,154
2016-03-24 11:00:00.000000000,1458788400000000000,408.0,409.5,403.5,409.5,4,154,156
2016-03-24 13:00:00.000000000,1458795600000000000,409.5,409.5,409.5,409.5,0,156,156
2016-03-24 14:00:00.000000000,1458799200000000000,409.5,409.5,400.0,400.0,33,156,154
2016-03-24 21:00:00.000000000,1458824400000000000,400.0,400.0,400.0,400.0,2,154,152
2016-03-24 22:00:00.000000000,1458828000000000000,400.0,400.0,397.5,398.0,8,152,148
2016-03-24 23:00:00.000000000,1458831600000000000,398.0,398.0,398.0,398.0,0,148,148
2016-03-25 09:00:00.000000000,1458867600000000000,398.0,400.0,398.0,398.5,6,148,147
2016-03-25 10:00:00.000000000,1458871200000000000,398.5,398.5,396.5,397.5,6,147,142
2016-03-25 11:00:00.000000000,1458874800000000000,397.5,399.0,397.0,399.0,4,142,142
2016-03-25 13:00:00.000000000,1458882000000000000,399.0,402.5,399.0,399.0,2,142,142
2016-03-25 14:00:00.000000000,1458885600000000000,399.0,400.5,397.0,397.5,7,142,139
2016-03-25 21:00:00.000000000,1458910800000000000,401.0,402.0,401.0,401.0,9,139,138
2016-03-25 22:00:00.000000000,1458914400000000000,401.0,401.0,400.0,401.0,6,138,136
2016-03-25 23:00:00.000000000,1458918000000000000,401.0,402.0,401.0,402.0,1,136,136
2016-03-28 09:00:00.000000000,1459126800000000000,402.0,405.0,402.0,402.0,6,136,142
2016-03-28 10:00:00.000000000,1459130400000000000,402.0,402.0,402.0,402.0,0,142,142
2016-03-28 11:00:00.000000000,1459134000000000000,402.0,402.0,402.0,402.0,0,142,142
2016-03-28 13:00:00.000000000,1459141200000000000,402.0,402.0,402.0,402.0,0,142,142
2016-03-28 14:00:00.000000000,1459144800000000000,402.0,402.0,387.5,387.5,7,142,139
2016-03-28 21:00:00.000000000,1459170000000000000,389.0,391.5,388.0,390.0,25,139,135
2016-03-28 22:00:00.000000000,1459173600000000000,390.0,390.0,386.5,388.5,16,135,140
2016-03-28 23:00:00.000000000,1459177200000000000,388.5,388.5,388.5,388.5,3,140,140
2016-03-29 09:00:00.000000000,1459213200000000000,388.5,389.0,385.0,385.5,10,140,132
2016-03-29 10:00:00.000000000,1459216800000000000,385.5,386.0,382.0,386.0,7,132,129
2016-03-29 11:00:00.000000000,1459220400000000000,386.0,386.5,384.0,386.5,3,129,128
2016-03-29 13:00:00.000000000,1459227600000000000,386.5,386.5,386.5,386.5,0,128,128
2016-03-29 14:00:00.000000000,1459231200000000000,386.5,386.5,382.0,385.0,9,128,122
2016-03-29 21:00:00.000000000,1459256400000000000,391.0,391.0,388.0,388.0,4,122,119
2016-03-29 22:00:00.000000000,1459260000000000000,388.0,388.0,388.0,388.0,0,119,119
2016-03-29 23:00:00.000000000,1459263600000000000,388.0,388.0,384.0,386.0,10,119,116
2016-03-30 09:00:00.000000000,1459299600000000000,386.0,391.0,381.0,389.5,70,116,140
2016-03-30 10:00:00.000000000,1459303200000000000,389.5,391.0,389.5,391.0,47,140,116
2016-03-30 11:00:00.000000000,1459306800000000000,391.0,392.5,387.0,387.0,15,116,119
2016-03-30 13:00:00.000000000,1459314000000000000,387.0,393.0,387.0,393.0,6,119,115
2016-03-30 14:00:00.000000000,1459317600000000000,393.0,393.0,391.0,391.0,5,115,110
2016-03-30 21:00:00.000000000,1459342800000000000,391.0,391.0,391.0,391.0,0,110,110
2016-03-30 22:00:00.000000000,1459346400000000000,395.0,395.0,394.5,394.5,6,110,110
2016-03-30 23:00:00.000000000,1459350000000000000,394.5,394.5,390.0,390.0,1,110,110
2016-03-31 09:00:00.000000000,1459386000000000000,390.0,390.0,390.0,390.0,2,110,110
2016-03-31 10:00:00.000000000,1459389600000000000,390.0,390.0,390.0,390.0,0,110,110
2016-03-31 11:00:00.000000000,1459393200000000000,390.0,390.0,384.0,384.0,14,110,104
2016-03-31 13:00:00.000000000,1459400400000000000,384.0,386.0,384.0,385.5,4,104,103
2016-03-31 14:00:00.000000000,1459404000000000000,385.5,385.5,385.5,385.5,0,103,103
2016-03-31 21:00:00.000000000,1459429200000000000,385.5,385.5,385.5,385.5,0,103,103
2016-03-31 22:00:00.000000000,1459432800000000000,385.5,385.5,385.5,385.5,0,103,103
2016-03-31 23:00:00.000000000,1459436400000000000,385.5,385.5,385.5,385.5,0,103,103
2016-04-01 09:00:00.000000000,1459472400000000000,396.5,396.5,396.5,396.5,1,103,103
2016-04-01 10:00:00.000000000,1459476000000000000,396.5,396.5,396.5,396.5,0,103,103
2016-04-01 11:00:00.000000000,1459479600000000000,396.5,396.5,396.5,396.5,0,103,103
2016-04-01 13:00:00.000000000,1459486800000000000,396.5,396.5,396.5,396.5,0,103,103
2016-04-01 14:00:00.000000000,1459490400000000000,396.5,396.5,394.5,396.0,10,103,100
2016-04-05 09:00:00.000000000,1459818000000000000,387.0,387.0,387.0,387.0,3,100,98
2016-04-05 10:00:00.000000000,1459821600000000000,387.0,387.0,385.5,385.5,7,98,91
2016-04-05 11:00:00.000000000,1459825200000000000,385.5,386.5,385.5,385.5,16,91,84
2016-04-05 13:00:00.000000000,1459832400000000000,385.5,385.5,385.5,385.5,0,84,84
2016-04-05 14:00:00.000000000,1459836000000000000,385.5,395.5,385.5,394.0,9,84,86
2016-04-05 21:00:00.000000000,1459861200000000000,396.5,396.5,396.5,396.5,3,86,86
2016-04-05 22:00:00.000000000,1459864800000000000,396.5,396.5,396.5,396.5,0,86,86
2016-04-05 23:00:00.000000000,1459868400000000000,396.5,396.5,392.0,392.0,2,86,86
2016-04-06 09:00:00.000000000,1459904400000000000,392.0,392.0,391.0,391.0,5,86,87
2016-04-06 10:00:00.000000000,1459908000000000000,391.0,391.0,391.0,391.0,0,87,87
2016-04-06 11:00:00.000000000,1459911600000000000,391.0,391.0,390.5,390.5,1,87,87
2016-04-06 13:00:00.000000000,1459918800000000000,390.5,390.5,385.0,385.5,11,87,93
2016-04-06 14:00:00.000000000,1459922400000000000,385.5,386.0,382.0,386.0,19,93,95
2016-04-06 21:00:00.000000000,1459947600000000000,386.0,386.0,386.0,386.0,0,95,95
2016-04-06 22:00:00.000000000,1459951200000000000,386.0,386.0,386.0,386.0,0,95,95
2016-04-06 23:00:00.000000000,1459954800000000000,386.0,386.0,386.0,386.0,0,95,95
2016-04-07 09:00:00.000000000,1459990800000000000,390.0,390.0,390.0,390.0,1,95,95
2016-04-07 10:00:00.000000000,1459994400000000000,390.0,390.0,386.5,386.5,1,95,96
2016-04-07 11:00:00.000000000,1459998000000000000,386.5,389.5,386.5,389.5,1,96,96
2016-04-07 13:00:00.000000000,1460005200000000000,389.5,389.5,389.5,389.5,2,96,97
2016-04-07 14:00:00.000000000,1460008800000000000,389.5,390.5,389.5,390.5,2,97,97
2016-04-07 21:00:00.000000000,1460034000000000000,386.5,386.5,386.5,386.5,1,97,96
2016-04-07 22:00:00.000000000,1460037600000000000,386.5,390.5,386.5,390.5,21,96,99
2016-04-07 23:00:00.000000000,1460041200000000000,390.5,390.5,390.5,390.5,6,99,93
2016-04-08 09:00:00.000000000,1460077200000000000,390.5,390.5,387.0,390.0,10,93,96
2016-04-08 10:00:00.000000000,1460080800000000000,390.0,390.5,389.5,389.5,2,96,94
2016-04-08 11:00:00.000000000,1460084400000000000,389.5,389.5,389.5,389.5,0,94,94
2016-04-08 13:00:00.000000000,1460091600000000000,389.5,389.5,389.5,389.5,0,94,94
2016-04-08 14:00:00.000000000,1460095200000000000,389.5,389.5,389.5,389.5,0,94,94
2016-04-08 21:00:00.000000000,1460120400000000000,396.5,396.5,396.0,396.0,4,94,90
2016-04-08 22:00:00.000000000,1460124000000000000,396.0,398.5,396.0,398.5,4,90,90
2016-04-08 23:00:00.000000000,1460127600000000000,398.5,398.5,398.5,398.5,0,90,90
2016-04-11 09:00:00.000000000,1460336400000000000,398.5,398.5,393.0,396.0,6,90,90
2016-04-11 10:00:00.000000000,1460340000000000000,396.0,396.0,396.0,396.0,0,90,90
2016-04-11 11:00:00.000000000,1460343600000000000,396.0,396.0,396.0,396.0,0,90,90
2016-04-11 13:00:00.000000000,1460350800000000000,396.0,396.0,396.0,396.0,0,90,90
2016-04-11 14:00:00.000000000,1460354400000000000,396.0,400.0,396.0,400.0,3,90,91
2016-04-11 21:00:00.000000000,1460379600000000000,407.5,407.5,405.0,407.5,23,91,89
2016-04-11 22:00:00.000000000,1460383200000000000,407.5,407.5,407.5,407.5,5,89,94
2016-04-11 23:00:00.000000000,1460386800000000000,407.5,415.0,407.5,415.0,2,94,94
2016-04-12 09:00:00.000000000,1460422800000000000,415.0,415.0,411.0,411.0,7,94,99
2016-04-12 10:00:00.000000000,1460426400000000000,411.0,411.5,408.0,408.0,8,99,97
2016-04-12 11:00:00.000000000,1460430000000000000,408.0,408.0,408.0,408.0,0,97,97
2016-04-12 13:00:00.000000000,1460437200000000000,408.0,408.0,408.0,408.0,0,97,97
2016-04-12 14:00:00.000000000,1460440800000000000,408.0,420.0,408.0,420.0,24,97,111
2016-04-12 21:00:00.000000000,1460466000000000000,422.5,426.0,421.5,423.5,18,111,111
2016-04-12 22:00:00.000000000,1460469600000000000,423.5,424.5,423.5,424.5,5,111,106
2016-04-12 23:00:00.000000000,1460473200000000000,424.5,424.5,424.5,424.5,5,106,101
2016-04-13 09:00:00.000000000,1460509200000000000,424.5,431.0,424.5,430.0,11,101,101
2016-04-13 10:00:00.000000000,1460512800000000000,430.0,436.0,430.0,432.5,12,101,107
2016-04-13 11:00:00.000000000,1460516400000000000,432.5,433.0,432.5,432.5,7,107,101
2016-04-13 13:00:00.000000000,1460523600000000000,432.5,436.5,432.5,436.5,4,101,102
2016-04-13 14:00:00.000000000,1460527200000000000,436.5,436.5,431.5,431.5,15,102,105
2016-04-13 21:00:00.000000000,1460552400000000000,424.5,432.5,424.0,432.0,28,105,99
2016-04-13 22:00:00.000000000,1460556000000000000,432.0,442.0,432.0,440.0,5,99,103
2016-04-13 23:00:00.000000000,1460559600000000000,440.0,440.0,440.0,440.0,0,103,103
2016-04-14 09:00:00.000000000,1460595600000000000,440.0,444.0,440.0,444.0,5,103,106
2016-04-14 10:00:00.000000000,1460599200000000000,444.0,444.0,442.0,442.0,2,106,105
2016-04-14 11:00:00.000000000,1460602800000000000,442.0,442.0,442.0,442.0,0,105,105
2016-04-14 13:00:00.000000000,1460610000000000000,442.0,442.0,436.0,436.0,1,105,106
2016-04-14 14:00:00.000000000,1460613600000000000,436.0,436.0,427.5,431.0,7,106,108
2016-04-14 21:00:00.000000000,1460638800000000000,433.5,433.5,419.0,420.0,50,108,109
2016-04-14 22:00:00.000000000,1460642400000000000,420.0,423.5,418.0,423.5,3,109,111
2016-04-14 23:00:00.000000000,1460646000000000000,423.5,426.5,423.5,426.5,1,111,111
2016-04-15 09:00:00.000000000,1460682000000000000,426.5,429.0,425.0,429.0,5,111,109
2016-04-15 10:00:00.000000000,1460685600000000000,429.0,429.0,429.0,429.0,0,109,109
2016-04-15 11:00:00.000000000,1460689200000000000,429.0,429.0,429.0,429.0,0,109,109
2016-04-15 13:00:00.000000000,1460696400000000000,429.0,429.0,429.0,429.0,0,109,109
2016-04-15 14:00:00.000000000,1460700000000000000,429.0,429.0,421.0,421.0,4,109,111
2016-04-15 21:00:00.000000000,1460725200000000000,421.0,421.0,421.0,421.0,1,111,110
2016-04-15 22:00:00.000000000,1460728800000000000,421.0,421.0,415.0,415.0,3,110,107
2016-04-15 23:00:00.000000000,1460732400000000000,415.0,420.0,415.0,420.0,7,107,102
2016-04-18 09:00:00.000000000,1460941200000000000,420.0,427.0,420.0,427.0,5,102,104
2016-04-18 10:00:00.000000000,1460944800000000000,427.0,427.0,427.0,427.0,0,104,104
2016-04-18 11:00:00.000000000,1460948400000000000,427.0,430.0,427.0,430.0,3,104,105
2016-04-18 13:00:00.000000000,1460955600000000000,430.0,434.0,430.0,434.0,1,105,105
2016-04-18 14:00:00.000000000,1460959200000000000,434.0,443.5,426.0,426.0,18,105,103
2016-04-18 21:00:00.000000000,1460984400000000000,437.5,437.5,433.5,433.5,3,103,103
2016-04-18 22:00:00.000000000,1460988000000000000,433.5,436.0,433.5,436.0,3,103,102
2016-04-18 23:00:00.000000000,1460991600000000000,436.0,436.0,436.0,436.0,0,102,102
2016-04-19 09:00:00.000000000,1461027600000000000,436.0,436.0,434.0,434.0,1,102,102
2016-04-19 10:00:00.000000000,1461031200000000000,434.0,437.5,434.0,436.0,7,102,103
2016-04-19 11:00:00.000000000,1461034800000000000,436.0,438.0,433.5,433.5,4,103,104
2016-04-19 13:00:00.000000000,1461042000000000000,433.5,437.5,433.5,437.5,1,104,104
2016-04-19 14:00:00.000000000,1461045600000000000,437.5,441.5,430.5,441.5,9,104,110
2016-04-19 21:00:00.000000000,1461070800000000000,443.5,450.0,443.5,450.0,8,110,109
2016-04-19 22:00:00.000000000,1461074400000000000,450.0,456.5,450.0,452.5,13,109,109
2016-04-19 23:00:00.000000000,1461078000000000000,452.5,452.5,452.5,452.5,0,109,109
2016-04-20 09:00:00.000000000,1461114000000000000,452.5,460.0,451.0,451.0,6,109,108
2016-04-20 10:00:00.000000000,1461117600000000000,451.0,451.0,451.0,451.0,0,108,108
2016-04-20 11:00:00.000000000,1461121200000000000,451.0,451.0,451.0,451.0,0,108,108
2016-04-20 13:00:00.000000000,1461128400000000000,457.0,457.0,455.0,455.0,3,108,109
2016-04-20 14:00:00.000000000,1461132000000000000,455.0,459.0,447.0,459.0,6,109,109
2016-04-20 21:00:00.000000000,1461157200000000000,459.5,472.0,459.5,468.0,10,109,103
2016-04-20 22:00:00.000000000,1461160800000000000,468.0,476.5,468.0,475.0,7,103,99
2016-04-20 23:00:00.000000000,1461164400000000000,475.0,475.0,475.0,475.0,0,99,99
2016-04-21 09:00:00.000000000,1461200400000000000,475.0,477.0,472.5,477.0,3,99,100
2016-04-21 10:00:00.000000000,1461204000000000000,477.0,477.0,477.0,477.0,0,100,100
2016-04-21 11:00:00.000000000,1461207600000000000,477.0,477.0,477.0,477.0,0,100,100
2016-04-21 13:00:00.000000000,1461214800000000000,477.0,477.0,477.0,477.0,0,100,100
2016-04-21 14:00:00.000000000,1461218400000000000,477.0,477.0,474.5,474.5,3,100,103
2016-04-21 21:00:00.000000000,1461243600000000000,495.0,495.0,471.0,474.0,10,103,99
2016-04-21 22:00:00.000000000,1461247200000000000,474.0,474.0,472.0,472.0,1,99,99
2016-04-21 23:00:00.000000000,1461250800000000000,472.0,472.0,472.0,472.0,0,99,99
2016-04-22 09:00:00.000000000,1461286800000000000,472.0,495.5,472.0,495.5,16,99,103
2016-04-22 10:00:00.000000000,1461290400000000000,495.5,495.5,495.5,495.5,2,103,103
2016-04-22 11:00:00.000000000,1461294000000000000,495.5,495.5,480.0,480.0,3,103,101
2016-04-22 13:00:00.000000000,1461301200000000000,480.0,480.0,480.0,480.0,4,101,100
2016-04-22 14:00:00.000000000,1461304800000000000,480.0,480.0,472.5,472.5,1,100,101
2016-04-22 21:00:00.000000000,1461330000000000000,493.0,493.0,493.0,493.0,2,101,100
2016-04-22 22:00:00.000000000,1461333600000000000,493.0,507.0,493.0,493.0,12,100,102
2016-04-22 23:00:00.000000000,1461337200000000000,493.0,493.0,493.0,493.0,4,102,102
2016-04-25 09:00:00.000000000,1461546000000000000,493.0,497.5,479.5,479.5,5,102,101
2016-04-25 10:00:00.000000000,1461549600000000000,479.5,480.0,477.0,479.0,7,101,101
2016-04-25 11:00:00.000000000,1461553200000000000,479.0,479.5,479.0,479.5,2,101,99
2016-04-25 13:00:00.000000000,1461560400000000000,479.5,479.5,479.5,479.5,0,99,99
2016-04-25 14:00:00.000000000,1461564000000000000,479.5,479.5,479.5,479.5,0,99,99
2016-04-25 21:00:00.000000000,1461589200000000000,480.0,480.0,478.0,478.0,3,99,96
2016-04-25 22:00:00.000000000,1461592800000000000,478.0,478.0,470.0,471.5,7,96,89
2016-04-25 23:00:00.000000000,1461596400000000000,471.5,471.5,471.5,471.5,0,89,89
2016-04-26 09:00:00.000000000,1461632400000000000,471.5,489.5,470.0,479.5,9,89,88
2016-04-26 10:00:00.000000000,1461636000000000000,479.5,480.0,470.0,475.0,20,88,85
2016-04-26 11:00:00.000000000,1461639600000000000,475.0,475.0,469.0,469.0,5,85,87
2016-04-26 13:00:00.000000000,1461646800000000000,469.0,469.0,461.0,461.0,7,87,84
2016-04-26 14:00:00.000000000,1461650400000000000,461.0,463.5,461.0,461.0,9,84,82
2016-04-26 21:00:00.000000000,1461675600000000000,466.0,466.0,458.0,458.0,8,82,76
2016-04-26 22:00:00.000000000,1461679200000000000,458.0,458.0,458.0,458.0,0,76,76
2016-04-26 23:00:00.000000000,1461682800000000000,458.0,458.0,458.0,458.0,0,76,76
2016-04-27 09:00:00.000000000,1461718800000000000,458.0,458.5,458.0,458.5,1,76,77
2016-04-27 10:00:00.000000000,1461722400000000000,458.5,458.5,449.5,449.5,2,77,77
2016-04-27 11:00:00.000000000,1461726000000000000,449.5,450.0,446.0,449.0,7,77,77
2016-04-27 13:00:00.000000000,1461733200000000000,449.0,449.0,444.0,444.0,13,77,76
2016-04-27 14:00:00.000000000,1461736800000000000,444.0,451.0,444.0,445.0,26,76,75
2016-04-27 21:00:00.000000000,1461762000000000000,458.0,458.0,442.5,442.5,10,75,72
2016-04-27 22:00:00.000000000,1461765600000000000,442.5,442.5,440.0,440.0,4,72,71
2016-04-27 23:00:00.000000000,1461769200000000000,440.0,447.5,439.5,447.5,5,71,71
2016-04-28 09:00:00.000000000,1461805200000000000,447.5,459.0,447.5,459.0,10,71,72
2016-04-28 10:00:00.000000000,1461808800000000000,459.0,459.0,458.0,458.0,11,72,68
2016-04-28 11:00:00.000000000,1461812400000000000,458.0,458.0,458.0,458.0,0,68,68
2016-04-28 13:00:00.000000000,1461819600000000000,458.0,462.0,458.0,462.0,4,68,72
2016-04-28 14:00:00.000000000,1461823200000000000,462.0,468.0,460.5,468.0,4,72,73
2016-04-28 21:00:00.000000000,1461848400000000000,475.0,477.5,473.0,475.0,6,73,70
2016-04-28 22:00:00.000000000,1461852000000000000,475.0,479.5,475.0,479.5,4,70,69
2016-04-28 23:00:00.000000000,1461855600000000000,479.5,479.5,479.5,479.5,0,69,69
2016-04-29 09:00:00.000000000,1461891600000000000,479.5,480.5,471.5,473.0,31,69,70
2016-04-29 10:00:00.000000000,1461895200000000000,473.0,480.5,473.0,480.5,15,70,72
2016-04-29 11:00:00.000000000,1461898800000000000,480.5,480.5,480.0,480.5,4,72,71
2016-04-29 13:00:00.000000000,1461906000000000000,480.5,480.5,480.5,480.5,3,71,72
2016-04-29 14:00:00.000000000,1461909600000000000,480.5,480.5,480.5,480.5,1,72,72
2016-05-03 09:00:00.000000000,1462237200000000000,486.0,493.0,465.0,473.0,39,72,70
2016-05-03 10:00:00.000000000,1462240800000000000,473.0,482.0,473.0,478.0,9,70,74
2016-05-03 11:00:00.000000000,1462244400000000000,478.0,478.0,469.5,469.5,1,74,74
2016-05-03 13:00:00.000000000,1462251600000000000,469.5,473.0,469.0,469.0,10,74,74
2016-05-03 14:00:00.000000000,1462255200000000000,469.0,488.0,469.0,485.0,22,74,73
2016-05-03 21:00:00.000000000,1462280400000000000,478.0,484.5,475.5,484.5,7,73,73
2016-05-03 22:00:00.000000000,1462284000000000000,484.5,488.0,480.5,483.0,16,73,70
2016-05-03 23:00:00.000000000,1462287600000000000,483.0,483.0,483.0,483.0,0,70,70
2016-05-04 09:00:00.000000000,1462323600000000000,483.0,488.0,480.0,480.0,12,70,74
2016-05-04 10:00:00.000000000,1462327200000000000,480.0,482.0,475.0,479.0,24,74,74
2016-05-04 11:00:00.000000000,1462330800000000000,479.0,479.5,476.5,477.0,5,74,71
2016-05-04 13:00:00.000000000,1462338000000000000,477.0,484.0,477.0,484.0,3,71,71
2016-05-04 14:00:00.000000000,1462341600000000000,484.0,484.0,480.5,483.0,16,71,73
2016-05-04 21:00:00.000000000,1462366800000000000,483.0,483.0,483.0,483.0,0,73,73
2016-05-04 22:00:00.000000000,1462370400000000000,481.0,481.0,481.0,481.0,4,73,73
2016-05-04 23:00:00.000000000,1462374000000000000,481.0,481.0,481.0,481.0,0,73,73
2016-05-05 09:00:00.000000000,1462410000000000000,481.0,481.0,475.0,475.0,17,73,74
2016-05-05 10:00:00.000000000,1462413600000000000,475.0,478.0,470.5,470.5,24,74,85
2016-05-05 11:00:00.000000000,1462417200000000000,470.5,473.5,470.0,470.0,6,85,88
2016-05-05 13:00:00.000000000,1462424400000000000,470.0,472.0,467.5,470.0,6,88,89
2016-05-05 14:00:00.000000000,1462428000000000000,470.0,470.0,469.5,469.5,2,89,88
2016-05-05 21:00:00.000000000,1462453200000000000,471.5,471.5,465.5,466.5,5,88,90
2016-05-05 22:00:00.000000000,1462456800000000000,466.5,467.0,455.5,461.5,10,90,91
2016-05-05 23:00:00.000000000,1462460400000000000,461.5,468.0,458.0,458.0,3,91,92
2016-05-06 09:00:00.000000000,1462496400000000000,458.0,466.5,457.5,461.0,11,92,93
2016-05-06 10:00:00.000000000,1462500000000000000,461.0,468.5,461.0,463.5,8,93,93
2016-05-06 11:00:00.000000000,1462503600000000000,463.5,464.0,463.5,464.0,4,93,96
2016-05-06 13:00:00.000000000,1462510800000000000,464.0,495.0,462.0,465.0,16,96,101
2016-05-06 14:00:00.000000000,1462514400000000000,465.0,474.5,465.0,474.5,8,101,104
2016-05-06 21:00:00.000000000,1462539600000000000,475.0,478.0,473.5,478.0,11,104,103
2016-05-06 22:00:00.000000000,1462543200000000000,478.0,478.0,467.5,476.0,14,103,104
2016-05-06 23:00:00.000000000,1462546800000000000,476.0,479.5,476.0,479.0,2,104,103
2016-05-09 09:00:00.000000000,1462755600000000000,479.0,479.0,450.5,454.0,45,103,105
2016-05-09 10:00:00.000000000,1462759200000000000,454.0,454.5,452.0,454.5,26,105,110
2016-05-09 11:00:00.000000000,1462762800000000000,454.5,468.0,440.0,451.0,56,110,106
2016-05-09 13:00:00.000000000,1462770000000000000,451.0,456.0,445.0,445.0,15,106,109
2016-05-09 14:00:00.000000000,1462773600000000000,445.0,448.0,439.0,442.0,24,109,120
2016-05-09 21:00:00.000000000,1462798800000000000,447.5,448.0,441.5,443.0,35,120,121
2016-05-09 22:00:00.000000000,1462802400000000000,443.0,443.0,442.0,442.0,5,121,123
2016-05-09 23:00:00.000000000,1462806000000000000,442.0,443.5,441.5,443.5,2,123,122
2016-05-10 09:00:00.000000000,1462842000000000000,443.5,443.5,436.0,443.5,11,122,117
2016-05-10 10:00:00.000000000,1462845600000000000,443.5,443.5,440.0,440.0,1,117,118
2016-05-10 11:00:00.000000000,1462849200000000000,440.0,440.0,439.5,439.5,1,118,118
2016-05-10 13:00:00.000000000,1462856400000000000,439.5,445.0,439.5,445.0,1,118,119
2016-05-10 14:00:00.000000000,1462860000000000000,445.0,445.0,442.0,442.0,11,119,110
2016-05-10 21:00:00.000000000,1462885200000000000,442.0,456.5,442.0,455.0,54,110,103
2016-05-10 22:00:00.000000000,1462888800000000000,455.0,455.0,448.5,450.0,9,103,102
2016-05-10 23:00:00.000000000,1462892400000000000,450.0,450.0,448.0,449.5,3,102,102
2016-05-11 09:00:00.000000000,1462928400000000000,452.0,452.0,438.0,441.0,23,102,105
2016-05-11 10:00:00.000000000,1462932000000000000,441.0,441.0,441.0,441.0,0,105,105
2016-05-11 11:00:00.000000000,1462935600000000000,441.0,449.5,441.0,447.0,3,105,105
2016-05-11 13:00:00.000000000,1462942800000000000,447.0,447.5,447.0,447.5,1,105,105
2016-05-11 14:00:00.000000000,1462946400000000000,447.5,462.5,447.5,449.0,17,105,100
2016-05-11 21:00:00.000000000,1462971600000000000,457.0,457.0,450.5,450.5,4,100,98
2016-05-11 22:00:00.000000000,1462975200000000000,450.5,450.5,450.5,450.5,0,98,98
2016-05-11 23:00:00.000000000,1462978800000000000,450.5,450.5,450.5,450.5,0,98,98
2016-05-12 09:00:00.000000000,1463014800000000000,450.5,453.5,447.0,447.0,3,98,96
2016-05-12 10:00:00.000000000,1463018400000000000,447.0,447.0,447.0,447.0,0,96,96
2016-05-12 11:00:00.000000000,1463022000000000000,447.0,452.5,447.0,447.5,5,96,99
2016-05-12 13:00:00.000000000,1463029200000000000,447.5,448.5,447.0,447.5,7,99,94
2016-05-12 14:00:00.000000000,1463032800000000000,447.5,447.5,441.0,441.0,10,94,91
2016-05-12 21:00:00.000000000,1463058000000000000,443.5,445.0,443.5,445.0,6,91,91
2016-05-12 22:00:00.000000000,1463061600000000000,445.0,447.5,422.0,440.0,58,91,127
2016-05-12 23:00:00.000000000,1463065200000000000,440.0,440.0,425.0,427.0,21,127,117
2016-05-13 09:00:00.000000000,1463101200000000000,427.0,428.5,422.0,428.0,16,117,113
2016-05-13 10:00:00.000000000,1463104800000000000,428.0,429.0,428.0,428.0,4,113,113
2016-05-13 11:00:00.000000000,1463108400000000000,428.0,428.0,428.0,428.0,0,113,113
2016-05-13 13:00:00.000000000,1463115600000000000,428.0,428.5,427.5,428.5,14,113,100
2016-05-13 14:00:00.000000000,1463119200000000000,428.5,430.0,424.5,424.5,4,100,100
2016-05-13 21:00:00.000000000,1463144400000000000,426.5,435.5,426.5,431.0,34,100,93
2016-05-13 22:00:00.000000000,1463148000000000000,431.0,435.5,431.0,435.5,13,93,84
2016-05-13 23:00:00.000000000,1463151600000000000,435.5,448.0,435.5,444.0,9,84,84
2016-05-16 09:00:00.000000000,1463360400000000000,444.0,444.0,440.0,440.0,4,84,84
2016-05-16 10:00:00.000000000,1463364000000000000,440.0,446.5,440.0,440.5,2,84,84
2016-05-16 11:00:00.000000000,1463367600000000000,440.5,440.5,440.5,440.5,0,84,84
2016-05-16 13:00:00.000000000,1463374800000000000,440.5,441.0,440.5,441.0,1,84,85
2016-05-16 14:00:00.000000000,1463378400000000000,441.0,445.0,441.0,445.0,6,85,89
2016-05-16 21:00:00.000000000,1463403600000000000,450.0,450.0,443.0,448.5,8,89,88
2016-05-16 22:00:00.000000000,1463407200000000000,448.5,449.0,445.0,445.0,5,88,89
2016-05-16 23:00:00.000000000,1463410800000000000,445.0,445.0,444.0,444.0,4,89,89
2016-05-17 09:00:00.000000000,1463446800000000000,444.0,448.0,443.0,443.0,8,89,90
2016-05-17 10:00:00.000000000,1463450400000000000,443.0,449.5,443.0,449.5,5,90,92
2016-05-17 11:00:00.000000000,1463454000000000000,449.5,449.5,447.0,447.0,1,92,92
2016-05-17 13:00:00.000000000,1463461200000000000,447.0,451.0,447.0,451.0,3,92,92
2016-05-17 14:00:00.000000000,1463464800000000000,451.0,462.5,451.0,461.5,8,92,92
2016-05-17 21:00:00.000000000,1463490000000000000,465.5,465.5,455.5,464.0,16,92,93
2016-05-17 22:00:00.000000000,1463493600000000000,464.0,464.0,462.5,462.5,4,93,92
2016-05-17 23:00:00.000000000,1463497200000000000,462.5,462.5,462.5,462.5,0,92,92
2016-05-18 09:00:00.000000000,1463533200000000000,462.5,465.0,461.5,461.5,9,92,92
2016-05-18 10:00:00.000000000,1463536800000000000,461.5,465.0,461.5,463.0,22,92,104
2016-05-18 11:00:00.000000000,1463540400000000000,463.0,463.0,461.5,461.5,9,104,103
2016-05-18 13:00:00.000000000,1463547600000000000,461.5,461.5,452.0,455.0,5,103,100
2016-05-18 14:00:00.000000000,1463551200000000000,455.0,461.0,452.0,452.0,12,100,107
2016-05-18 21:00:00.000000000,1463576400000000000,457.5,457.5,449.5,450.5,9,107,108
2016-05-18 22:00:00.000000000,1463580000000000000,450.5,453.5,450.5,453.5,2,108,108
2016-05-18 23:00:00.000000000,1463583600000000000,453.5,453.5,453.5,453.5,0,108,108
2016-05-19 09:00:00.000000000,1463619600000000000,453.5,453.5,453.5,453.5,0,108,108
2016-05-19 10:00:00.000000000,1463623200000000000,453.5,456.0,453.5,456.0,1,108,107
2016-05-19 11:00:00.000000000,1463626800000000000,456.0,456.0,456.0,456.0,0,107,107
2016-05-19 13:00:00.000000000,1463634000000000000,456.0,456.0,449.0,449.0,8,107,109
2016-05-19 14:00:00.000000000,1463637600000000000,449.0,455.0,445.0,451.5,18,109,109
2016-05-19 21:00:00.000000000,1463662800000000000,451.5,456.0,451.5,456.0,10,109,106
2016-05-19 22:00:00.000000000,1463666400000000000,456.0,462.0,454.0,462.0,2,106,106
2016-05-19 23:00:00.000000000,1463670000000000000,462.0,462.0,462.0,462.0,0,106,106
2016-05-20 09:00:00.000000000,1463706000000000000,462.0,468.5,442.5,455.5,11,106,105
2016-05-20 10:00:00.000000000,1463709600000000000,455.5,468.5,455.5,468.5,3,105,106
2016-05-20 11:00:00.000000000,1463713200000000000,468.5,468.5,464.5,464.5,1,106,106
2016-05-20 13:00:00.000000000,1463720400000000000,464.5,464.5,464.5,464.5,0,106,106
2016-05-20 14:00:00.000000000,1463724000000000000,464.5,474.0,464.0,470.0,8,106,106
2016-05-20 21:00:00.000000000,1463749200000000000,465.0,465.0,458.5,459.0,13,106,107
2016-05-20 22:00:00.000000000,1463752800000000000,459.0,459.0,453.5,453.5,4,107,106
2016-05-20 23:00:00.000000000,1463756400000000000,453.5,453.5,448.0,452.0,4,106,106
2016-05-23 09:00:00.000000000,1463965200000000000,452.0,455.0,451.0,455.0,4,106,105
2016-05-23 10:00:00.000000000,1463968800000000000,455.0,455.0,446.0,453.0,4,105,105
2016-05-23 11:00:00.000000000,1463972400000000000,453.0,453.0,448.5,448.5,2,105,105
2016-05-23 13:00:00.000000000,1463979600000000000,448.5,448.5,446.0,446.0,2,105,105
2016-05-23 14:00:00.000000000,1463983200000000000,446.0,457.0,446.0,457.0,8,105,105
2016-05-23 21:00:00.000000000,1464008400000000000,459.0,459.0,454.0,454.5,5,105,105
2016-05-23 22:00:00.000000000,1464012000000000000,454.5,454.5,454.0,454.0,1,105,105
2016-05-23 23:00:00.000000000,1464015600000000000,454.0,458.0,454.0,458.0,1,105,105
2016-05-24 09:00:00.000000000,1464051600000000000,458.0,460.0,450.5,455.0,14,105,106
2016-05-24 10:00:00.000000000,1464055200000000000,455.0,457.0,455.0,457.0,4,106,106
2016-05-24 11:00:00.000000000,1464058800000000000,457.0,457.0,455.0,455.0,2,106,105
2016-05-24 13:00:00.000000000,1464066000000000000,455.0,455.0,455.0,455.0,0,105,105
2016-05-24 14:00:00.000000000,1464069600000000000,455.0,475.0,455.0,465.0,15,105,107
2016-05-24 21:00:00.000000000,1464094800000000000,467.0,472.0,467.0,472.0,3,107,107
2016-05-24 22:00:00.000000000,1464098400000000000,472.0,473.0,466.0,467.0,7,107,108
2016-05-24 23:00:00.000000000,1464102000000000000,467.0,467.0,467.0,467.0,0,108,108
2016-05-25 09:00:00.000000000,1464138000000000000,467.0,467.0,465.0,465.0,2,108,108
2016-05-25 10:00:00.000000000,1464141600000000000,465.0,466.5,464.0,466.5,4,108,106
2016-05-25 11:00:00.000000000,1464145200000000000,466.5,466.5,466.5,466.5,0,106,106
2016-05-25 13:00:00.000000000,1464152400000000000,466.5,466.5,466.5,466.5,0,106,106
2016-05-25 14:00:00.000000000,1464156000000000000,466.5,469.0,464.5,469.0,2,106,106
2016-05-25 21:00:00.000000000,1464181200000000000,477.5,477.5,470.0,470.0,21,106,117
2016-05-25 22:00:00.000000000,1464184800000000000,470.0,472.0,467.0,467.0,20,117,115
2016-05-25 23:00:00.000000000,1464188400000000000,467.0,467.0,467.0,467.0,4,115,117
2016-05-26 09:00:00.000000000,1464224400000000000,467.0,471.5,466.0,469.0,19,117,117
2016-05-26 10:00:00.000000000,1464228000000000000,469.0,470.0,468.5,468.5,7,117,119
2016-05-26 11:00:00.000000000,1464231600000000000,468.5,468.5,466.5,466.5,2,119,119
2016-05-26 13:00:00.000000000,1464238800000000000,466.5,466.5,466.5,466.5,0,119,119
2016-05-26 14:00:00.000000000,1464242400000000000,466.5,469.0,466.5,469.0,1,119,120
2016-05-26 21:00:00.000000000,1464267600000000000,468.5,468.5,465.5,465.5,6,120,122
2016-05-26 22:00:00.000000000,1464271200000000000,465.5,465.5,445.0,456.5,54,122,117
2016-05-26 23:00:00.000000000,1464274800000000000,456.5,461.0,455.0,455.0,14,117,115
2016-05-27 09:00:00.000000000,1464310800000000000,455.0,459.5,450.5,456.0,8,115,114
2016-05-27 10:00:00.000000000,1464314400000000000,456.0,456.0,456.0,456.0,0,114,114
2016-05-27 11:00:00.000000000,1464318000000000000,456.0,464.5,456.0,464.5,5,114,112
2016-05-27 13:00:00.000000000,1464325200000000000,464.5,468.0,464.5,468.0,2,112,112
2016-05-27 14:00:00.000000000,1464328800000000000,468.0,468.0,455.0,458.0,15,112,116
2016-05-27 21:00:00.000000000,1464354000000000000,451.0,460.0,443.0,446.0,9,116,117
2016-05-27 22:00:00.000000000,1464357600000000000,446.0,446.0,439.5,439.5,40,117,117
2016-05-27 23:00:00.000000000,1464361200000000000,439.5,440.0,439.5,440.0,1,117,117
2016-05-30 09:00:00.000000000,1464570000000000000,440.0,440.0,429.0,429.5,77,117,127
2016-05-30 10:00:00.000000000,1464573600000000000,429.5,433.5,429.0,429.0,4,127,125
2016-05-30 11:00:00.000000000,1464577200000000000,429.0,429.0,429.0,429.0,0,125,125
2016-05-30 13:00:00.000000000,1464584400000000000,429.0,429.0,429.0,429.0,0,125,125
2016-05-30 14:00:00.000000000,1464588000000000000,429.0,439.0,429.0,429.0,14,125,116
2016-05-30 21:00:00.000000000,1464613200000000000,430.0,449.0,420.5,420.5,66,116,116
2016-05-30 22:00:00.000000000,1464616800000000000,420.5,420.5,420.5,420.5,0,116,116
2016-05-30 23:00:00.000000000,1464620400000000000,420.5,420.5,412.5,412.5,1,116,117
2016-05-31 09:00:00.000000000,1464656400000000000,412.5,427.0,410.5,427.0,14,117,111
2016-05-31 10:00:00.000000000,1464660000000000000,427.0,440.0,427.0,440.0,4,111,109
2016-05-31 11:00:00.000000000,1464663600000000000,440.0,440.0,440.0,440.0,0,109,109
2016-05-31 13:00:00.000000000,1464670800000000000,440.0,455.0,440.0,455.0,5,109,109
2016-05-31 14:00:00.000000000,1464674400000000000,455.0,455.0,448.0,450.5,8,109,106
2016-05-31 21:00:00.000000000,1464699600000000000,450.5,450.5,450.5,450.5,0,106,106
2016-05-31 22:00:00.000000000,1464703200000000000,450.5,450.5,450.5,450.5,0,106,106
2016-05-31 23:00:00.000000000,1464706800000000000,450.5,450.5,450.5,450.5,0,106,106
2016-06-01 09:00:00.000000000,1464742800000000000,460.0,460.0,460.0,460.0,1,106,106
2016-06-01 10:00:00.000000000,1464746400000000000,460.0,460.0,460.0,460.0,2,106,104
2016-06-01 11:00:00.000000000,1464750000000000000,460.0,460.0,460.0,460.0,0,104,104
2016-06-01 13:00:00.000000000,1464757200000000000,460.0,460.0,460.0,460.0,0,104,104
2016-06-01 14:00:00.000000000,1464760800000000000,460.0,460.0,460.0,460.0,0,104,104
2016-06-01 21:00:00.000000000,1464786000000000000,487.5,487.5,487.5,487.5,2,104,104
2016-06-01 22:00:00.000000000,1464789600000000000,487.5,487.5,487.5,487.5,0,104,104
2016-06-01 23:00:00.000000000,1464793200000000000,487.5,487.5,487.5,487.5,0,104,104
2016-06-02 09:00:00.000000000,1464829200000000000,487.5,487.5,487.0,487.0,1,104,103
2016-06-02 10:00:00.000000000,1464832800000000000,487.0,487.0,487.0,487.0,0,103,103
2016-06-02 11:00:00.000000000,1464836400000000000,487.0,487.0,487.0,487.0,0,103,103
2016-06-02 13:00:00.000000000,1464843600000000000,487.0,487.0,487.0,487.0,0,103,103
2016-06-02 14:00:00.000000000,1464847200000000000,487.0,487.0,487.0,487.0,0,103,103
2016-06-03 21:00:00.000000000,1464958800000000000,487.0,487.0,487.0,487.0,0,103,103
2016-06-03 22:00:00.000000000,1464962400000000000,487.0,487.0,487.0,487.0,0,103,103
2016-06-03 23:00:00.000000000,1464966000000000000,487.0,487.0,487.0,487.0,0,103,103
2016-06-06 09:00:00.000000000,1465174800000000000,487.0,487.0,487.0,487.0,0,103,103
2016-06-06 10:00:00.000000000,1465178400000000000,460.0,460.0,460.0,460.0,2,103,103
2016-06-06 11:00:00.000000000,1465182000000000000,460.0,460.0,460.0,460.0,0,103,103
2016-06-06 13:00:00.000000000,1465189200000000000,460.0,460.0,458.5,458.5,1,103,103
2016-06-06 14:00:00.000000000,1465192800000000000,458.5,458.5,458.5,458.5,0,103,103
2016-06-13 21:00:00.000000000,1465822800000000000,458.5,458.5,458.5,458.5,0,103,103
2016-06-13 22:00:00.000000000,1465826400000000000,458.5,458.5,458.5,458.5,0,103,103
2016-06-13 23:00:00.000000000,1465830000000000000,458.5,458.5,458.5,458.5,0,103,103
2016-06-14 09:00:00.000000000,1465866000000000000,458.5,458.5,458.5,458.5,0,103,103
2016-06-14 10:00:00.000000000,1465869600000000000,458.5,458.5,458.5,458.5,0,103,103
2016-06-14 11:00:00.000000000,1465873200000000000,458.5,458.5,458.5,458.5,0,103,103
2016-06-14 13:00:00.000000000,1465880400000000000,458.5,458.5,458.5,458.5,0,103,103
2016-06-14 14:00:00.000000000,1465884000000000000,487.0,487.0,487.0,487.0,1,103,102
2016-06-14 21:00:00.000000000,1465909200000000000,487.0,487.0,487.0,487.0,0,102,102
2016-06-14 22:00:00.000000000,1465912800000000000,487.0,487.0,487.0,487.0,0,102,102
2016-06-14 23:00:00.000000000,1465916400000000000,487.0,487.0,487.0,487.0,0,102,102
2016-06-15 09:00:00.000000000,1465952400000000000,499.0,499.0,499.0,499.0,1,102,101
2016-06-15 10:00:00.000000000,1465956000000000000,499.0,499.0,499.0,499.0,0,101,101
2016-06-15 11:00:00.000000000,1465959600000000000,499.0,499.0,499.0,499.0,0,101,101
2016-06-15 13:00:00.000000000,1465966800000000000,499.0,499.0,499.0,499.0,0,101,101
2016-06-15 14:00:00.000000000,1465970400000000000,499.0,499.0,499.0,499.0,0,101,101
2016-06-15 21:00:00.000000000,1465995600000000000,499.0,499.0,499.0,499.0,0,101,101
2016-06-15 22:00:00.000000000,1465999200000000000,499.0,499.0,499.0,499.0,0,101,101
2016-06-15 23:00:00.000000000,1466002800000000000,499.0,499.0,499.0,499.0,0,101,101
2016-06-16 09:00:00.000000000,1466038800000000000,499.0,499.0,499.0,499.0,0,101,101
2016-06-16 10:00:00.000000000,1466042400000000000,499.0,499.0,499.0,499.0,0,101,101
2016-06-16 11:00:00.000000000,1466046000000000000,499.0,499.0,499.0,499.0,0,101,101
2016-06-16 13:00:00.000000000,1466053200000000000,499.0,499.0,499.0,499.0,0,101,101
2016-06-16 14:00:00.000000000,1466056800000000000,490.0,490.0,490.0,490.0,1,101,0
