datetime,datetime_nano,DCE.cs1603.open,DCE.cs1603.high,DCE.cs1603.low,DCE.cs1603.close,DCE.cs1603.volume,DCE.cs1603.open_oi,DCE.cs1603.close_oi
2016-01-04 10:35:00.000000000,1451874900000000000,2222.0,2222.0,2222.0,2222.0,1,0,33
2016-01-04 10:40:00.000000000,1451875200000000000,2222.0,2222.0,2222.0,2222.0,0,33,33
2016-01-04 10:45:00.000000000,1451875500000000000,2222.0,2222.0,2222.0,2222.0,0,33,33
2016-01-04 10:50:00.000000000,1451875800000000000,2222.0,2222.0,2222.0,2222.0,0,33,33
2016-01-04 10:55:00.000000000,1451876100000000000,2222.0,2222.0,2222.0,2222.0,0,33,33
2016-01-04 11:00:00.000000000,1451876400000000000,2222.0,2222.0,2222.0,2222.0,0,33,33
2016-01-04 11:05:00.000000000,1451876700000000000,2222.0,2222.0,2222.0,2222.0,0,33,33
2016-01-04 11:10:00.000000000,1451877000000000000,2222.0,2222.0,2222.0,2222.0,0,33,33
2016-01-04 11:15:00.000000000,1451877300000000000,2222.0,2222.0,2222.0,2222.0,0,33,33
2016-01-04 11:20:00.000000000,1451877600000000000,2222.0,2222.0,2222.0,2222.0,0,33,33
2016-01-04 11:25:00.000000000,1451877900000000000,2222.0,2222.0,2222.0,2222.0,0,33,33
2016-01-04 13:30:00.000000000,1451885400000000000,2222.0,2222.0,2222.0,2222.0,0,33,33
2016-01-04 13:35:00.000000000,1451885700000000000,2222.0,2222.0,2222.0,2222.0,0,33,33
2016-01-04 13:40:00.000000000,1451886000000000000,2222.0,2222.0,2222.0,2222.0,0,33,33
2016-01-04 13:45:00.000000000,1451886300000000000,2222.0,2222.0,2222.0,2222.0,0,33,33
2016-01-04 13:50:00.000000000,1451886600000000000,2222.0,2222.0,2222.0,2222.0,0,33,33
2016-01-04 13:55:00.000000000,1451886900000000000,2222.0,2222.0,2222.0,2222.0,0,33,33
2016-01-04 14:00:00.000000000,1451887200000000000,2222.0,2222.0,2222.0,2222.0,0,33,33
2016-01-04 14:05:00.000000000,1451887500000000000,2222.0,2222.0,2222.0,2222.0,0,33,33
2016-01-04 14:10:00.000000000,1451887800000000000,2222.0,2222.0,2222.0,2222.0,0,33,33
2016-01-04 14:15:00.000000000,1451888100000000000,2222.0,2222.0,2222.0,2222.0,0,33,33
2016-01-04 14:20:00.000000000,1451888400000000000,2222.0,2222.0,2222.0,2222.0,0,33,33
2016-01-04 14:25:00.000000000,1451888700000000000,2222.0,2222.0,2222.0,2222.0,0,33,33
2016-01-04 14:30:00.000000000,1451889000000000000,2222.0,2222.0,2222.0,2222.0,0,33,33
2016-01-04 14:35:00.000000000,1451889300000000000,2222.0,2222.0,2222.0,2222.0,0,33,33
2016-01-04 14:40:00.000000000,1451889600000000000,2222.0,2222.0,2137.0,2137.0,5,33,28
2016-01-04 14:45:00.000000000,1451889900000000000,2137.0,2137.0,2137.0,2137.0,1,28,28
2016-01-04 14:50:00.000000000,1451890200000000000,2137.0,2137.0,2137.0,2137.0,0,28,28
2016-01-04 14:55:00.000000000,1451890500000000000,2137.0,2137.0,2137.0,2137.0,0,28,28
2016-01-06 09:00:00.000000000,1452042000000000000,2137.0,2137.0,2137.0,2137.0,0,28,28
2016-01-06 09:05:00.000000000,1452042300000000000,2137.0,2137.0,2137.0,2137.0,0,28,28
2016-01-06 09:10:00.000000000,1452042600000000000,2137.0,2137.0,2137.0,2137.0,0,28,28
2016-01-06 09:15:00.000000000,1452042900000000000,2137.0,2137.0,2137.0,2137.0,0,28,28
2016-01-06 09:20:00.000000000,1452043200000000000,2137.0,2137.0,2137.0,2137.0,0,28,28
2016-01-06 09:25:00.000000000,1452043500000000000,2092.0,2092.0,2092.0,2092.0,5,28,27
2016-01-06 09:30:00.000000000,1452043800000000000,2092.0,2092.0,2092.0,2092.0,0,27,27
2016-01-06 09:35:00.000000000,1452044100000000000,2092.0,2092.0,2092.0,2092.0,0,27,27
2016-01-06 09:40:00.000000000,1452044400000000000,2092.0,2092.0,2092.0,2092.0,0,27,27
2016-01-06 09:45:00.000000000,1452044700000000000,2092.0,2092.0,2092.0,2092.0,0,27,27
2016-01-06 09:50:00.000000000,1452045000000000000,2092.0,2092.0,2092.0,2092.0,0,27,27
2016-01-06 09:55:00.000000000,1452045300000000000,2092.0,2188.0,2092.0,2142.0,6,27,25
2016-01-06 10:00:00.000000000,1452045600000000000,2142.0,2170.0,2142.0,2170.0,2,25,25
2016-01-06 10:05:00.000000000,1452045900000000000,2170.0,2170.0,2170.0,2170.0,0,25,25
2016-01-06 10:10:00.000000000,1452046200000000000,2170.0,2171.0,2170.0,2170.0,6,25,30
2016-01-06 10:30:00.000000000,1452047400000000000,2170.0,2170.0,2170.0,2170.0,0,30,30
2016-01-06 10:35:00.000000000,1452047700000000000,2170.0,2170.0,2170.0,2170.0,0,30,30
2016-01-06 10:40:00.000000000,1452048000000000000,2170.0,2170.0,2153.0,2153.0,11,30,37
2016-01-06 10:45:00.000000000,1452048300000000000,2153.0,2153.0,2153.0,2153.0,0,37,37
2016-01-06 10:50:00.000000000,1452048600000000000,2153.0,2153.0,2153.0,2153.0,0,37,37
2016-01-06 10:55:00.000000000,1452048900000000000,2153.0,2153.0,2153.0,2153.0,0,37,37
2016-01-06 11:00:00.000000000,1452049200000000000,2153.0,2153.0,2153.0,2153.0,0,37,37
2016-01-06 11:05:00.000000000,1452049500000000000,2153.0,2169.0,2153.0,2169.0,2,37,39
2016-01-06 11:10:00.000000000,1452049800000000000,2169.0,2178.0,2169.0,2178.0,1,39,39
2016-01-06 11:15:00.000000000,1452050100000000000,2178.0,2178.0,2178.0,2178.0,0,39,39
2016-01-06 11:20:00.000000000,1452050400000000000,2178.0,2178.0,2178.0,2178.0,0,39,39
2016-01-06 11:25:00.000000000,1452050700000000000,2178.0,2178.0,2178.0,2178.0,0,39,39
2016-01-06 13:30:00.000000000,1452058200000000000,2178.0,2178.0,2178.0,2178.0,0,39,39
2016-01-06 13:35:00.000000000,1452058500000000000,2178.0,2178.0,2178.0,2178.0,0,39,39
2016-01-06 13:40:00.000000000,1452058800000000000,2178.0,2178.0,2178.0,2178.0,0,39,39
2016-01-06 13:45:00.000000000,1452059100000000000,2178.0,2178.0,2178.0,2178.0,0,39,39
2016-01-06 13:50:00.000000000,1452059400000000000,2178.0,2188.0,2178.0,2188.0,1,39,40
2016-01-06 13:55:00.000000000,1452059700000000000,2188.0,2188.0,2188.0,2188.0,0,40,40
2016-01-06 14:00:00.000000000,1452060000000000000,2188.0,2188.0,2188.0,2188.0,0,40,40
2016-01-06 14:05:00.000000000,1452060300000000000,2188.0,2188.0,2176.0,2176.0,1,40,40
2016-01-06 14:10:00.000000000,1452060600000000000,2176.0,2176.0,2176.0,2176.0,0,40,40
2016-01-06 14:15:00.000000000,1452060900000000000,2176.0,2176.0,2176.0,2176.0,0,40,40
2016-01-06 14:20:00.000000000,1452061200000000000,2176.0,2176.0,2176.0,2176.0,0,40,40
2016-01-06 14:25:00.000000000,1452061500000000000,2176.0,2176.0,2176.0,2176.0,0,40,40
2016-01-06 14:30:00.000000000,1452061800000000000,2176.0,2176.0,2176.0,2176.0,0,40,40
2016-01-06 14:35:00.000000000,1452062100000000000,2176.0,2176.0,2176.0,2176.0,0,40,40
2016-01-06 14:40:00.000000000,1452062400000000000,2176.0,2176.0,2176.0,2176.0,0,40,40
2016-01-06 14:45:00.000000000,1452062700000000000,2176.0,2176.0,2176.0,2176.0,0,40,40
2016-01-06 14:50:00.000000000,1452063000000000000,2176.0,2213.0,2176.0,2213.0,2,40,40
2016-01-06 14:55:00.000000000,1452063300000000000,2213.0,2213.0,2213.0,2213.0,0,40,40
2016-01-07 09:00:00.000000000,1452128400000000000,2213.0,2213.0,2213.0,2213.0,0,40,40
2016-01-07 09:05:00.000000000,1452128700000000000,2213.0,2213.0,2213.0,2213.0,0,40,40
2016-01-07 09:10:00.000000000,1452129000000000000,2213.0,2213.0,2213.0,2213.0,0,40,40
2016-01-07 09:15:00.000000000,1452129300000000000,2213.0,2213.0,2213.0,2213.0,0,40,40
2016-01-07 09:20:00.000000000,1452129600000000000,2213.0,2213.0,2213.0,2213.0,0,40,40
2016-01-07 09:25:00.000000000,1452129900000000000,2213.0,2213.0,2213.0,2213.0,0,40,40
2016-01-07 09:30:00.000000000,1452130200000000000,2213.0,2213.0,2213.0,2213.0,0,40,40
2016-01-07 09:35:00.000000000,1452130500000000000,2213.0,2213.0,2213.0,2213.0,0,40,40
2016-01-07 09:40:00.000000000,1452130800000000000,2213.0,2213.0,2213.0,2213.0,0,40,40
2016-01-07 09:45:00.000000000,1452131100000000000,2213.0,2213.0,2213.0,2213.0,0,40,40
2016-01-07 09:50:00.000000000,1452131400000000000,2213.0,2213.0,2213.0,2213.0,0,40,40
2016-01-07 09:55:00.000000000,1452131700000000000,2213.0,2213.0,2213.0,2213.0,0,40,40
2016-01-07 10:00:00.000000000,1452132000000000000,2213.0,2213.0,2213.0,2213.0,0,40,40
2016-01-07 10:05:00.000000000,1452132300000000000,2213.0,2213.0,2213.0,2213.0,0,40,40
2016-01-07 10:10:00.000000000,1452132600000000000,2213.0,2213.0,2213.0,2213.0,0,40,40
2016-01-07 10:30:00.000000000,1452133800000000000,2213.0,2213.0,2213.0,2213.0,0,40,40
2016-01-07 10:35:00.000000000,1452134100000000000,2213.0,2213.0,2213.0,2213.0,0,40,40
2016-01-07 10:40:00.000000000,1452134400000000000,2213.0,2213.0,2213.0,2213.0,0,40,40
2016-01-07 10:45:00.000000000,1452134700000000000,2213.0,2213.0,2213.0,2213.0,0,40,40
2016-01-07 10:50:00.000000000,1452135000000000000,2213.0,2213.0,2213.0,2213.0,0,40,40
2016-01-07 10:55:00.000000000,1452135300000000000,2213.0,2213.0,2213.0,2213.0,0,40,40
2016-01-07 11:00:00.000000000,1452135600000000000,2213.0,2213.0,2213.0,2213.0,0,40,40
2016-01-07 11:05:00.000000000,1452135900000000000,2213.0,2213.0,2213.0,2213.0,0,40,40
2016-01-07 11:10:00.000000000,1452136200000000000,2213.0,2213.0,2213.0,2213.0,0,40,40
2016-01-07 11:15:00.000000000,1452136500000000000,2213.0,2213.0,2213.0,2213.0,0,40,40
2016-01-07 11:20:00.000000000,1452136800000000000,2213.0,2213.0,2213.0,2213.0,0,40,40
2016-01-07 11:25:00.000000000,1452137100000000000,2213.0,2213.0,2213.0,2213.0,0,40,40
2016-01-07 13:30:00.000000000,1452144600000000000,2213.0,2213.0,2213.0,2213.0,0,40,40
2016-01-07 13:35:00.000000000,1452144900000000000,2213.0,2213.0,2213.0,2213.0,0,40,40
2016-01-07 13:40:00.000000000,1452145200000000000,2213.0,2213.0,2213.0,2213.0,0,40,40
2016-01-07 13:45:00.000000000,1452145500000000000,2213.0,2213.0,2213.0,2213.0,0,40,40
2016-01-07 13:50:00.000000000,1452145800000000000,2213.0,2213.0,2213.0,2213.0,0,40,40
2016-01-07 13:55:00.000000000,1452146100000000000,2213.0,2213.0,2213.0,2213.0,0,40,40
2016-01-07 14:00:00.000000000,1452146400000000000,2213.0,2213.0,2213.0,2213.0,0,40,40
2016-01-07 14:05:00.000000000,1452146700000000000,2167.0,2167.0,2166.0,2166.0,5,40,43
2016-01-07 14:10:00.000000000,1452147000000000000,2166.0,2166.0,2166.0,2166.0,0,43,43
2016-01-07 14:15:00.000000000,1452147300000000000,2166.0,2166.0,2166.0,2166.0,0,43,43
2016-01-07 14:20:00.000000000,1452147600000000000,2166.0,2166.0,2166.0,2166.0,0,43,43
2016-01-07 14:25:00.000000000,1452147900000000000,2166.0,2166.0,2166.0,2166.0,0,43,43
2016-01-07 14:30:00.000000000,1452148200000000000,2166.0,2166.0,2166.0,2166.0,0,43,43
2016-01-07 14:35:00.000000000,1452148500000000000,2166.0,2166.0,2166.0,2166.0,0,43,43
2016-01-07 14:40:00.000000000,1452148800000000000,2166.0,2166.0,2166.0,2166.0,0,43,43
2016-01-07 14:45:00.000000000,1452149100000000000,2166.0,2166.0,2166.0,2166.0,0,43,43
2016-01-07 14:50:00.000000000,1452149400000000000,2166.0,2166.0,2166.0,2166.0,0,43,43
2016-01-07 14:55:00.000000000,1452149700000000000,2166.0,2166.0,2166.0,2166.0,0,43,43
2016-01-11 09:00:00.000000000,1452474000000000000,2166.0,2166.0,2166.0,2166.0,0,43,43
2016-01-11 09:05:00.000000000,1452474300000000000,2166.0,2166.0,2166.0,2166.0,0,43,43
2016-01-11 09:10:00.000000000,1452474600000000000,2166.0,2166.0,2166.0,2166.0,0,43,43
2016-01-11 09:15:00.000000000,1452474900000000000,2166.0,2166.0,2166.0,2166.0,0,43,43
2016-01-11 09:20:00.000000000,1452475200000000000,2166.0,2166.0,2166.0,2166.0,0,43,43
2016-01-11 09:25:00.000000000,1452475500000000000,2166.0,2166.0,2166.0,2166.0,0,43,43
2016-01-11 09:30:00.000000000,1452475800000000000,2166.0,2166.0,2166.0,2166.0,0,43,43
2016-01-11 09:35:00.000000000,1452476100000000000,2166.0,2166.0,2166.0,2166.0,0,43,43
2016-01-11 09:40:00.000000000,1452476400000000000,2166.0,2166.0,2166.0,2166.0,0,43,43
2016-01-11 09:45:00.000000000,1452476700000000000,2166.0,2166.0,2166.0,2166.0,0,43,43
2016-01-11 09:50:00.000000000,1452477000000000000,2166.0,2166.0,2166.0,2166.0,0,43,43
2016-01-11 09:55:00.000000000,1452477300000000000,2166.0,2166.0,2166.0,2166.0,0,43,43
2016-01-11 10:00:00.000000000,1452477600000000000,2166.0,2166.0,2166.0,2166.0,0,43,43
2016-01-11 10:05:00.000000000,1452477900000000000,2166.0,2166.0,2166.0,2166.0,0,43,43
2016-01-11 10:10:00.000000000,1452478200000000000,2166.0,2166.0,2166.0,2166.0,0,43,43
2016-01-11 10:30:00.000000000,1452479400000000000,2166.0,2166.0,2166.0,2166.0,0,43,43
2016-01-11 10:35:00.000000000,1452479700000000000,2166.0,2166.0,2166.0,2166.0,0,43,43
2016-01-11 10:40:00.000000000,1452480000000000000,2166.0,2166.0,2166.0,2166.0,0,43,43
2016-01-11 10:45:00.000000000,1452480300000000000,2166.0,2166.0,2166.0,2166.0,0,43,43
2016-01-11 10:50:00.000000000,1452480600000000000,2166.0,2166.0,2166.0,2166.0,0,43,43
2016-01-11 10:55:00.000000000,1452480900000000000,2166.0,2166.0,2166.0,2166.0,0,43,43
2016-01-11 11:00:00.000000000,1452481200000000000,2166.0,2166.0,2166.0,2166.0,0,43,43
2016-01-11 11:05:00.000000000,1452481500000000000,2166.0,2166.0,2166.0,2166.0,0,43,43
2016-01-11 11:10:00.000000000,1452481800000000000,2166.0,2166.0,2166.0,2166.0,0,43,43
2016-01-11 11:15:00.000000000,1452482100000000000,2166.0,2166.0,2166.0,2166.0,0,43,43
2016-01-11 11:20:00.000000000,1452482400000000000,2166.0,2166.0,2166.0,2166.0,0,43,43
2016-01-11 11:25:00.000000000,1452482700000000000,2166.0,2166.0,2166.0,2166.0,0,43,43
2016-01-11 13:30:00.000000000,1452490200000000000,2166.0,2166.0,2166.0,2166.0,0,43,43
2016-01-11 13:35:00.000000000,1452490500000000000,2166.0,2166.0,2166.0,2166.0,0,43,43
2016-01-11 13:40:00.000000000,1452490800000000000,2166.0,2166.0,2166.0,2166.0,0,43,43
2016-01-11 13:45:00.000000000,1452491100000000000,2166.0,2166.0,2166.0,2166.0,0,43,43
2016-01-11 13:50:00.000000000,1452491400000000000,2166.0,2166.0,2166.0,2166.0,0,43,43
2016-01-11 13:55:00.000000000,1452491700000000000,2166.0,2166.0,2166.0,2166.0,0,43,43
2016-01-11 14:00:00.000000000,1452492000000000000,2166.0,2166.0,2166.0,2166.0,0,43,43
2016-01-11 14:05:00.000000000,1452492300000000000,2166.0,2166.0,2166.0,2166.0,0,43,43
2016-01-11 14:10:00.000000000,1452492600000000000,2160.0,2160.0,2160.0,2160.0,2,43,45
2016-01-11 14:15:00.000000000,1452492900000000000,2160.0,2160.0,2160.0,2160.0,0,45,45
2016-01-11 14:20:00.000000000,1452493200000000000,2160.0,2160.0,2160.0,2160.0,0,45,45
2016-01-11 14:25:00.000000000,1452493500000000000,2160.0,2160.0,2160.0,2160.0,0,45,45
2016-01-11 14:30:00.000000000,1452493800000000000,2160.0,2160.0,2160.0,2160.0,0,45,45
2016-01-11 14:35:00.000000000,1452494100000000000,2160.0,2160.0,2160.0,2160.0,0,45,45
2016-01-11 14:40:00.000000000,1452494400000000000,2160.0,2160.0,2160.0,2160.0,0,45,45
2016-01-11 14:45:00.000000000,1452494700000000000,2160.0,2160.0,2160.0,2160.0,0,45,45
2016-01-11 14:50:00.000000000,1452495000000000000,2160.0,2160.0,2160.0,2160.0,0,45,45
2016-01-11 14:55:00.000000000,1452495300000000000,2160.0,2160.0,2160.0,2160.0,0,45,45
2016-01-13 09:00:00.000000000,1452646800000000000,2160.0,2160.0,2160.0,2160.0,0,45,45
2016-01-13 09:05:00.000000000,1452647100000000000,2160.0,2160.0,2160.0,2160.0,0,45,45
2016-01-13 09:10:00.000000000,1452647400000000000,2160.0,2160.0,2160.0,2160.0,0,45,45
2016-01-13 09:15:00.000000000,1452647700000000000,2160.0,2160.0,2160.0,2160.0,0,45,45
2016-01-13 09:20:00.000000000,1452648000000000000,2160.0,2160.0,2160.0,2160.0,0,45,45
2016-01-13 09:25:00.000000000,1452648300000000000,2160.0,2160.0,2160.0,2160.0,0,45,45
2016-01-13 09:30:00.000000000,1452648600000000000,2160.0,2160.0,2160.0,2160.0,0,45,45
2016-01-13 09:35:00.000000000,1452648900000000000,2160.0,2160.0,2160.0,2160.0,0,45,45
2016-01-13 09:40:00.000000000,1452649200000000000,2160.0,2160.0,2160.0,2160.0,0,45,45
2016-01-13 09:45:00.000000000,1452649500000000000,2160.0,2160.0,2160.0,2160.0,0,45,45
2016-01-13 09:50:00.000000000,1452649800000000000,2160.0,2160.0,2160.0,2160.0,0,45,45
2016-01-13 09:55:00.000000000,1452650100000000000,2160.0,2160.0,2160.0,2160.0,0,45,45
2016-01-13 10:00:00.000000000,1452650400000000000,2160.0,2160.0,2160.0,2160.0,0,45,45
2016-01-13 10:05:00.000000000,1452650700000000000,2160.0,2160.0,2160.0,2160.0,0,45,45
2016-01-13 10:10:00.000000000,1452651000000000000,2160.0,2160.0,2160.0,2160.0,0,45,45
2016-01-13 10:30:00.000000000,1452652200000000000,2160.0,2160.0,2160.0,2160.0,0,45,45
2016-01-13 10:35:00.000000000,1452652500000000000,2160.0,2160.0,2160.0,2160.0,0,45,45
2016-01-13 10:40:00.000000000,1452652800000000000,2160.0,2160.0,2160.0,2160.0,0,45,45
2016-01-13 10:45:00.000000000,1452653100000000000,2160.0,2160.0,2160.0,2160.0,0,45,45
2016-01-13 10:50:00.000000000,1452653400000000000,2160.0,2160.0,2160.0,2160.0,0,45,45
2016-01-13 10:55:00.000000000,1452653700000000000,2160.0,2160.0,2160.0,2160.0,0,45,45
2016-01-13 11:00:00.000000000,1452654000000000000,2160.0,2160.0,2160.0,2160.0,0,45,45
2016-01-13 11:05:00.000000000,1452654300000000000,2160.0,2160.0,2160.0,2160.0,0,45,45
2016-01-13 11:10:00.000000000,1452654600000000000,2160.0,2160.0,2160.0,2160.0,0,45,45
2016-01-13 11:15:00.000000000,1452654900000000000,2160.0,2160.0,2160.0,2160.0,0,45,45
2016-01-13 11:20:00.000000000,1452655200000000000,2160.0,2160.0,2160.0,2160.0,0,45,45
2016-01-13 11:25:00.000000000,1452655500000000000,2160.0,2160.0,2160.0,2160.0,0,45,45
2016-01-13 13:30:00.000000000,1452663000000000000,2160.0,2160.0,2160.0,2160.0,0,45,45
2016-01-13 13:35:00.000000000,1452663300000000000,2160.0,2160.0,2160.0,2160.0,0,45,45
2016-01-13 13:40:00.000000000,1452663600000000000,2160.0,2160.0,2160.0,2160.0,0,45,45
2016-01-13 13:45:00.000000000,1452663900000000000,2160.0,2160.0,2160.0,2160.0,0,45,45
2016-01-13 13:50:00.000000000,1452664200000000000,2160.0,2160.0,2160.0,2160.0,0,45,45
2016-01-13 13:55:00.000000000,1452664500000000000,2160.0,2160.0,2160.0,2160.0,0,45,45
2016-01-13 14:00:00.000000000,1452664800000000000,2160.0,2160.0,2160.0,2160.0,0,45,45
2016-01-13 14:05:00.000000000,1452665100000000000,2231.0,2231.0,2148.0,2148.0,2,45,45
2016-01-13 14:10:00.000000000,1452665400000000000,2148.0,2148.0,2148.0,2148.0,0,45,45
2016-01-13 14:15:00.000000000,1452665700000000000,2148.0,2148.0,2148.0,2148.0,0,45,45
2016-01-13 14:20:00.000000000,1452666000000000000,2148.0,2148.0,2148.0,2148.0,0,45,45
2016-01-13 14:25:00.000000000,1452666300000000000,2148.0,2148.0,2148.0,2148.0,0,45,45
2016-01-13 14:30:00.000000000,1452666600000000000,2148.0,2148.0,2148.0,2148.0,0,45,45
2016-01-13 14:35:00.000000000,1452666900000000000,2148.0,2148.0,2148.0,2148.0,0,45,45
2016-01-13 14:40:00.000000000,1452667200000000000,2148.0,2148.0,2148.0,2148.0,0,45,45
2016-01-13 14:45:00.000000000,1452667500000000000,2148.0,2148.0,2148.0,2148.0,0,45,45
2016-01-13 14:50:00.000000000,1452667800000000000,2148.0,2148.0,2148.0,2148.0,0,45,45
2016-01-13 14:55:00.000000000,1452668100000000000,2148.0,2148.0,2148.0,2148.0,0,45,45
2016-01-14 09:00:00.000000000,1452733200000000000,2148.0,2148.0,2148.0,2148.0,0,45,45
2016-01-14 09:05:00.000000000,1452733500000000000,2148.0,2148.0,2148.0,2148.0,0,45,45
2016-01-14 09:10:00.000000000,1452733800000000000,2148.0,2148.0,2148.0,2148.0,0,45,45
2016-01-14 09:15:00.000000000,1452734100000000000,2148.0,2148.0,2148.0,2148.0,0,45,45
2016-01-14 09:20:00.000000000,1452734400000000000,2148.0,2148.0,2148.0,2148.0,0,45,45
2016-01-14 09:25:00.000000000,1452734700000000000,2148.0,2148.0,2148.0,2148.0,0,45,45
2016-01-14 09:30:00.000000000,1452735000000000000,2148.0,2148.0,2148.0,2148.0,0,45,45
2016-01-14 09:35:00.000000000,1452735300000000000,2148.0,2148.0,2148.0,2148.0,0,45,45
2016-01-14 09:40:00.000000000,1452735600000000000,2148.0,2148.0,2148.0,2148.0,0,45,45
2016-01-14 09:45:00.000000000,1452735900000000000,2148.0,2148.0,2148.0,2148.0,0,45,45
2016-01-14 09:50:00.000000000,1452736200000000000,2148.0,2148.0,2148.0,2148.0,0,45,45
2016-01-14 09:55:00.000000000,1452736500000000000,2148.0,2148.0,2148.0,2148.0,0,45,45
2016-01-14 10:00:00.000000000,1452736800000000000,2148.0,2148.0,2148.0,2148.0,0,45,45
2016-01-14 10:05:00.000000000,1452737100000000000,2148.0,2148.0,2148.0,2148.0,5,45,50
2016-01-14 10:10:00.000000000,1452737400000000000,2148.0,2148.0,2116.0,2116.0,5,50,48
2016-01-14 10:30:00.000000000,1452738600000000000,2116.0,2116.0,2116.0,2116.0,8,48,43
2016-01-14 10:35:00.000000000,1452738900000000000,2116.0,2116.0,2116.0,2116.0,1,43,43
2016-01-14 10:40:00.000000000,1452739200000000000,2116.0,2116.0,2116.0,2116.0,0,43,43
2016-01-14 10:45:00.000000000,1452739500000000000,2116.0,2116.0,2116.0,2116.0,0,43,43
2016-01-14 10:50:00.000000000,1452739800000000000,2116.0,2116.0,2116.0,2116.0,0,43,43
2016-01-14 10:55:00.000000000,1452740100000000000,2116.0,2116.0,2116.0,2116.0,0,43,43
2016-01-14 11:00:00.000000000,1452740400000000000,2116.0,2116.0,2116.0,2116.0,0,43,43
2016-01-14 11:05:00.000000000,1452740700000000000,2116.0,2116.0,2116.0,2116.0,0,43,43
2016-01-14 11:10:00.000000000,1452741000000000000,2116.0,2116.0,2116.0,2116.0,0,43,43
2016-01-14 11:15:00.000000000,1452741300000000000,2116.0,2116.0,2116.0,2116.0,0,43,43
2016-01-14 11:20:00.000000000,1452741600000000000,2116.0,2116.0,2110.0,2110.0,8,43,36
2016-01-14 11:25:00.000000000,1452741900000000000,2110.0,2110.0,2110.0,2110.0,0,36,36
2016-01-14 13:30:00.000000000,1452749400000000000,2110.0,2110.0,2110.0,2110.0,0,36,36
2016-01-14 13:35:00.000000000,1452749700000000000,2110.0,2110.0,2110.0,2110.0,0,36,36
2016-01-14 13:40:00.000000000,1452750000000000000,2111.0,2111.0,2111.0,2111.0,1,36,36
2016-01-14 13:45:00.000000000,1452750300000000000,2111.0,2111.0,2110.0,2110.0,2,36,34
2016-01-14 13:50:00.000000000,1452750600000000000,2110.0,2110.0,2110.0,2110.0,0,34,34
2016-01-14 13:55:00.000000000,1452750900000000000,2110.0,2110.0,2110.0,2110.0,0,34,34
2016-01-14 14:00:00.000000000,1452751200000000000,2110.0,2110.0,2110.0,2110.0,10,34,24
2016-01-14 14:05:00.000000000,1452751500000000000,2110.0,2110.0,2110.0,2110.0,0,24,24
2016-01-14 14:10:00.000000000,1452751800000000000,2110.0,2110.0,2110.0,2110.0,0,24,24
2016-01-14 14:15:00.000000000,1452752100000000000,2110.0,2110.0,2110.0,2110.0,0,24,24
2016-01-14 14:20:00.000000000,1452752400000000000,2110.0,2110.0,2110.0,2110.0,0,24,24
2016-01-14 14:25:00.000000000,1452752700000000000,2110.0,2110.0,2110.0,2110.0,0,24,24
2016-01-14 14:30:00.000000000,1452753000000000000,2110.0,2110.0,2110.0,2110.0,0,24,24
2016-01-14 14:35:00.000000000,1452753300000000000,2110.0,2147.0,2110.0,2147.0,1,24,24
2016-01-14 14:40:00.000000000,1452753600000000000,2147.0,2147.0,2147.0,2147.0,0,24,24
2016-01-14 14:45:00.000000000,1452753900000000000,2147.0,2147.0,2147.0,2147.0,0,24,24
2016-01-14 14:50:00.000000000,1452754200000000000,2147.0,2147.0,2147.0,2147.0,0,24,24
2016-01-14 14:55:00.000000000,1452754500000000000,2147.0,2147.0,2147.0,2147.0,0,24,24
2016-01-22 09:00:00.000000000,1453424400000000000,2147.0,2147.0,2147.0,2147.0,0,24,24
2016-01-22 09:05:00.000000000,1453424700000000000,2147.0,2147.0,2147.0,2147.0,0,24,24
2016-01-22 09:10:00.000000000,1453425000000000000,2147.0,2147.0,2147.0,2147.0,0,24,24
2016-01-22 09:15:00.000000000,1453425300000000000,2201.0,2201.0,2047.0,2047.0,2,24,24
2016-01-22 09:20:00.000000000,1453425600000000000,2047.0,2047.0,2047.0,2047.0,0,24,24
2016-01-22 09:25:00.000000000,1453425900000000000,2047.0,2047.0,2047.0,2047.0,0,24,24
2016-01-22 09:30:00.000000000,1453426200000000000,2047.0,2047.0,2047.0,2047.0,0,24,24
2016-01-22 09:35:00.000000000,1453426500000000000,2047.0,2047.0,2047.0,2047.0,0,24,24
2016-01-22 09:40:00.000000000,1453426800000000000,2047.0,2047.0,2047.0,2047.0,0,24,24
2016-01-22 09:45:00.000000000,1453427100000000000,2047.0,2047.0,2047.0,2047.0,0,24,24
2016-01-22 09:50:00.000000000,1453427400000000000,2047.0,2047.0,2047.0,2047.0,0,24,24
2016-01-22 09:55:00.000000000,1453427700000000000,2047.0,2047.0,2047.0,2047.0,0,24,24
2016-01-22 10:00:00.000000000,1453428000000000000,2047.0,2047.0,2047.0,2047.0,0,24,24
2016-01-22 10:05:00.000000000,1453428300000000000,2047.0,2047.0,2047.0,2047.0,0,24,24
2016-01-22 10:10:00.000000000,1453428600000000000,2047.0,2047.0,2047.0,2047.0,0,24,24
2016-01-22 10:30:00.000000000,1453429800000000000,2047.0,2179.0,2047.0,2179.0,1,24,23
2016-01-22 10:35:00.000000000,1453430100000000000,2179.0,2179.0,2179.0,2179.0,0,23,23
2016-01-22 10:40:00.000000000,1453430400000000000,2179.0,2179.0,2179.0,2179.0,0,23,23
2016-01-22 10:45:00.000000000,1453430700000000000,2179.0,2179.0,2179.0,2179.0,0,23,23
2016-01-22 10:50:00.000000000,1453431000000000000,2179.0,2179.0,2179.0,2179.0,0,23,23
2016-01-22 10:55:00.000000000,1453431300000000000,2179.0,2179.0,2179.0,2179.0,0,23,23
2016-01-22 11:00:00.000000000,1453431600000000000,2179.0,2179.0,2179.0,2179.0,0,23,23
2016-01-22 11:05:00.000000000,1453431900000000000,2179.0,2179.0,2179.0,2179.0,0,23,23
2016-01-22 11:10:00.000000000,1453432200000000000,2179.0,2179.0,2179.0,2179.0,0,23,23
2016-01-22 11:15:00.000000000,1453432500000000000,2179.0,2179.0,2179.0,2179.0,0,23,23
2016-01-22 11:20:00.000000000,1453432800000000000,2179.0,2179.0,2179.0,2179.0,0,23,23
2016-01-22 11:25:00.000000000,1453433100000000000,2179.0,2179.0,2179.0,2179.0,0,23,23
2016-01-22 13:30:00.000000000,1453440600000000000,2179.0,2179.0,2179.0,2179.0,0,23,23
2016-01-22 13:35:00.000000000,1453440900000000000,2179.0,2179.0,2179.0,2179.0,0,23,23
2016-01-22 13:40:00.000000000,1453441200000000000,2179.0,2179.0,2179.0,2179.0,0,23,23
2016-01-22 13:45:00.000000000,1453441500000000000,2179.0,2179.0,2179.0,2179.0,0,23,23
2016-01-22 13:50:00.000000000,1453441800000000000,2179.0,2179.0,2179.0,2179.0,0,23,23
2016-01-22 13:55:00.000000000,1453442100000000000,2179.0,2179.0,2179.0,2179.0,0,23,23
2016-01-22 14:00:00.000000000,1453442400000000000,2179.0,2179.0,2179.0,2179.0,0,23,23
2016-01-22 14:05:00.000000000,1453442700000000000,2179.0,2179.0,2179.0,2179.0,0,23,23
2016-01-22 14:10:00.000000000,1453443000000000000,2179.0,2179.0,2179.0,2179.0,0,23,23
2016-01-22 14:15:00.000000000,1453443300000000000,2179.0,2179.0,2179.0,2179.0,0,23,23
2016-01-22 14:20:00.000000000,1453443600000000000,2179.0,2179.0,2179.0,2179.0,0,23,23
2016-01-22 14:25:00.000000000,1453443900000000000,2179.0,2179.0,2179.0,2179.0,0,23,23
2016-01-22 14:30:00.000000000,1453444200000000000,2179.0,2179.0,2179.0,2179.0,0,23,23
2016-01-22 14:35:00.000000000,1453444500000000000,2179.0,2179.0,2179.0,2179.0,0,23,23
2016-01-22 14:40:00.000000000,1453444800000000000,2179.0,2179.0,2179.0,2179.0,0,23,23
2016-01-22 14:45:00.000000000,1453445100000000000,2179.0,2179.0,2179.0,2179.0,0,23,23
2016-01-22 14:50:00.000000000,1453445400000000000,2179.0,2179.0,2179.0,2179.0,0,23,23
2016-01-22 14:55:00.000000000,1453445700000000000,2179.0,2179.0,2179.0,2179.0,0,23,23
2016-01-25 09:00:00.000000000,1453683600000000000,2146.0,2146.0,2146.0,2146.0,1,23,23
2016-01-25 09:05:00.000000000,1453683900000000000,2146.0,2146.0,2146.0,2146.0,0,23,23
2016-01-25 09:10:00.000000000,1453684200000000000,2146.0,2146.0,2146.0,2146.0,0,23,23
2016-01-25 09:15:00.000000000,1453684500000000000,2146.0,2146.0,2146.0,2146.0,0,23,23
2016-01-25 09:20:00.000000000,1453684800000000000,2146.0,2146.0,2146.0,2146.0,0,23,23
2016-01-25 09:25:00.000000000,1453685100000000000,2146.0,2146.0,2146.0,2146.0,0,23,23
2016-01-25 09:30:00.000000000,1453685400000000000,2146.0,2146.0,2146.0,2146.0,0,23,23
2016-01-25 09:35:00.000000000,1453685700000000000,2146.0,2146.0,2146.0,2146.0,0,23,23
2016-01-25 09:40:00.000000000,1453686000000000000,2146.0,2146.0,2146.0,2146.0,0,23,23
2016-01-25 09:45:00.000000000,1453686300000000000,2146.0,2146.0,2146.0,2146.0,0,23,23
2016-01-25 09:50:00.000000000,1453686600000000000,2146.0,2146.0,2146.0,2146.0,0,23,23
2016-01-25 09:55:00.000000000,1453686900000000000,2146.0,2146.0,2146.0,2146.0,0,23,23
2016-01-25 10:00:00.000000000,1453687200000000000,2146.0,2146.0,2146.0,2146.0,0,23,23
2016-01-25 10:05:00.000000000,1453687500000000000,2146.0,2146.0,2146.0,2146.0,0,23,23
2016-01-25 10:10:00.000000000,1453687800000000000,2146.0,2146.0,2146.0,2146.0,0,23,23
2016-01-25 10:30:00.000000000,1453689000000000000,2146.0,2146.0,2146.0,2146.0,0,23,23
2016-01-25 10:35:00.000000000,1453689300000000000,2146.0,2146.0,2146.0,2146.0,0,23,23
2016-01-25 10:40:00.000000000,1453689600000000000,2146.0,2146.0,2146.0,2146.0,0,23,23
2016-01-25 10:45:00.000000000,1453689900000000000,2146.0,2146.0,2146.0,2146.0,0,23,23
2016-01-25 10:50:00.000000000,1453690200000000000,2146.0,2146.0,2146.0,2146.0,0,23,23
2016-01-25 10:55:00.000000000,1453690500000000000,2146.0,2146.0,2146.0,2146.0,0,23,23
2016-01-25 11:00:00.000000000,1453690800000000000,2146.0,2146.0,2146.0,2146.0,0,23,23
2016-01-25 11:05:00.000000000,1453691100000000000,2146.0,2146.0,2146.0,2146.0,0,23,23
2016-01-25 11:10:00.000000000,1453691400000000000,2146.0,2146.0,2146.0,2146.0,0,23,23
2016-01-25 11:15:00.000000000,1453691700000000000,2146.0,2146.0,2146.0,2146.0,0,23,23
2016-01-25 11:20:00.000000000,1453692000000000000,2146.0,2146.0,2146.0,2146.0,0,23,23
2016-01-25 11:25:00.000000000,1453692300000000000,2146.0,2146.0,2146.0,2146.0,0,23,23
2016-01-25 13:30:00.000000000,1453699800000000000,2153.0,2153.0,2153.0,2153.0,2,23,22
2016-01-25 13:35:00.000000000,1453700100000000000,2153.0,2153.0,2153.0,2153.0,0,22,22
2016-01-25 13:40:00.000000000,1453700400000000000,2153.0,2153.0,2153.0,2153.0,0,22,22
2016-01-25 13:45:00.000000000,1453700700000000000,2153.0,2153.0,2153.0,2153.0,0,22,22
2016-01-25 13:50:00.000000000,1453701000000000000,2153.0,2153.0,2153.0,2153.0,0,22,22
2016-01-25 13:55:00.000000000,1453701300000000000,2153.0,2153.0,2153.0,2153.0,0,22,22
2016-01-25 14:00:00.000000000,1453701600000000000,2153.0,2153.0,2153.0,2153.0,0,22,22
2016-01-25 14:05:00.000000000,1453701900000000000,2153.0,2153.0,2153.0,2153.0,0,22,22
2016-01-25 14:10:00.000000000,1453702200000000000,2153.0,2153.0,2153.0,2153.0,0,22,22
2016-01-25 14:15:00.000000000,1453702500000000000,2153.0,2153.0,2153.0,2153.0,0,22,22
2016-01-25 14:20:00.000000000,1453702800000000000,2153.0,2153.0,2153.0,2153.0,0,22,22
2016-01-25 14:25:00.000000000,1453703100000000000,2153.0,2153.0,2153.0,2153.0,0,22,22
2016-01-25 14:30:00.000000000,1453703400000000000,2153.0,2153.0,2153.0,2153.0,0,22,22
2016-01-25 14:35:00.000000000,1453703700000000000,2153.0,2153.0,2153.0,2153.0,0,22,22
2016-01-25 14:40:00.000000000,1453704000000000000,2153.0,2153.0,2153.0,2153.0,0,22,22
2016-01-25 14:45:00.000000000,1453704300000000000,2153.0,2153.0,2153.0,2153.0,0,22,22
2016-01-25 14:50:00.000000000,1453704600000000000,2153.0,2153.0,2153.0,2153.0,0,22,22
2016-01-25 14:55:00.000000000,1453704900000000000,2153.0,2153.0,2153.0,2153.0,0,22,22
2016-01-26 09:00:00.000000000,1453770000000000000,2153.0,2153.0,2153.0,2153.0,0,22,22
2016-01-26 09:05:00.000000000,1453770300000000000,2153.0,2153.0,2153.0,2153.0,0,22,22
2016-01-26 09:10:00.000000000,1453770600000000000,2153.0,2153.0,2153.0,2153.0,0,22,22
2016-01-26 09:15:00.000000000,1453770900000000000,2153.0,2153.0,2153.0,2153.0,0,22,22
2016-01-26 09:20:00.000000000,1453771200000000000,2153.0,2153.0,2153.0,2153.0,0,22,22
2016-01-26 09:25:00.000000000,1453771500000000000,2153.0,2153.0,2153.0,2153.0,0,22,22
2016-01-26 09:30:00.000000000,1453771800000000000,2153.0,2153.0,2153.0,2153.0,0,22,22
2016-01-26 09:35:00.000000000,1453772100000000000,2153.0,2153.0,2153.0,2153.0,0,22,22
2016-01-26 09:40:00.000000000,1453772400000000000,2153.0,2153.0,2153.0,2153.0,0,22,22
2016-01-26 09:45:00.000000000,1453772700000000000,2153.0,2153.0,2153.0,2153.0,0,22,22
2016-01-26 09:50:00.000000000,1453773000000000000,2153.0,2153.0,2153.0,2153.0,0,22,22
2016-01-26 09:55:00.000000000,1453773300000000000,2153.0,2153.0,2153.0,2153.0,0,22,22
2016-01-26 10:00:00.000000000,1453773600000000000,2153.0,2153.0,2153.0,2153.0,0,22,22
2016-01-26 10:05:00.000000000,1453773900000000000,2153.0,2153.0,2153.0,2153.0,0,22,22
2016-01-26 10:10:00.000000000,1453774200000000000,2153.0,2153.0,2153.0,2153.0,0,22,22
2016-01-26 10:30:00.000000000,1453775400000000000,2153.0,2153.0,2153.0,2153.0,0,22,22
2016-01-26 10:35:00.000000000,1453775700000000000,2153.0,2153.0,2153.0,2153.0,0,22,22
2016-01-26 10:40:00.000000000,1453776000000000000,2153.0,2153.0,2153.0,2153.0,0,22,22
2016-01-26 10:45:00.000000000,1453776300000000000,2153.0,2153.0,2153.0,2153.0,0,22,22
2016-01-26 10:50:00.000000000,1453776600000000000,2153.0,2153.0,2153.0,2153.0,0,22,22
2016-01-26 10:55:00.000000000,1453776900000000000,2153.0,2153.0,2153.0,2153.0,0,22,22
2016-01-26 11:00:00.000000000,1453777200000000000,2153.0,2153.0,2153.0,2153.0,0,22,22
2016-01-26 11:05:00.000000000,1453777500000000000,2153.0,2153.0,2153.0,2153.0,0,22,22
2016-01-26 11:10:00.000000000,1453777800000000000,2153.0,2153.0,2153.0,2153.0,0,22,22
2016-01-26 11:15:00.000000000,1453778100000000000,2153.0,2153.0,2153.0,2153.0,0,22,22
2016-01-26 11:20:00.000000000,1453778400000000000,2153.0,2153.0,2153.0,2153.0,0,22,22
2016-01-26 11:25:00.000000000,1453778700000000000,2153.0,2153.0,2153.0,2153.0,0,22,22
2016-01-26 13:30:00.000000000,1453786200000000000,2153.0,2153.0,2153.0,2153.0,0,22,22
2016-01-26 13:35:00.000000000,1453786500000000000,2153.0,2153.0,2153.0,2153.0,0,22,22
2016-01-26 13:40:00.000000000,1453786800000000000,2153.0,2153.0,2153.0,2153.0,0,22,22
2016-01-26 13:45:00.000000000,1453787100000000000,2153.0,2153.0,2153.0,2153.0,0,22,22
2016-01-26 13:50:00.000000000,1453787400000000000,2153.0,2153.0,2153.0,2153.0,0,22,22
2016-01-26 13:55:00.000000000,1453787700000000000,2153.0,2153.0,2153.0,2153.0,0,22,22
2016-01-26 14:00:00.000000000,1453788000000000000,2153.0,2153.0,2153.0,2153.0,0,22,22
2016-01-26 14:05:00.000000000,1453788300000000000,2153.0,2153.0,2153.0,2153.0,0,22,22
2016-01-26 14:10:00.000000000,1453788600000000000,2153.0,2153.0,2153.0,2153.0,0,22,22
2016-01-26 14:15:00.000000000,1453788900000000000,2086.0,2161.0,2085.0,2161.0,4,22,22
2016-01-26 14:20:00.000000000,1453789200000000000,2161.0,2161.0,2115.0,2115.0,1,22,21
2016-01-26 14:25:00.000000000,1453789500000000000,2115.0,2115.0,2115.0,2115.0,0,21,21
2016-01-26 14:30:00.000000000,1453789800000000000,2115.0,2115.0,2115.0,2115.0,0,21,21
2016-01-26 14:35:00.000000000,1453790100000000000,2115.0,2115.0,2115.0,2115.0,0,21,21
2016-01-26 14:40:00.000000000,1453790400000000000,2115.0,2115.0,2115.0,2115.0,0,21,21
2016-01-26 14:45:00.000000000,1453790700000000000,2115.0,2115.0,2115.0,2115.0,0,21,21
2016-01-26 14:50:00.000000000,1453791000000000000,2115.0,2115.0,2115.0,2115.0,0,21,21
2016-01-26 14:55:00.000000000,1453791300000000000,2115.0,2115.0,2115.0,2115.0,0,21,21
2016-01-28 09:00:00.000000000,1453942800000000000,2115.0,2115.0,2115.0,2115.0,0,21,21
2016-01-28 09:05:00.000000000,1453943100000000000,2115.0,2115.0,2115.0,2115.0,0,21,21
2016-01-28 09:10:00.000000000,1453943400000000000,2115.0,2115.0,2115.0,2115.0,0,21,21
2016-01-28 09:15:00.000000000,1453943700000000000,2115.0,2115.0,2115.0,2115.0,0,21,21
2016-01-28 09:20:00.000000000,1453944000000000000,2115.0,2115.0,2115.0,2115.0,0,21,21
2016-01-28 09:25:00.000000000,1453944300000000000,2115.0,2115.0,2115.0,2115.0,0,21,21
2016-01-28 09:30:00.000000000,1453944600000000000,2115.0,2115.0,2115.0,2115.0,0,21,21
2016-01-28 09:35:00.000000000,1453944900000000000,2115.0,2115.0,2115.0,2115.0,0,21,21
2016-01-28 09:40:00.000000000,1453945200000000000,2115.0,2115.0,2115.0,2115.0,0,21,21
2016-01-28 09:45:00.000000000,1453945500000000000,2115.0,2115.0,2115.0,2115.0,0,21,21
2016-01-28 09:50:00.000000000,1453945800000000000,2115.0,2115.0,2115.0,2115.0,0,21,21
2016-01-28 09:55:00.000000000,1453946100000000000,2115.0,2115.0,2115.0,2115.0,0,21,21
2016-01-28 10:00:00.000000000,1453946400000000000,2115.0,2115.0,2115.0,2115.0,0,21,21
2016-01-28 10:05:00.000000000,1453946700000000000,2115.0,2115.0,2115.0,2115.0,0,21,21
2016-01-28 10:10:00.000000000,1453947000000000000,2115.0,2115.0,2115.0,2115.0,0,21,21
2016-01-28 10:30:00.000000000,1453948200000000000,2115.0,2115.0,2115.0,2115.0,0,21,21
2016-01-28 10:35:00.000000000,1453948500000000000,2139.0,2139.0,2139.0,2139.0,1,21,22
2016-01-28 10:40:00.000000000,1453948800000000000,2139.0,2139.0,2139.0,2139.0,0,22,22
2016-01-28 10:45:00.000000000,1453949100000000000,2139.0,2139.0,2133.0,2133.0,1,22,23
2016-01-28 10:50:00.000000000,1453949400000000000,2133.0,2133.0,2133.0,2133.0,0,23,23
2016-01-28 10:55:00.000000000,1453949700000000000,2133.0,2133.0,2133.0,2133.0,0,23,23
2016-01-28 11:00:00.000000000,1453950000000000000,2133.0,2133.0,2133.0,2133.0,1,23,23
2016-01-28 11:05:00.000000000,1453950300000000000,2133.0,2133.0,2133.0,2133.0,0,23,23
2016-01-28 11:10:00.000000000,1453950600000000000,2133.0,2133.0,2133.0,2133.0,0,23,23
2016-01-28 11:15:00.000000000,1453950900000000000,2133.0,2133.0,2133.0,2133.0,0,23,23
2016-01-28 11:20:00.000000000,1453951200000000000,2133.0,2133.0,2133.0,2133.0,0,23,23
2016-01-28 11:25:00.000000000,1453951500000000000,2133.0,2133.0,2133.0,2133.0,0,23,23
2016-01-28 13:30:00.000000000,1453959000000000000,2133.0,2133.0,2133.0,2133.0,0,23,23
2016-01-28 13:35:00.000000000,1453959300000000000,2133.0,2133.0,2133.0,2133.0,0,23,23
2016-01-28 13:40:00.000000000,1453959600000000000,2133.0,2133.0,2133.0,2133.0,0,23,23
2016-01-28 13:45:00.000000000,1453959900000000000,2133.0,2133.0,2133.0,2133.0,0,23,23
2016-01-28 13:50:00.000000000,1453960200000000000,2133.0,2133.0,2133.0,2133.0,0,23,23
2016-01-28 13:55:00.000000000,1453960500000000000,2133.0,2133.0,2133.0,2133.0,0,23,23
2016-01-28 14:00:00.000000000,1453960800000000000,2133.0,2133.0,2133.0,2133.0,0,23,23
2016-01-28 14:05:00.000000000,1453961100000000000,2133.0,2133.0,2133.0,2133.0,0,23,23
2016-01-28 14:10:00.000000000,1453961400000000000,2133.0,2133.0,2133.0,2133.0,0,23,23
2016-01-28 14:15:00.000000000,1453961700000000000,2133.0,2133.0,2133.0,2133.0,0,23,23
2016-01-28 14:20:00.000000000,1453962000000000000,2133.0,2133.0,2133.0,2133.0,0,23,23
2016-01-28 14:25:00.000000000,1453962300000000000,2133.0,2133.0,2133.0,2133.0,0,23,23
2016-01-28 14:30:00.000000000,1453962600000000000,2133.0,2133.0,2133.0,2133.0,0,23,23
2016-01-28 14:35:00.000000000,1453962900000000000,2133.0,2133.0,2133.0,2133.0,0,23,23
2016-01-28 14:40:00.000000000,1453963200000000000,2133.0,2133.0,2133.0,2133.0,0,23,23
2016-01-28 14:45:00.000000000,1453963500000000000,2133.0,2133.0,2133.0,2133.0,0,23,23
2016-01-28 14:50:00.000000000,1453963800000000000,2133.0,2133.0,2133.0,2133.0,0,23,23
2016-01-28 14:55:00.000000000,1453964100000000000,2133.0,2133.0,2133.0,2133.0,0,23,23
2016-01-29 09:00:00.000000000,1454029200000000000,2133.0,2133.0,2133.0,2133.0,0,23,23
2016-01-29 09:05:00.000000000,1454029500000000000,2055.0,2220.0,2055.0,2220.0,42,23,64
2016-01-29 09:10:00.000000000,1454029800000000000,2220.0,2220.0,2093.0,2093.0,62,64,41
2016-01-29 09:15:00.000000000,1454030100000000000,2093.0,2093.0,2093.0,2093.0,0,41,41
2016-01-29 09:20:00.000000000,1454030400000000000,2093.0,2093.0,2093.0,2093.0,0,41,41
2016-01-29 09:25:00.000000000,1454030700000000000,2093.0,2093.0,2093.0,2093.0,0,41,41
2016-01-29 09:30:00.000000000,1454031000000000000,2093.0,2093.0,2093.0,2093.0,0,41,41
2016-01-29 09:35:00.000000000,1454031300000000000,2093.0,2093.0,2093.0,2093.0,0,41,41
2016-01-29 09:40:00.000000000,1454031600000000000,2093.0,2093.0,2093.0,2093.0,0,41,41
2016-01-29 09:45:00.000000000,1454031900000000000,2093.0,2093.0,2093.0,2093.0,0,41,41
2016-01-29 09:50:00.000000000,1454032200000000000,2093.0,2093.0,2093.0,2093.0,0,41,41
2016-01-29 09:55:00.000000000,1454032500000000000,2093.0,2093.0,2093.0,2093.0,0,41,41
2016-01-29 10:00:00.000000000,1454032800000000000,2093.0,2093.0,2092.0,2092.0,1,41,40
2016-01-29 10:05:00.000000000,1454033100000000000,2092.0,2092.0,2092.0,2092.0,0,40,40
2016-01-29 10:10:00.000000000,1454033400000000000,2092.0,2092.0,2092.0,2092.0,0,40,40
2016-01-29 10:30:00.000000000,1454034600000000000,2092.0,2092.0,2092.0,2092.0,0,40,40
2016-01-29 10:35:00.000000000,1454034900000000000,2092.0,2092.0,2091.0,2091.0,1,40,39
2016-01-29 10:40:00.000000000,1454035200000000000,2091.0,2091.0,2091.0,2091.0,0,39,39
2016-01-29 10:45:00.000000000,1454035500000000000,2091.0,2091.0,2091.0,2091.0,0,39,39
2016-01-29 10:50:00.000000000,1454035800000000000,2091.0,2091.0,2091.0,2091.0,0,39,39
2016-01-29 10:55:00.000000000,1454036100000000000,2091.0,2091.0,2091.0,2091.0,0,39,39
2016-01-29 11:00:00.000000000,1454036400000000000,2091.0,2091.0,2091.0,2091.0,0,39,39
2016-01-29 11:05:00.000000000,1454036700000000000,2091.0,2091.0,2090.0,2090.0,1,39,38
2016-01-29 11:10:00.000000000,1454037000000000000,2090.0,2090.0,2084.0,2084.0,1,38,37
2016-01-29 11:15:00.000000000,1454037300000000000,2084.0,2084.0,2079.0,2079.0,4,37,36
2016-01-29 11:20:00.000000000,1454037600000000000,2079.0,2079.0,2079.0,2079.0,0,36,36
2016-01-29 11:25:00.000000000,1454037900000000000,2079.0,2079.0,2079.0,2079.0,0,36,36
2016-01-29 13:30:00.000000000,1454045400000000000,2079.0,2079.0,2079.0,2079.0,0,36,36
2016-01-29 13:35:00.000000000,1454045700000000000,2079.0,2079.0,2079.0,2079.0,0,36,36
2016-01-29 13:40:00.000000000,1454046000000000000,2079.0,2079.0,2079.0,2079.0,0,36,36
2016-01-29 13:45:00.000000000,1454046300000000000,2079.0,2079.0,2072.0,2072.0,3,36,33
2016-01-29 13:50:00.000000000,1454046600000000000,2072.0,2072.0,2072.0,2072.0,0,33,33
2016-01-29 13:55:00.000000000,1454046900000000000,2072.0,2072.0,2072.0,2072.0,0,33,33
2016-01-29 14:00:00.000000000,1454047200000000000,2072.0,2072.0,2072.0,2072.0,0,33,33
2016-01-29 14:05:00.000000000,1454047500000000000,2072.0,2072.0,2072.0,2072.0,0,33,33
2016-01-29 14:10:00.000000000,1454047800000000000,2072.0,2072.0,2072.0,2072.0,0,33,33
2016-01-29 14:15:00.000000000,1454048100000000000,2072.0,2072.0,2072.0,2072.0,0,33,33
2016-01-29 14:20:00.000000000,1454048400000000000,2072.0,2072.0,2072.0,2072.0,0,33,33
2016-01-29 14:25:00.000000000,1454048700000000000,2072.0,2088.0,2072.0,2088.0,1,33,33
2016-01-29 14:30:00.000000000,1454049000000000000,2088.0,2088.0,2088.0,2088.0,0,33,33
2016-01-29 14:35:00.000000000,1454049300000000000,2088.0,2088.0,2088.0,2088.0,0,33,33
2016-01-29 14:40:00.000000000,1454049600000000000,2088.0,2090.0,2088.0,2090.0,2,33,33
2016-01-29 14:45:00.000000000,1454049900000000000,2090.0,2090.0,2090.0,2090.0,0,33,33
2016-01-29 14:50:00.000000000,1454050200000000000,2090.0,2090.0,2090.0,2090.0,0,33,33
2016-01-29 14:55:00.000000000,1454050500000000000,2090.0,2090.0,2090.0,2090.0,0,33,33
2016-02-01 09:00:00.000000000,1454288400000000000,2154.0,2154.0,2100.0,2113.0,14,33,25
2016-02-01 09:05:00.000000000,1454288700000000000,2113.0,2113.0,2113.0,2113.0,0,25,25
2016-02-01 09:10:00.000000000,1454289000000000000,2113.0,2113.0,2113.0,2113.0,0,25,25
2016-02-01 09:15:00.000000000,1454289300000000000,2113.0,2113.0,2113.0,2113.0,0,25,25
2016-02-01 09:20:00.000000000,1454289600000000000,2113.0,2113.0,2113.0,2113.0,0,25,25
2016-02-01 09:25:00.000000000,1454289900000000000,2113.0,2113.0,2113.0,2113.0,0,25,25
2016-02-01 09:30:00.000000000,1454290200000000000,2113.0,2113.0,2113.0,2113.0,0,25,25
2016-02-01 09:35:00.000000000,1454290500000000000,2113.0,2113.0,2113.0,2113.0,0,25,25
2016-02-01 09:40:00.000000000,1454290800000000000,2113.0,2113.0,2113.0,2113.0,0,25,25
2016-02-01 09:45:00.000000000,1454291100000000000,2113.0,2113.0,2113.0,2113.0,0,25,25
2016-02-01 09:50:00.000000000,1454291400000000000,2113.0,2113.0,2113.0,2113.0,0,25,25
2016-02-01 09:55:00.000000000,1454291700000000000,2113.0,2113.0,2113.0,2113.0,0,25,25
2016-02-01 10:00:00.000000000,1454292000000000000,2113.0,2113.0,2113.0,2113.0,0,25,25
2016-02-01 10:05:00.000000000,1454292300000000000,2113.0,2113.0,2113.0,2113.0,0,25,25
2016-02-01 10:10:00.000000000,1454292600000000000,2113.0,2113.0,2113.0,2113.0,0,25,25
2016-02-01 10:30:00.000000000,1454293800000000000,2113.0,2113.0,2113.0,2113.0,0,25,25
2016-02-01 10:35:00.000000000,1454294100000000000,2113.0,2113.0,2113.0,2113.0,0,25,25
2016-02-01 10:40:00.000000000,1454294400000000000,2113.0,2113.0,2113.0,2113.0,0,25,25
2016-02-01 10:45:00.000000000,1454294700000000000,2113.0,2113.0,2113.0,2113.0,0,25,25
2016-02-01 10:50:00.000000000,1454295000000000000,2113.0,2113.0,2113.0,2113.0,0,25,25
2016-02-01 10:55:00.000000000,1454295300000000000,2113.0,2113.0,2113.0,2113.0,0,25,25
2016-02-01 11:00:00.000000000,1454295600000000000,2113.0,2113.0,2113.0,2113.0,0,25,25
2016-02-01 11:05:00.000000000,1454295900000000000,2113.0,2113.0,2113.0,2113.0,0,25,25
2016-02-01 11:10:00.000000000,1454296200000000000,2113.0,2113.0,2113.0,2113.0,0,25,25
2016-02-01 11:15:00.000000000,1454296500000000000,2113.0,2113.0,2113.0,2113.0,0,25,25
2016-02-01 11:20:00.000000000,1454296800000000000,2113.0,2113.0,2113.0,2113.0,0,25,25
2016-02-01 11:25:00.000000000,1454297100000000000,2113.0,2113.0,2113.0,2113.0,0,25,25
2016-02-01 13:30:00.000000000,1454304600000000000,2113.0,2113.0,2113.0,2113.0,0,25,25
2016-02-01 13:35:00.000000000,1454304900000000000,2113.0,2113.0,2113.0,2113.0,0,25,25
2016-02-01 13:40:00.000000000,1454305200000000000,2113.0,2113.0,2113.0,2113.0,0,25,25
2016-02-01 13:45:00.000000000,1454305500000000000,2113.0,2113.0,2113.0,2113.0,0,25,25
2016-02-01 13:50:00.000000000,1454305800000000000,2113.0,2127.0,2113.0,2127.0,1,25,24
2016-02-01 13:55:00.000000000,1454306100000000000,2127.0,2127.0,2127.0,2127.0,0,24,24
2016-02-01 14:00:00.000000000,1454306400000000000,2127.0,2127.0,2127.0,2127.0,0,24,24
2016-02-01 14:05:00.000000000,1454306700000000000,2127.0,2127.0,2127.0,2127.0,0,24,24
2016-02-01 14:10:00.000000000,1454307000000000000,2127.0,2127.0,2127.0,2127.0,0,24,24
2016-02-01 14:15:00.000000000,1454307300000000000,2127.0,2127.0,2127.0,2127.0,0,24,24
2016-02-01 14:20:00.000000000,1454307600000000000,2127.0,2127.0,2127.0,2127.0,0,24,24
2016-02-01 14:25:00.000000000,1454307900000000000,2127.0,2127.0,2127.0,2127.0,0,24,24
2016-02-01 14:30:00.000000000,1454308200000000000,2127.0,2127.0,2127.0,2127.0,0,24,24
2016-02-01 14:35:00.000000000,1454308500000000000,2127.0,2127.0,2127.0,2127.0,0,24,24
2016-02-01 14:40:00.000000000,1454308800000000000,2127.0,2127.0,2127.0,2127.0,0,24,24
2016-02-01 14:45:00.000000000,1454309100000000000,2127.0,2127.0,2127.0,2127.0,0,24,24
2016-02-01 14:50:00.000000000,1454309400000000000,2127.0,2127.0,2127.0,2127.0,0,24,24
2016-02-01 14:55:00.000000000,1454309700000000000,2127.0,2127.0,2127.0,2127.0,0,24,24
2016-02-03 09:00:00.000000000,1454461200000000000,2127.0,2127.0,2127.0,2127.0,0,24,24
2016-02-03 09:05:00.000000000,1454461500000000000,2127.0,2127.0,2127.0,2127.0,0,24,24
2016-02-03 09:10:00.000000000,1454461800000000000,2127.0,2127.0,2127.0,2127.0,0,24,24
2016-02-03 09:15:00.000000000,1454462100000000000,2127.0,2127.0,2127.0,2127.0,0,24,24
2016-02-03 09:20:00.000000000,1454462400000000000,2127.0,2127.0,2127.0,2127.0,0,24,24
2016-02-03 09:25:00.000000000,1454462700000000000,2127.0,2127.0,2127.0,2127.0,0,24,24
2016-02-03 09:30:00.000000000,1454463000000000000,2127.0,2127.0,2127.0,2127.0,0,24,24
2016-02-03 09:35:00.000000000,1454463300000000000,2127.0,2127.0,2127.0,2127.0,0,24,24
2016-02-03 09:40:00.000000000,1454463600000000000,2127.0,2127.0,2127.0,2127.0,0,24,24
2016-02-03 09:45:00.000000000,1454463900000000000,2127.0,2127.0,2127.0,2127.0,0,24,24
2016-02-03 09:50:00.000000000,1454464200000000000,2127.0,2127.0,2127.0,2127.0,0,24,24
2016-02-03 09:55:00.000000000,1454464500000000000,2127.0,2127.0,2127.0,2127.0,0,24,24
2016-02-03 10:00:00.000000000,1454464800000000000,2127.0,2127.0,2127.0,2127.0,0,24,24
2016-02-03 10:05:00.000000000,1454465100000000000,2127.0,2127.0,2127.0,2127.0,0,24,24
2016-02-03 10:10:00.000000000,1454465400000000000,2127.0,2127.0,2127.0,2127.0,0,24,24
2016-02-03 10:30:00.000000000,1454466600000000000,2127.0,2127.0,2127.0,2127.0,0,24,24
2016-02-03 10:35:00.000000000,1454466900000000000,2127.0,2127.0,2127.0,2127.0,0,24,24
2016-02-03 10:40:00.000000000,1454467200000000000,2127.0,2127.0,2127.0,2127.0,0,24,24
2016-02-03 10:45:00.000000000,1454467500000000000,2127.0,2127.0,2127.0,2127.0,0,24,24
2016-02-03 10:50:00.000000000,1454467800000000000,2127.0,2127.0,2127.0,2127.0,0,24,24
2016-02-03 10:55:00.000000000,1454468100000000000,2127.0,2127.0,2127.0,2127.0,0,24,24
2016-02-03 11:00:00.000000000,1454468400000000000,2127.0,2127.0,2127.0,2127.0,0,24,24
2016-02-03 11:05:00.000000000,1454468700000000000,2127.0,2127.0,2127.0,2127.0,0,24,24
2016-02-03 11:10:00.000000000,1454469000000000000,2127.0,2127.0,2127.0,2127.0,0,24,24
2016-02-03 11:15:00.000000000,1454469300000000000,2127.0,2127.0,2127.0,2127.0,0,24,24
2016-02-03 11:20:00.000000000,1454469600000000000,2127.0,2127.0,2127.0,2127.0,0,24,24
2016-02-03 11:25:00.000000000,1454469900000000000,2127.0,2127.0,2127.0,2127.0,0,24,24
2016-02-03 13:30:00.000000000,1454477400000000000,2127.0,2127.0,2127.0,2127.0,0,24,24
2016-02-03 13:35:00.000000000,1454477700000000000,2127.0,2127.0,2127.0,2127.0,0,24,24
2016-02-03 13:40:00.000000000,1454478000000000000,2127.0,2127.0,2127.0,2127.0,0,24,24
2016-02-03 13:45:00.000000000,1454478300000000000,2104.0,2104.0,2104.0,2104.0,1,24,25
2016-02-03 13:50:00.000000000,1454478600000000000,2104.0,2176.0,2104.0,2126.0,15,25,24
2016-02-03 13:55:00.000000000,1454478900000000000,2126.0,2126.0,2126.0,2126.0,0,24,24
2016-02-03 14:00:00.000000000,1454479200000000000,2126.0,2126.0,2126.0,2126.0,0,24,24
2016-02-03 14:05:00.000000000,1454479500000000000,2126.0,2126.0,2126.0,2126.0,0,24,24
2016-02-03 14:10:00.000000000,1454479800000000000,2126.0,2126.0,2126.0,2126.0,0,24,24
2016-02-03 14:15:00.000000000,1454480100000000000,2126.0,2126.0,2126.0,2126.0,0,24,24
2016-02-03 14:20:00.000000000,1454480400000000000,2126.0,2126.0,2126.0,2126.0,0,24,24
2016-02-03 14:25:00.000000000,1454480700000000000,2126.0,2126.0,2126.0,2126.0,0,24,24
2016-02-03 14:30:00.000000000,1454481000000000000,2126.0,2126.0,2126.0,2126.0,0,24,24
2016-02-03 14:35:00.000000000,1454481300000000000,2126.0,2126.0,2126.0,2126.0,0,24,24
2016-02-03 14:40:00.000000000,1454481600000000000,2126.0,2126.0,2126.0,2126.0,0,24,24
2016-02-03 14:45:00.000000000,1454481900000000000,2126.0,2126.0,2126.0,2126.0,0,24,24
2016-02-03 14:50:00.000000000,1454482200000000000,2126.0,2126.0,2126.0,2126.0,0,24,24
2016-02-03 14:55:00.000000000,1454482500000000000,2126.0,2126.0,2126.0,2126.0,0,24,24
2016-02-04 09:00:00.000000000,1454547600000000000,2126.0,2126.0,2126.0,2126.0,0,24,24
2016-02-04 09:05:00.000000000,1454547900000000000,2126.0,2126.0,2126.0,2126.0,0,24,24
2016-02-04 09:10:00.000000000,1454548200000000000,2126.0,2126.0,2126.0,2126.0,0,24,24
2016-02-04 09:15:00.000000000,1454548500000000000,2126.0,2126.0,2126.0,2126.0,0,24,24
2016-02-04 09:20:00.000000000,1454548800000000000,2126.0,2126.0,2126.0,2126.0,0,24,24
2016-02-04 09:25:00.000000000,1454549100000000000,2126.0,2126.0,2126.0,2126.0,0,24,24
2016-02-04 09:30:00.000000000,1454549400000000000,2126.0,2126.0,2126.0,2126.0,0,24,24
2016-02-04 09:35:00.000000000,1454549700000000000,2126.0,2126.0,2126.0,2126.0,0,24,24
2016-02-04 09:40:00.000000000,1454550000000000000,2126.0,2126.0,2126.0,2126.0,0,24,24
2016-02-04 09:45:00.000000000,1454550300000000000,2126.0,2126.0,2126.0,2126.0,0,24,24
2016-02-04 09:50:00.000000000,1454550600000000000,2126.0,2126.0,2126.0,2126.0,0,24,24
2016-02-04 09:55:00.000000000,1454550900000000000,2126.0,2126.0,2126.0,2126.0,0,24,24
2016-02-04 10:00:00.000000000,1454551200000000000,2126.0,2126.0,2126.0,2126.0,0,24,24
2016-02-04 10:05:00.000000000,1454551500000000000,2126.0,2126.0,2126.0,2126.0,0,24,24
2016-02-04 10:10:00.000000000,1454551800000000000,2126.0,2126.0,2126.0,2126.0,0,24,24
2016-02-04 10:30:00.000000000,1454553000000000000,2126.0,2126.0,2126.0,2126.0,0,24,24
2016-02-04 10:35:00.000000000,1454553300000000000,2126.0,2126.0,2126.0,2126.0,0,24,24
2016-02-04 10:40:00.000000000,1454553600000000000,2126.0,2126.0,2126.0,2126.0,0,24,24
2016-02-04 10:45:00.000000000,1454553900000000000,2110.0,2110.0,2110.0,2110.0,1,24,23
2016-02-04 10:50:00.000000000,1454554200000000000,2110.0,2115.0,2110.0,2115.0,1,23,23
2016-02-04 10:55:00.000000000,1454554500000000000,2115.0,2115.0,2115.0,2115.0,0,23,23
2016-02-04 11:00:00.000000000,1454554800000000000,2115.0,2115.0,2115.0,2115.0,0,23,23
2016-02-04 11:05:00.000000000,1454555100000000000,2115.0,2115.0,2115.0,2115.0,0,23,23
2016-02-04 11:10:00.000000000,1454555400000000000,2115.0,2115.0,2115.0,2115.0,0,23,23
2016-02-04 11:15:00.000000000,1454555700000000000,2115.0,2115.0,2115.0,2115.0,0,23,23
2016-02-04 11:20:00.000000000,1454556000000000000,2115.0,2115.0,2115.0,2115.0,0,23,23
2016-02-04 11:25:00.000000000,1454556300000000000,2115.0,2115.0,2115.0,2115.0,0,23,23
2016-02-04 13:30:00.000000000,1454563800000000000,2115.0,2115.0,2115.0,2115.0,0,23,23
2016-02-04 13:35:00.000000000,1454564100000000000,2115.0,2115.0,2115.0,2115.0,0,23,23
2016-02-04 13:40:00.000000000,1454564400000000000,2115.0,2115.0,2115.0,2115.0,0,23,23
2016-02-04 13:45:00.000000000,1454564700000000000,2115.0,2115.0,2115.0,2115.0,0,23,23
2016-02-04 13:50:00.000000000,1454565000000000000,2115.0,2115.0,2115.0,2115.0,0,23,23
2016-02-04 13:55:00.000000000,1454565300000000000,2115.0,2115.0,2115.0,2115.0,0,23,23
2016-02-04 14:00:00.000000000,1454565600000000000,2115.0,2115.0,2115.0,2115.0,0,23,23
2016-02-04 14:05:00.000000000,1454565900000000000,2115.0,2115.0,2115.0,2115.0,0,23,23
2016-02-04 14:10:00.000000000,1454566200000000000,2115.0,2115.0,2115.0,2115.0,0,23,23
2016-02-04 14:15:00.000000000,1454566500000000000,2115.0,2115.0,2115.0,2115.0,0,23,23
2016-02-04 14:20:00.000000000,1454566800000000000,2115.0,2115.0,2115.0,2115.0,0,23,23
2016-02-04 14:25:00.000000000,1454567100000000000,2115.0,2115.0,2115.0,2115.0,0,23,23
2016-02-04 14:30:00.000000000,1454567400000000000,2115.0,2115.0,2115.0,2115.0,0,23,23
2016-02-04 14:35:00.000000000,1454567700000000000,2115.0,2115.0,2115.0,2115.0,0,23,23
2016-02-04 14:40:00.000000000,1454568000000000000,2115.0,2115.0,2115.0,2115.0,0,23,23
2016-02-04 14:45:00.000000000,1454568300000000000,2115.0,2115.0,2115.0,2115.0,0,23,23
2016-02-04 14:50:00.000000000,1454568600000000000,2115.0,2115.0,2115.0,2115.0,0,23,23
2016-02-04 14:55:00.000000000,1454568900000000000,2115.0,2160.0,2115.0,2117.0,6,23,22
2016-02-05 09:00:00.000000000,1454634000000000000,2117.0,2117.0,2117.0,2117.0,0,22,22
2016-02-05 09:05:00.000000000,1454634300000000000,2117.0,2117.0,2117.0,2117.0,0,22,22
2016-02-05 09:10:00.000000000,1454634600000000000,2117.0,2117.0,2117.0,2117.0,0,22,22
2016-02-05 09:15:00.000000000,1454634900000000000,2117.0,2117.0,2117.0,2117.0,0,22,22
2016-02-05 09:20:00.000000000,1454635200000000000,2117.0,2117.0,2117.0,2117.0,0,22,22
2016-02-05 09:25:00.000000000,1454635500000000000,2117.0,2117.0,2117.0,2117.0,0,22,22
2016-02-05 09:30:00.000000000,1454635800000000000,2117.0,2117.0,2117.0,2117.0,0,22,22
2016-02-05 09:35:00.000000000,1454636100000000000,2117.0,2117.0,2117.0,2117.0,0,22,22
2016-02-05 09:40:00.000000000,1454636400000000000,2117.0,2117.0,2117.0,2117.0,0,22,22
2016-02-05 09:45:00.000000000,1454636700000000000,2117.0,2117.0,2117.0,2117.0,0,22,22
2016-02-05 09:50:00.000000000,1454637000000000000,2117.0,2117.0,2117.0,2117.0,0,22,22
2016-02-05 09:55:00.000000000,1454637300000000000,2117.0,2117.0,2117.0,2117.0,0,22,22
2016-02-05 10:00:00.000000000,1454637600000000000,2117.0,2117.0,2117.0,2117.0,0,22,22
2016-02-05 10:05:00.000000000,1454637900000000000,2117.0,2117.0,2117.0,2117.0,0,22,22
2016-02-05 10:10:00.000000000,1454638200000000000,2117.0,2117.0,2117.0,2117.0,0,22,22
2016-02-05 10:30:00.000000000,1454639400000000000,2117.0,2117.0,2117.0,2117.0,0,22,22
2016-02-05 10:35:00.000000000,1454639700000000000,2117.0,2117.0,2117.0,2117.0,0,22,22
2016-02-05 10:40:00.000000000,1454640000000000000,2117.0,2117.0,2117.0,2117.0,0,22,22
2016-02-05 10:45:00.000000000,1454640300000000000,2117.0,2117.0,2117.0,2117.0,0,22,22
2016-02-05 10:50:00.000000000,1454640600000000000,2117.0,2117.0,2117.0,2117.0,0,22,22
2016-02-05 10:55:00.000000000,1454640900000000000,2117.0,2117.0,2117.0,2117.0,0,22,22
2016-02-05 11:00:00.000000000,1454641200000000000,2117.0,2117.0,2117.0,2117.0,0,22,22
2016-02-05 11:05:00.000000000,1454641500000000000,2117.0,2117.0,2117.0,2117.0,0,22,22
2016-02-05 11:10:00.000000000,1454641800000000000,2117.0,2117.0,2117.0,2117.0,0,22,22
2016-02-05 11:15:00.000000000,1454642100000000000,2117.0,2117.0,2117.0,2117.0,0,22,22
2016-02-05 11:20:00.000000000,1454642400000000000,2117.0,2117.0,2117.0,2117.0,0,22,22
2016-02-05 11:25:00.000000000,1454642700000000000,2117.0,2117.0,2117.0,2117.0,0,22,22
2016-02-05 13:30:00.000000000,1454650200000000000,2108.0,2108.0,2108.0,2108.0,1,22,22
2016-02-05 13:35:00.000000000,1454650500000000000,2108.0,2108.0,2108.0,2108.0,0,22,22
2016-02-05 13:40:00.000000000,1454650800000000000,2108.0,2108.0,2108.0,2108.0,0,22,22
2016-02-05 13:45:00.000000000,1454651100000000000,2108.0,2108.0,2108.0,2108.0,0,22,22
2016-02-05 13:50:00.000000000,1454651400000000000,2108.0,2108.0,2108.0,2108.0,0,22,22
2016-02-05 13:55:00.000000000,1454651700000000000,2108.0,2108.0,2108.0,2108.0,0,22,22
2016-02-05 14:00:00.000000000,1454652000000000000,2108.0,2108.0,2108.0,2108.0,0,22,22
2016-02-05 14:05:00.000000000,1454652300000000000,2108.0,2108.0,2108.0,2108.0,0,22,22
2016-02-05 14:10:00.000000000,1454652600000000000,2108.0,2108.0,2108.0,2108.0,0,22,22
2016-02-05 14:15:00.000000000,1454652900000000000,2108.0,2108.0,2108.0,2108.0,0,22,22
2016-02-05 14:20:00.000000000,1454653200000000000,2108.0,2108.0,2108.0,2108.0,0,22,22
2016-02-05 14:25:00.000000000,1454653500000000000,2108.0,2108.0,2108.0,2108.0,0,22,22
2016-02-05 14:30:00.000000000,1454653800000000000,2108.0,2108.0,2108.0,2108.0,0,22,22
2016-02-05 14:35:00.000000000,1454654100000000000,2108.0,2108.0,2108.0,2108.0,0,22,22
2016-02-05 14:40:00.000000000,1454654400000000000,2108.0,2108.0,2108.0,2108.0,0,22,22
2016-02-05 14:45:00.000000000,1454654700000000000,2108.0,2108.0,2108.0,2108.0,0,22,22
2016-02-05 14:50:00.000000000,1454655000000000000,2108.0,2108.0,2108.0,2108.0,0,22,22
2016-02-05 14:55:00.000000000,1454655300000000000,2108.0,2108.0,2108.0,2108.0,0,22,22
2016-02-16 09:00:00.000000000,1455584400000000000,2108.0,2108.0,2108.0,2108.0,0,22,22
2016-02-16 09:05:00.000000000,1455584700000000000,2108.0,2108.0,2108.0,2108.0,0,22,22
2016-02-16 09:10:00.000000000,1455585000000000000,2108.0,2108.0,2108.0,2108.0,0,22,22
2016-02-16 09:15:00.000000000,1455585300000000000,2108.0,2108.0,2108.0,2108.0,0,22,22
2016-02-16 09:20:00.000000000,1455585600000000000,2108.0,2108.0,2108.0,2108.0,0,22,22
2016-02-16 09:25:00.000000000,1455585900000000000,2108.0,2108.0,2108.0,2108.0,0,22,22
2016-02-16 09:30:00.000000000,1455586200000000000,2108.0,2108.0,2108.0,2108.0,0,22,22
2016-02-16 09:35:00.000000000,1455586500000000000,2108.0,2108.0,2108.0,2108.0,0,22,22
2016-02-16 09:40:00.000000000,1455586800000000000,2108.0,2108.0,2108.0,2108.0,0,22,22
2016-02-16 09:45:00.000000000,1455587100000000000,2108.0,2108.0,2108.0,2108.0,0,22,22
2016-02-16 09:50:00.000000000,1455587400000000000,2108.0,2108.0,2108.0,2108.0,0,22,22
2016-02-16 09:55:00.000000000,1455587700000000000,2108.0,2108.0,2108.0,2108.0,0,22,22
2016-02-16 10:00:00.000000000,1455588000000000000,2108.0,2108.0,2108.0,2108.0,0,22,22
2016-02-16 10:05:00.000000000,1455588300000000000,2108.0,2108.0,2108.0,2108.0,0,22,22
2016-02-16 10:10:00.000000000,1455588600000000000,2108.0,2108.0,2108.0,2108.0,0,22,22
2016-02-16 10:30:00.000000000,1455589800000000000,2108.0,2108.0,2108.0,2108.0,0,22,22
2016-02-16 10:35:00.000000000,1455590100000000000,2108.0,2108.0,2108.0,2108.0,0,22,22
2016-02-16 10:40:00.000000000,1455590400000000000,2108.0,2108.0,2108.0,2108.0,0,22,22
2016-02-16 10:45:00.000000000,1455590700000000000,2108.0,2108.0,2108.0,2108.0,0,22,22
2016-02-16 10:50:00.000000000,1455591000000000000,2108.0,2108.0,2108.0,2108.0,0,22,22
2016-02-16 10:55:00.000000000,1455591300000000000,2108.0,2108.0,2108.0,2108.0,0,22,22
2016-02-16 11:00:00.000000000,1455591600000000000,2108.0,2108.0,2108.0,2108.0,0,22,22
2016-02-16 11:05:00.000000000,1455591900000000000,2108.0,2108.0,2108.0,2108.0,0,22,22
2016-02-16 11:10:00.000000000,1455592200000000000,2108.0,2108.0,2108.0,2108.0,0,22,22
2016-02-16 11:15:00.000000000,1455592500000000000,2108.0,2108.0,2108.0,2108.0,0,22,22
2016-02-16 11:20:00.000000000,1455592800000000000,2108.0,2108.0,2108.0,2108.0,0,22,22
2016-02-16 11:25:00.000000000,1455593100000000000,2108.0,2108.0,2108.0,2108.0,0,22,22
2016-02-16 13:30:00.000000000,1455600600000000000,2108.0,2108.0,2108.0,2108.0,0,22,22
2016-02-16 13:35:00.000000000,1455600900000000000,2108.0,2108.0,2108.0,2108.0,0,22,22
2016-02-16 13:40:00.000000000,1455601200000000000,2108.0,2108.0,2108.0,2108.0,0,22,22
2016-02-16 13:45:00.000000000,1455601500000000000,2108.0,2108.0,2108.0,2108.0,0,22,22
2016-02-16 13:50:00.000000000,1455601800000000000,2149.0,2149.0,2149.0,2149.0,2,22,20
2016-02-16 13:55:00.000000000,1455602100000000000,2149.0,2149.0,2149.0,2149.0,0,20,20
2016-02-16 14:00:00.000000000,1455602400000000000,2149.0,2149.0,2149.0,2149.0,0,20,20
2016-02-16 14:05:00.000000000,1455602700000000000,2149.0,2149.0,2149.0,2149.0,1,20,19
2016-02-16 14:10:00.000000000,1455603000000000000,2149.0,2154.0,2149.0,2154.0,1,19,19
2016-02-16 14:15:00.000000000,1455603300000000000,2154.0,2154.0,2154.0,2154.0,0,19,19
2016-02-16 14:20:00.000000000,1455603600000000000,2154.0,2154.0,2154.0,2154.0,0,19,19
2016-02-16 14:25:00.000000000,1455603900000000000,2154.0,2154.0,2154.0,2154.0,0,19,19
2016-02-16 14:30:00.000000000,1455604200000000000,2154.0,2154.0,2154.0,2154.0,0,19,19
2016-02-16 14:35:00.000000000,1455604500000000000,2154.0,2154.0,2154.0,2154.0,0,19,19
2016-02-16 14:40:00.000000000,1455604800000000000,2154.0,2154.0,2154.0,2154.0,0,19,19
2016-02-16 14:45:00.000000000,1455605100000000000,2154.0,2154.0,2154.0,2154.0,0,19,19
2016-02-16 14:50:00.000000000,1455605400000000000,2154.0,2154.0,2154.0,2154.0,0,19,19
2016-02-16 14:55:00.000000000,1455605700000000000,2154.0,2154.0,2154.0,2154.0,0,19,19
2016-02-18 09:00:00.000000000,1455757200000000000,2154.0,2154.0,2154.0,2154.0,0,19,19
2016-02-18 09:05:00.000000000,1455757500000000000,2154.0,2154.0,2154.0,2154.0,0,19,19
2016-02-18 09:10:00.000000000,1455757800000000000,2154.0,2154.0,2154.0,2154.0,0,19,19
2016-02-18 09:15:00.000000000,1455758100000000000,2154.0,2154.0,2154.0,2154.0,0,19,19
2016-02-18 09:20:00.000000000,1455758400000000000,2154.0,2154.0,2154.0,2154.0,0,19,19
2016-02-18 09:25:00.000000000,1455758700000000000,2154.0,2154.0,2154.0,2154.0,0,19,19
2016-02-18 09:30:00.000000000,1455759000000000000,2154.0,2154.0,2154.0,2154.0,0,19,19
2016-02-18 09:35:00.000000000,1455759300000000000,2154.0,2154.0,2154.0,2154.0,0,19,19
2016-02-18 09:40:00.000000000,1455759600000000000,2154.0,2154.0,2154.0,2154.0,0,19,19
2016-02-18 09:45:00.000000000,1455759900000000000,2154.0,2154.0,2154.0,2154.0,0,19,19
2016-02-18 09:50:00.000000000,1455760200000000000,2154.0,2154.0,2154.0,2154.0,0,19,19
2016-02-18 09:55:00.000000000,1455760500000000000,2154.0,2154.0,2154.0,2154.0,0,19,19
2016-02-18 10:00:00.000000000,1455760800000000000,2154.0,2154.0,2154.0,2154.0,0,19,19
2016-02-18 10:05:00.000000000,1455761100000000000,2154.0,2154.0,2154.0,2154.0,0,19,19
2016-02-18 10:10:00.000000000,1455761400000000000,2154.0,2154.0,2154.0,2154.0,0,19,19
2016-02-18 10:30:00.000000000,1455762600000000000,2154.0,2154.0,2154.0,2154.0,0,19,19
2016-02-18 10:35:00.000000000,1455762900000000000,2154.0,2154.0,2154.0,2154.0,0,19,19
2016-02-18 10:40:00.000000000,1455763200000000000,2154.0,2154.0,2154.0,2154.0,0,19,19
2016-02-18 10:45:00.000000000,1455763500000000000,2154.0,2154.0,2154.0,2154.0,0,19,19
2016-02-18 10:50:00.000000000,1455763800000000000,2154.0,2154.0,2154.0,2154.0,0,19,19
2016-02-18 10:55:00.000000000,1455764100000000000,2154.0,2154.0,2154.0,2154.0,0,19,19
2016-02-18 11:00:00.000000000,1455764400000000000,2154.0,2154.0,2154.0,2154.0,0,19,19
2016-02-18 11:05:00.000000000,1455764700000000000,2154.0,2154.0,2154.0,2154.0,0,19,19
2016-02-18 11:10:00.000000000,1455765000000000000,2154.0,2154.0,2154.0,2154.0,0,19,19
2016-02-18 11:15:00.000000000,1455765300000000000,2154.0,2154.0,2154.0,2154.0,0,19,19
2016-02-18 11:20:00.000000000,1455765600000000000,2154.0,2154.0,2154.0,2154.0,0,19,19
2016-02-18 11:25:00.000000000,1455765900000000000,2154.0,2154.0,2154.0,2154.0,0,19,19
2016-02-18 13:30:00.000000000,1455773400000000000,2154.0,2154.0,2154.0,2154.0,0,19,19
2016-02-18 13:35:00.000000000,1455773700000000000,2154.0,2154.0,2154.0,2154.0,0,19,19
2016-02-18 13:40:00.000000000,1455774000000000000,2197.0,2198.0,2197.0,2198.0,13,19,19
2016-02-18 13:45:00.000000000,1455774300000000000,2198.0,2198.0,2197.0,2197.0,6,19,19
2016-02-18 13:50:00.000000000,1455774600000000000,2197.0,2198.0,2197.0,2198.0,3,19,19
2016-02-18 13:55:00.000000000,1455774900000000000,2198.0,2198.0,2170.0,2170.0,8,19,19
2016-02-18 14:00:00.000000000,1455775200000000000,2170.0,2170.0,2170.0,2170.0,0,19,19
2016-02-18 14:05:00.000000000,1455775500000000000,2170.0,2170.0,2170.0,2170.0,0,19,19
2016-02-18 14:10:00.000000000,1455775800000000000,2170.0,2170.0,2170.0,2170.0,2,19,19
2016-02-18 14:15:00.000000000,1455776100000000000,2170.0,2170.0,2170.0,2170.0,0,19,19
2016-02-18 14:20:00.000000000,1455776400000000000,2170.0,2170.0,2170.0,2170.0,0,19,19
2016-02-18 14:25:00.000000000,1455776700000000000,2170.0,2170.0,2170.0,2170.0,0,19,19
2016-02-18 14:30:00.000000000,1455777000000000000,2170.0,2170.0,2170.0,2170.0,1,19,19
2016-02-18 14:35:00.000000000,1455777300000000000,2170.0,2170.0,2170.0,2170.0,0,19,19
2016-02-18 14:40:00.000000000,1455777600000000000,2170.0,2170.0,2170.0,2170.0,0,19,19
2016-02-18 14:45:00.000000000,1455777900000000000,2170.0,2170.0,2170.0,2170.0,0,19,19
2016-02-18 14:50:00.000000000,1455778200000000000,2170.0,2170.0,2170.0,2170.0,0,19,19
2016-02-18 14:55:00.000000000,1455778500000000000,2170.0,2170.0,2170.0,2170.0,0,19,19
2016-02-22 09:00:00.000000000,1456102800000000000,2170.0,2170.0,2170.0,2170.0,0,19,19
2016-02-22 09:05:00.000000000,1456103100000000000,2170.0,2170.0,2170.0,2170.0,0,19,19
2016-02-22 09:10:00.000000000,1456103400000000000,2170.0,2170.0,2170.0,2170.0,0,19,19
2016-02-22 09:15:00.000000000,1456103700000000000,2170.0,2170.0,2170.0,2170.0,0,19,19
2016-02-22 09:20:00.000000000,1456104000000000000,2170.0,2170.0,2170.0,2170.0,0,19,19
2016-02-22 09:25:00.000000000,1456104300000000000,2170.0,2170.0,2170.0,2170.0,0,19,19
2016-02-22 09:30:00.000000000,1456104600000000000,2170.0,2170.0,2170.0,2170.0,0,19,19
2016-02-22 09:35:00.000000000,1456104900000000000,2170.0,2170.0,2170.0,2170.0,0,19,19
2016-02-22 09:40:00.000000000,1456105200000000000,2169.0,2194.0,2169.0,2194.0,4,19,19
2016-02-22 09:45:00.000000000,1456105500000000000,2194.0,2194.0,2171.0,2171.0,3,19,20
2016-02-22 09:50:00.000000000,1456105800000000000,2171.0,2171.0,2170.0,2170.0,2,20,22
2016-02-22 09:55:00.000000000,1456106100000000000,2170.0,2170.0,2170.0,2170.0,0,22,22
2016-02-22 10:00:00.000000000,1456106400000000000,2170.0,2170.0,2170.0,2170.0,0,22,22
2016-02-22 10:05:00.000000000,1456106700000000000,2170.0,2170.0,2170.0,2170.0,0,22,22
2016-02-22 10:10:00.000000000,1456107000000000000,2170.0,2170.0,2170.0,2170.0,0,22,22
2016-02-22 10:30:00.000000000,1456108200000000000,2170.0,2170.0,2170.0,2170.0,0,22,22
2016-02-22 10:35:00.000000000,1456108500000000000,2170.0,2170.0,2170.0,2170.0,0,22,22
2016-02-22 10:40:00.000000000,1456108800000000000,2170.0,2170.0,2170.0,2170.0,0,22,22
2016-02-22 10:45:00.000000000,1456109100000000000,2170.0,2170.0,2170.0,2170.0,0,22,22
2016-02-22 10:50:00.000000000,1456109400000000000,2170.0,2170.0,2170.0,2170.0,0,22,22
2016-02-22 10:55:00.000000000,1456109700000000000,2170.0,2170.0,2170.0,2170.0,0,22,22
2016-02-22 11:00:00.000000000,1456110000000000000,2170.0,2170.0,2170.0,2170.0,0,22,22
2016-02-22 11:05:00.000000000,1456110300000000000,2170.0,2170.0,2170.0,2170.0,0,22,22
2016-02-22 11:10:00.000000000,1456110600000000000,2170.0,2170.0,2170.0,2170.0,0,22,22
2016-02-22 11:15:00.000000000,1456110900000000000,2170.0,2170.0,2170.0,2170.0,0,22,22
2016-02-22 11:20:00.000000000,1456111200000000000,2170.0,2170.0,2170.0,2170.0,0,22,22
2016-02-22 11:25:00.000000000,1456111500000000000,2170.0,2170.0,2170.0,2170.0,0,22,22
2016-02-22 13:30:00.000000000,1456119000000000000,2170.0,2170.0,2170.0,2170.0,0,22,22
2016-02-22 13:35:00.000000000,1456119300000000000,2170.0,2170.0,2170.0,2170.0,0,22,22
2016-02-22 13:40:00.000000000,1456119600000000000,2170.0,2170.0,2170.0,2170.0,0,22,22
2016-02-22 13:45:00.000000000,1456119900000000000,2170.0,2170.0,2170.0,2170.0,0,22,22
2016-02-22 13:50:00.000000000,1456120200000000000,2170.0,2170.0,2170.0,2170.0,0,22,22
2016-02-22 13:55:00.000000000,1456120500000000000,2170.0,2170.0,2170.0,2170.0,0,22,22
2016-02-22 14:00:00.000000000,1456120800000000000,2170.0,2170.0,2170.0,2170.0,0,22,22
2016-02-22 14:05:00.000000000,1456121100000000000,2170.0,2170.0,2170.0,2170.0,0,22,22
2016-02-22 14:10:00.000000000,1456121400000000000,2170.0,2170.0,2170.0,2170.0,0,22,22
2016-02-22 14:15:00.000000000,1456121700000000000,2170.0,2170.0,2170.0,2170.0,0,22,22
2016-02-22 14:20:00.000000000,1456122000000000000,2170.0,2170.0,2170.0,2170.0,0,22,22
2016-02-22 14:25:00.000000000,1456122300000000000,2170.0,2170.0,2170.0,2170.0,0,22,22
2016-02-22 14:30:00.000000000,1456122600000000000,2170.0,2170.0,2170.0,2170.0,0,22,22
2016-02-22 14:35:00.000000000,1456122900000000000,2170.0,2170.0,2170.0,2170.0,0,22,22
2016-02-22 14:40:00.000000000,1456123200000000000,2170.0,2170.0,2170.0,2170.0,0,22,22
2016-02-22 14:45:00.000000000,1456123500000000000,2170.0,2170.0,2170.0,2170.0,0,22,22
2016-02-22 14:50:00.000000000,1456123800000000000,2170.0,2170.0,2170.0,2170.0,0,22,22
2016-02-22 14:55:00.000000000,1456124100000000000,2170.0,2170.0,2170.0,2170.0,0,22,22
2016-02-23 09:00:00.000000000,1456189200000000000,2170.0,2170.0,2170.0,2170.0,0,22,22
2016-02-23 09:05:00.000000000,1456189500000000000,2170.0,2170.0,2170.0,2170.0,0,22,22
2016-02-23 09:10:00.000000000,1456189800000000000,2170.0,2170.0,2170.0,2170.0,0,22,22
2016-02-23 09:15:00.000000000,1456190100000000000,2170.0,2170.0,2170.0,2170.0,0,22,22
2016-02-23 09:20:00.000000000,1456190400000000000,2170.0,2170.0,2170.0,2170.0,1,22,22
2016-02-23 09:25:00.000000000,1456190700000000000,2170.0,2170.0,2170.0,2170.0,0,22,22
2016-02-23 09:30:00.000000000,1456191000000000000,2170.0,2170.0,2170.0,2170.0,0,22,22
2016-02-23 09:35:00.000000000,1456191300000000000,2170.0,2170.0,2170.0,2170.0,0,22,22
2016-02-23 09:40:00.000000000,1456191600000000000,2170.0,2170.0,2170.0,2170.0,0,22,22
2016-02-23 09:45:00.000000000,1456191900000000000,2170.0,2170.0,2170.0,2170.0,0,22,22
2016-02-23 09:50:00.000000000,1456192200000000000,2170.0,2170.0,2170.0,2170.0,0,22,22
2016-02-23 09:55:00.000000000,1456192500000000000,2170.0,2170.0,2170.0,2170.0,0,22,22
2016-02-23 10:00:00.000000000,1456192800000000000,2170.0,2170.0,2152.0,2152.0,1,22,22
2016-02-23 10:05:00.000000000,1456193100000000000,2152.0,2152.0,2152.0,2152.0,0,22,22
2016-02-23 10:10:00.000000000,1456193400000000000,2152.0,2152.0,2152.0,2152.0,0,22,22
2016-02-23 10:30:00.000000000,1456194600000000000,2152.0,2152.0,2152.0,2152.0,0,22,22
2016-02-23 10:35:00.000000000,1456194900000000000,2152.0,2152.0,2152.0,2152.0,0,22,22
2016-02-23 10:40:00.000000000,1456195200000000000,2152.0,2152.0,2152.0,2152.0,0,22,22
2016-02-23 10:45:00.000000000,1456195500000000000,2152.0,2152.0,2148.0,2148.0,1,22,22
2016-02-23 10:50:00.000000000,1456195800000000000,2148.0,2148.0,2148.0,2148.0,0,22,22
2016-02-23 10:55:00.000000000,1456196100000000000,2148.0,2148.0,2148.0,2148.0,0,22,22
2016-02-23 11:00:00.000000000,1456196400000000000,2148.0,2148.0,2148.0,2148.0,0,22,22
2016-02-23 11:05:00.000000000,1456196700000000000,2148.0,2148.0,2148.0,2148.0,0,22,22
2016-02-23 11:10:00.000000000,1456197000000000000,2148.0,2148.0,2148.0,2148.0,0,22,22
2016-02-23 11:15:00.000000000,1456197300000000000,2148.0,2148.0,2148.0,2148.0,0,22,22
2016-02-23 11:20:00.000000000,1456197600000000000,2148.0,2148.0,2148.0,2148.0,0,22,22
2016-02-23 11:25:00.000000000,1456197900000000000,2148.0,2148.0,2148.0,2148.0,0,22,22
2016-02-23 13:30:00.000000000,1456205400000000000,2148.0,2148.0,2148.0,2148.0,0,22,22
2016-02-23 13:35:00.000000000,1456205700000000000,2148.0,2148.0,2148.0,2148.0,0,22,22
2016-02-23 13:40:00.000000000,1456206000000000000,2148.0,2148.0,2148.0,2148.0,0,22,22
2016-02-23 13:45:00.000000000,1456206300000000000,2148.0,2148.0,2148.0,2148.0,0,22,22
2016-02-23 13:50:00.000000000,1456206600000000000,2148.0,2148.0,2148.0,2148.0,0,22,22
2016-02-23 13:55:00.000000000,1456206900000000000,2148.0,2148.0,2148.0,2148.0,0,22,22
2016-02-23 14:00:00.000000000,1456207200000000000,2148.0,2148.0,2148.0,2148.0,0,22,22
2016-02-23 14:05:00.000000000,1456207500000000000,2148.0,2148.0,2148.0,2148.0,0,22,22
2016-02-23 14:10:00.000000000,1456207800000000000,2148.0,2148.0,2148.0,2148.0,0,22,22
2016-02-23 14:15:00.000000000,1456208100000000000,2148.0,2148.0,2148.0,2148.0,0,22,22
2016-02-23 14:20:00.000000000,1456208400000000000,2148.0,2148.0,2148.0,2148.0,0,22,22
2016-02-23 14:25:00.000000000,1456208700000000000,2148.0,2148.0,2148.0,2148.0,0,22,22
2016-02-23 14:30:00.000000000,1456209000000000000,2148.0,2148.0,2148.0,2148.0,0,22,22
2016-02-23 14:35:00.000000000,1456209300000000000,2148.0,2148.0,2148.0,2148.0,0,22,22
2016-02-23 14:40:00.000000000,1456209600000000000,2148.0,2148.0,2148.0,2148.0,0,22,22
2016-02-23 14:45:00.000000000,1456209900000000000,2148.0,2148.0,2148.0,2148.0,0,22,22
2016-02-23 14:50:00.000000000,1456210200000000000,2148.0,2148.0,2148.0,2148.0,0,22,22
2016-02-23 14:55:00.000000000,1456210500000000000,2148.0,2148.0,2148.0,2148.0,0,22,22
2016-02-24 09:00:00.000000000,1456275600000000000,2148.0,2148.0,2148.0,2148.0,0,22,22
2016-02-24 09:05:00.000000000,1456275900000000000,2148.0,2148.0,2148.0,2148.0,0,22,22
2016-02-24 09:10:00.000000000,1456276200000000000,2148.0,2148.0,2148.0,2148.0,0,22,22
2016-02-24 09:15:00.000000000,1456276500000000000,2148.0,2148.0,2148.0,2148.0,0,22,22
2016-02-24 09:20:00.000000000,1456276800000000000,2148.0,2148.0,2148.0,2148.0,0,22,22
2016-02-24 09:25:00.000000000,1456277100000000000,2148.0,2148.0,2148.0,2148.0,0,22,22
2016-02-24 09:30:00.000000000,1456277400000000000,2148.0,2148.0,2148.0,2148.0,0,22,22
2016-02-24 09:35:00.000000000,1456277700000000000,2148.0,2148.0,2148.0,2148.0,0,22,22
2016-02-24 09:40:00.000000000,1456278000000000000,2148.0,2148.0,2148.0,2148.0,0,22,22
2016-02-24 09:45:00.000000000,1456278300000000000,2148.0,2148.0,2148.0,2148.0,0,22,22
2016-02-24 09:50:00.000000000,1456278600000000000,2148.0,2148.0,2148.0,2148.0,0,22,22
2016-02-24 09:55:00.000000000,1456278900000000000,2148.0,2148.0,2148.0,2148.0,0,22,22
2016-02-24 10:00:00.000000000,1456279200000000000,2148.0,2148.0,2148.0,2148.0,0,22,22
2016-02-24 10:05:00.000000000,1456279500000000000,2148.0,2148.0,2148.0,2148.0,0,22,22
2016-02-24 10:10:00.000000000,1456279800000000000,2148.0,2148.0,2148.0,2148.0,0,22,22
2016-02-24 10:30:00.000000000,1456281000000000000,2148.0,2148.0,2148.0,2148.0,0,22,22
2016-02-24 10:35:00.000000000,1456281300000000000,2130.0,2130.0,2130.0,2130.0,1,22,21
2016-02-24 10:40:00.000000000,1456281600000000000,2130.0,2130.0,2130.0,2130.0,0,21,21
2016-02-24 10:45:00.000000000,1456281900000000000,2130.0,2130.0,2130.0,2130.0,0,21,21
2016-02-24 10:50:00.000000000,1456282200000000000,2130.0,2130.0,2130.0,2130.0,0,21,21
2016-02-24 10:55:00.000000000,1456282500000000000,2130.0,2130.0,2130.0,2130.0,0,21,21
2016-02-24 11:00:00.000000000,1456282800000000000,2130.0,2130.0,2130.0,2130.0,0,21,21
2016-02-24 11:05:00.000000000,1456283100000000000,2130.0,2130.0,2130.0,2130.0,0,21,21
2016-02-24 11:10:00.000000000,1456283400000000000,2130.0,2130.0,2130.0,2130.0,0,21,21
2016-02-24 11:15:00.000000000,1456283700000000000,2130.0,2130.0,2130.0,2130.0,0,21,21
2016-02-24 11:20:00.000000000,1456284000000000000,2130.0,2130.0,2130.0,2130.0,0,21,21
2016-02-24 11:25:00.000000000,1456284300000000000,2130.0,2130.0,2130.0,2130.0,0,21,21
2016-02-24 13:30:00.000000000,1456291800000000000,2130.0,2130.0,2130.0,2130.0,0,21,21
2016-02-24 13:35:00.000000000,1456292100000000000,2130.0,2130.0,2130.0,2130.0,0,21,21
2016-02-24 13:40:00.000000000,1456292400000000000,2130.0,2130.0,2130.0,2130.0,0,21,21
2016-02-24 13:45:00.000000000,1456292700000000000,2130.0,2130.0,2130.0,2130.0,0,21,21
2016-02-24 13:50:00.000000000,1456293000000000000,2130.0,2130.0,2130.0,2130.0,0,21,21
2016-02-24 13:55:00.000000000,1456293300000000000,2130.0,2130.0,2130.0,2130.0,0,21,21
2016-02-24 14:00:00.000000000,1456293600000000000,2130.0,2130.0,2130.0,2130.0,0,21,21
2016-02-24 14:05:00.000000000,1456293900000000000,2130.0,2130.0,2130.0,2130.0,0,21,21
2016-02-24 14:10:00.000000000,1456294200000000000,2130.0,2130.0,2130.0,2130.0,0,21,21
2016-02-24 14:15:00.000000000,1456294500000000000,2130.0,2130.0,2130.0,2130.0,0,21,21
2016-02-24 14:20:00.000000000,1456294800000000000,2130.0,2130.0,2130.0,2130.0,0,21,21
2016-02-24 14:25:00.000000000,1456295100000000000,2130.0,2130.0,2130.0,2130.0,0,21,21
2016-02-24 14:30:00.000000000,1456295400000000000,2130.0,2130.0,2130.0,2130.0,0,21,21
2016-02-24 14:35:00.000000000,1456295700000000000,2130.0,2130.0,2130.0,2130.0,0,21,21
2016-02-24 14:40:00.000000000,1456296000000000000,2130.0,2130.0,2130.0,2130.0,0,21,21
2016-02-24 14:45:00.000000000,1456296300000000000,2130.0,2130.0,2130.0,2130.0,0,21,21
2016-02-24 14:50:00.000000000,1456296600000000000,2130.0,2130.0,2130.0,2130.0,0,21,21
2016-02-24 14:55:00.000000000,1456296900000000000,2130.0,2130.0,2130.0,2130.0,0,21,21
2016-02-26 09:00:00.000000000,1456448400000000000,2130.0,2130.0,2130.0,2130.0,0,21,21
2016-02-26 09:05:00.000000000,1456448700000000000,2130.0,2130.0,2130.0,2130.0,0,21,21
2016-02-26 09:10:00.000000000,1456449000000000000,2130.0,2130.0,2130.0,2130.0,0,21,21
2016-02-26 09:15:00.000000000,1456449300000000000,2130.0,2130.0,2130.0,2130.0,0,21,21
2016-02-26 09:20:00.000000000,1456449600000000000,2130.0,2130.0,2130.0,2130.0,0,21,21
2016-02-26 09:25:00.000000000,1456449900000000000,2130.0,2130.0,2130.0,2130.0,0,21,21
2016-02-26 09:30:00.000000000,1456450200000000000,2130.0,2130.0,2130.0,2130.0,0,21,21
2016-02-26 09:35:00.000000000,1456450500000000000,2130.0,2130.0,2130.0,2130.0,0,21,21
2016-02-26 09:40:00.000000000,1456450800000000000,2130.0,2130.0,2130.0,2130.0,0,21,21
2016-02-26 09:45:00.000000000,1456451100000000000,2130.0,2130.0,2130.0,2130.0,0,21,21
2016-02-26 09:50:00.000000000,1456451400000000000,2130.0,2130.0,2130.0,2130.0,0,21,21
2016-02-26 09:55:00.000000000,1456451700000000000,2130.0,2130.0,2130.0,2130.0,0,21,21
2016-02-26 10:00:00.000000000,1456452000000000000,2130.0,2130.0,2130.0,2130.0,0,21,21
2016-02-26 10:05:00.000000000,1456452300000000000,2130.0,2130.0,2130.0,2130.0,0,21,21
2016-02-26 10:10:00.000000000,1456452600000000000,2130.0,2130.0,2130.0,2130.0,0,21,21
2016-02-26 10:30:00.000000000,1456453800000000000,2130.0,2130.0,2130.0,2130.0,0,21,21
2016-02-26 10:35:00.000000000,1456454100000000000,2130.0,2130.0,2130.0,2130.0,0,21,21
2016-02-26 10:40:00.000000000,1456454400000000000,2130.0,2130.0,2130.0,2130.0,0,21,21
2016-02-26 10:45:00.000000000,1456454700000000000,2130.0,2130.0,2130.0,2130.0,0,21,21
2016-02-26 10:50:00.000000000,1456455000000000000,2130.0,2130.0,2130.0,2130.0,0,21,21
2016-02-26 10:55:00.000000000,1456455300000000000,2130.0,2130.0,2130.0,2130.0,0,21,21
2016-02-26 11:00:00.000000000,1456455600000000000,2130.0,2130.0,2130.0,2130.0,0,21,21
2016-02-26 11:05:00.000000000,1456455900000000000,2130.0,2130.0,2130.0,2130.0,0,21,21
2016-02-26 11:10:00.000000000,1456456200000000000,2130.0,2130.0,2130.0,2130.0,0,21,21
2016-02-26 11:15:00.000000000,1456456500000000000,2130.0,2130.0,2130.0,2130.0,0,21,21
2016-02-26 11:20:00.000000000,1456456800000000000,2130.0,2130.0,2130.0,2130.0,0,21,21
2016-02-26 11:25:00.000000000,1456457100000000000,2130.0,2130.0,2130.0,2130.0,0,21,21
2016-02-26 13:30:00.000000000,1456464600000000000,2130.0,2130.0,2130.0,2130.0,0,21,21
2016-02-26 13:35:00.000000000,1456464900000000000,2130.0,2130.0,2130.0,2130.0,0,21,21
2016-02-26 13:40:00.000000000,1456465200000000000,2130.0,2130.0,2130.0,2130.0,0,21,21
2016-02-26 13:45:00.000000000,1456465500000000000,2130.0,2130.0,2130.0,2130.0,0,21,21
2016-02-26 13:50:00.000000000,1456465800000000000,2130.0,2130.0,2130.0,2130.0,0,21,21
2016-02-26 13:55:00.000000000,1456466100000000000,2130.0,2130.0,2130.0,2130.0,0,21,21
2016-02-26 14:00:00.000000000,1456466400000000000,2130.0,2130.0,2130.0,2130.0,0,21,21
2016-02-26 14:05:00.000000000,1456466700000000000,2130.0,2130.0,2130.0,2130.0,0,21,21
2016-02-26 14:10:00.000000000,1456467000000000000,2130.0,2130.0,2130.0,2130.0,0,21,21
2016-02-26 14:15:00.000000000,1456467300000000000,2130.0,2130.0,2130.0,2130.0,0,21,21
2016-02-26 14:20:00.000000000,1456467600000000000,2130.0,2130.0,2130.0,2130.0,0,21,21
2016-02-26 14:25:00.000000000,1456467900000000000,2130.0,2130.0,2130.0,2130.0,0,21,21
2016-02-26 14:30:00.000000000,1456468200000000000,2130.0,2130.0,2130.0,2130.0,0,21,21
2016-02-26 14:35:00.000000000,1456468500000000000,2045.0,2045.0,2045.0,2045.0,1,21,20
2016-02-26 14:40:00.000000000,1456468800000000000,2045.0,2045.0,2045.0,2045.0,0,20,20
2016-02-26 14:45:00.000000000,1456469100000000000,2045.0,2045.0,2045.0,2045.0,0,20,20
2016-02-26 14:50:00.000000000,1456469400000000000,2045.0,2045.0,2045.0,2045.0,0,20,20
2016-02-26 14:55:00.000000000,1456469700000000000,2045.0,2045.0,2045.0,2045.0,0,20,20
2016-02-29 09:00:00.000000000,1456707600000000000,2045.0,2045.0,2045.0,2045.0,0,20,20
2016-02-29 09:05:00.000000000,1456707900000000000,2045.0,2045.0,2045.0,2045.0,0,20,20
2016-02-29 09:10:00.000000000,1456708200000000000,2045.0,2045.0,2045.0,2045.0,0,20,20
2016-02-29 09:15:00.000000000,1456708500000000000,2045.0,2045.0,2045.0,2045.0,0,20,20
2016-02-29 09:20:00.000000000,1456708800000000000,2045.0,2045.0,2045.0,2045.0,0,20,20
2016-02-29 09:25:00.000000000,1456709100000000000,2123.0,2123.0,2123.0,2123.0,1,20,20
2016-02-29 09:30:00.000000000,1456709400000000000,2123.0,2123.0,2123.0,2123.0,0,20,20
2016-02-29 09:35:00.000000000,1456709700000000000,2123.0,2123.0,2123.0,2123.0,0,20,20
2016-02-29 09:40:00.000000000,1456710000000000000,2123.0,2123.0,2123.0,2123.0,0,20,20
2016-02-29 09:45:00.000000000,1456710300000000000,2123.0,2123.0,2123.0,2123.0,0,20,20
2016-02-29 09:50:00.000000000,1456710600000000000,2123.0,2123.0,1990.0,1990.0,1,20,19
2016-02-29 09:55:00.000000000,1456710900000000000,1990.0,1990.0,1990.0,1990.0,0,19,19
2016-02-29 10:00:00.000000000,1456711200000000000,1990.0,2125.0,1990.0,2125.0,16,19,19
2016-02-29 10:05:00.000000000,1456711500000000000,2125.0,2125.0,2125.0,2125.0,0,19,19
2016-02-29 10:10:00.000000000,1456711800000000000,2125.0,2125.0,2125.0,2125.0,0,19,19
2016-02-29 10:30:00.000000000,1456713000000000000,2125.0,2125.0,2125.0,2125.0,0,19,19
2016-02-29 10:35:00.000000000,1456713300000000000,2125.0,2125.0,2125.0,2125.0,0,19,19
2016-02-29 10:40:00.000000000,1456713600000000000,2125.0,2125.0,2125.0,2125.0,0,19,19
2016-02-29 10:45:00.000000000,1456713900000000000,2125.0,2125.0,2125.0,2125.0,0,19,19
2016-02-29 10:50:00.000000000,1456714200000000000,2125.0,2125.0,2125.0,2125.0,0,19,19
2016-02-29 10:55:00.000000000,1456714500000000000,2125.0,2125.0,2125.0,2125.0,0,19,19
2016-02-29 11:00:00.000000000,1456714800000000000,2125.0,2125.0,2125.0,2125.0,0,19,19
2016-02-29 11:05:00.000000000,1456715100000000000,2125.0,2125.0,2125.0,2125.0,0,19,19
2016-02-29 11:10:00.000000000,1456715400000000000,2125.0,2125.0,2125.0,2125.0,0,19,19
2016-02-29 11:15:00.000000000,1456715700000000000,2125.0,2125.0,2125.0,2125.0,0,19,19
2016-02-29 11:20:00.000000000,1456716000000000000,2125.0,2125.0,2125.0,2125.0,0,19,19
2016-02-29 11:25:00.000000000,1456716300000000000,2125.0,2125.0,2125.0,2125.0,0,19,19
2016-02-29 13:30:00.000000000,1456723800000000000,2125.0,2125.0,2125.0,2125.0,0,19,19
2016-02-29 13:35:00.000000000,1456724100000000000,2125.0,2125.0,2125.0,2125.0,0,19,19
2016-02-29 13:40:00.000000000,1456724400000000000,2125.0,2125.0,2125.0,2125.0,0,19,19
2016-02-29 13:45:00.000000000,1456724700000000000,2125.0,2125.0,2125.0,2125.0,0,19,19
2016-02-29 13:50:00.000000000,1456725000000000000,2125.0,2125.0,2125.0,2125.0,0,19,19
2016-02-29 13:55:00.000000000,1456725300000000000,2125.0,2125.0,2125.0,2125.0,0,19,19
2016-02-29 14:00:00.000000000,1456725600000000000,2125.0,2125.0,2125.0,2125.0,0,19,19
2016-02-29 14:05:00.000000000,1456725900000000000,2125.0,2125.0,2125.0,2125.0,0,19,19
2016-02-29 14:10:00.000000000,1456726200000000000,2125.0,2126.0,2125.0,2126.0,10,19,27
2016-02-29 14:15:00.000000000,1456726500000000000,2126.0,2126.0,2126.0,2126.0,0,27,27
2016-02-29 14:20:00.000000000,1456726800000000000,2126.0,2126.0,2126.0,2126.0,0,27,27
2016-02-29 14:25:00.000000000,1456727100000000000,2126.0,2126.0,2126.0,2126.0,0,27,27
2016-02-29 14:30:00.000000000,1456727400000000000,2126.0,2126.0,2126.0,2126.0,0,27,27
2016-02-29 14:35:00.000000000,1456727700000000000,2126.0,2126.0,2126.0,2126.0,0,27,27
2016-02-29 14:40:00.000000000,1456728000000000000,2126.0,2126.0,2126.0,2126.0,0,27,27
2016-02-29 14:45:00.000000000,1456728300000000000,2126.0,2126.0,2126.0,2126.0,0,27,27
2016-02-29 14:50:00.000000000,1456728600000000000,2126.0,2126.0,2126.0,2126.0,0,27,27
2016-02-29 14:55:00.000000000,1456728900000000000,2126.0,2126.0,2126.0,2126.0,0,27,27
2016-03-02 09:00:00.000000000,1456880400000000000,2126.0,2126.0,2126.0,2126.0,0,27,27
2016-03-02 09:05:00.000000000,1456880700000000000,2126.0,2126.0,2126.0,2126.0,0,27,27
2016-03-02 09:10:00.000000000,1456881000000000000,2050.0,2050.0,2050.0,2050.0,1,27,26
2016-03-02 09:15:00.000000000,1456881300000000000,2050.0,2050.0,2050.0,2050.0,0,26,26
2016-03-02 09:20:00.000000000,1456881600000000000,2050.0,2050.0,2050.0,2050.0,0,26,26
2016-03-02 09:25:00.000000000,1456881900000000000,2050.0,2050.0,2050.0,2050.0,0,26,26
2016-03-02 09:30:00.000000000,1456882200000000000,2050.0,2050.0,2050.0,2050.0,0,26,26
2016-03-02 09:35:00.000000000,1456882500000000000,2050.0,2050.0,2050.0,2050.0,0,26,26
2016-03-02 09:40:00.000000000,1456882800000000000,2050.0,2050.0,2050.0,2050.0,0,26,26
2016-03-02 09:45:00.000000000,1456883100000000000,2050.0,2050.0,2050.0,2050.0,0,26,26
2016-03-02 09:50:00.000000000,1456883400000000000,2050.0,2050.0,2050.0,2050.0,0,26,26
2016-03-02 09:55:00.000000000,1456883700000000000,2050.0,2050.0,2050.0,2050.0,0,26,26
2016-03-02 10:00:00.000000000,1456884000000000000,2050.0,2050.0,2050.0,2050.0,0,26,26
2016-03-02 10:05:00.000000000,1456884300000000000,2050.0,2050.0,2050.0,2050.0,0,26,26
2016-03-02 10:10:00.000000000,1456884600000000000,2050.0,2050.0,2050.0,2050.0,0,26,26
2016-03-02 10:30:00.000000000,1456885800000000000,2050.0,2050.0,2050.0,2050.0,0,26,26
2016-03-02 10:35:00.000000000,1456886100000000000,2050.0,2050.0,2050.0,2050.0,0,26,26
2016-03-02 10:40:00.000000000,1456886400000000000,2050.0,2050.0,2050.0,2050.0,0,26,26
2016-03-02 10:45:00.000000000,1456886700000000000,2050.0,2050.0,2050.0,2050.0,0,26,26
2016-03-02 10:50:00.000000000,1456887000000000000,2050.0,2050.0,2050.0,2050.0,0,26,26
2016-03-02 10:55:00.000000000,1456887300000000000,2050.0,2050.0,2050.0,2050.0,0,26,26
2016-03-02 11:00:00.000000000,1456887600000000000,2050.0,2050.0,2050.0,2050.0,0,26,26
2016-03-02 11:05:00.000000000,1456887900000000000,2050.0,2050.0,2050.0,2050.0,0,26,26
2016-03-02 11:10:00.000000000,1456888200000000000,2050.0,2050.0,2050.0,2050.0,0,26,26
2016-03-02 11:15:00.000000000,1456888500000000000,2050.0,2050.0,2050.0,2050.0,0,26,26
2016-03-02 11:20:00.000000000,1456888800000000000,2050.0,2050.0,2050.0,2050.0,0,26,26
2016-03-02 11:25:00.000000000,1456889100000000000,2050.0,2050.0,2050.0,2050.0,0,26,26
2016-03-02 13:30:00.000000000,1456896600000000000,2050.0,2050.0,2050.0,2050.0,0,26,26
2016-03-02 13:35:00.000000000,1456896900000000000,2050.0,2050.0,2050.0,2050.0,0,26,26
2016-03-02 13:40:00.000000000,1456897200000000000,2050.0,2050.0,2050.0,2050.0,0,26,26
2016-03-02 13:45:00.000000000,1456897500000000000,2050.0,2050.0,2050.0,2050.0,0,26,26
2016-03-02 13:50:00.000000000,1456897800000000000,2050.0,2050.0,2050.0,2050.0,0,26,26
2016-03-02 13:55:00.000000000,1456898100000000000,2050.0,2050.0,2050.0,2050.0,0,26,26
2016-03-02 14:00:00.000000000,1456898400000000000,2050.0,2050.0,2050.0,2050.0,0,26,26
2016-03-02 14:05:00.000000000,1456898700000000000,2050.0,2050.0,2050.0,2050.0,0,26,26
2016-03-02 14:10:00.000000000,1456899000000000000,2050.0,2050.0,2050.0,2050.0,0,26,26
2016-03-02 14:15:00.000000000,1456899300000000000,2050.0,2050.0,2050.0,2050.0,0,26,26
2016-03-02 14:20:00.000000000,1456899600000000000,2050.0,2050.0,2050.0,2050.0,0,26,26
2016-03-02 14:25:00.000000000,1456899900000000000,2050.0,2050.0,2050.0,2050.0,0,26,26
2016-03-02 14:30:00.000000000,1456900200000000000,2050.0,2050.0,2050.0,2050.0,0,26,26
2016-03-02 14:35:00.000000000,1456900500000000000,2050.0,2050.0,2050.0,2050.0,0,26,26
2016-03-02 14:40:00.000000000,1456900800000000000,2050.0,2050.0,2050.0,2050.0,0,26,26
2016-03-02 14:45:00.000000000,1456901100000000000,2050.0,2050.0,2050.0,2050.0,0,26,26
2016-03-02 14:50:00.000000000,1456901400000000000,2050.0,2050.0,2050.0,2050.0,0,26,26
2016-03-02 14:55:00.000000000,1456901700000000000,2050.0,2050.0,2050.0,2050.0,0,26,26
2016-03-08 09:00:00.000000000,1457398800000000000,2050.0,2050.0,2050.0,2050.0,0,26,26
2016-03-08 09:05:00.000000000,1457399100000000000,2050.0,2050.0,2050.0,2050.0,0,26,26
2016-03-08 09:10:00.000000000,1457399400000000000,2050.0,2050.0,2050.0,2050.0,0,26,26
2016-03-08 09:15:00.000000000,1457399700000000000,2050.0,2050.0,2050.0,2050.0,0,26,26
2016-03-08 09:20:00.000000000,1457400000000000000,2050.0,2050.0,2050.0,2050.0,0,26,26
2016-03-08 09:25:00.000000000,1457400300000000000,2050.0,2050.0,2050.0,2050.0,0,26,26
2016-03-08 09:30:00.000000000,1457400600000000000,2050.0,2050.0,2050.0,2050.0,0,26,26
2016-03-08 09:35:00.000000000,1457400900000000000,2050.0,2050.0,2050.0,2050.0,0,26,26
2016-03-08 09:40:00.000000000,1457401200000000000,2050.0,2050.0,2050.0,2050.0,0,26,26
2016-03-08 09:45:00.000000000,1457401500000000000,2050.0,2050.0,2050.0,2050.0,0,26,26
2016-03-08 09:50:00.000000000,1457401800000000000,2050.0,2050.0,2050.0,2050.0,0,26,26
2016-03-08 09:55:00.000000000,1457402100000000000,2050.0,2050.0,2050.0,2050.0,0,26,26
2016-03-08 10:00:00.000000000,1457402400000000000,2050.0,2050.0,2050.0,2050.0,0,26,26
2016-03-08 10:05:00.000000000,1457402700000000000,2050.0,2050.0,2050.0,2050.0,0,26,26
2016-03-08 10:10:00.000000000,1457403000000000000,2050.0,2050.0,2050.0,2050.0,0,26,26
2016-03-08 10:30:00.000000000,1457404200000000000,2050.0,2050.0,2050.0,2050.0,0,26,26
2016-03-08 10:35:00.000000000,1457404500000000000,2050.0,2050.0,2050.0,2050.0,0,26,26
2016-03-08 10:40:00.000000000,1457404800000000000,2050.0,2050.0,2050.0,2050.0,0,26,26
2016-03-08 10:45:00.000000000,1457405100000000000,2050.0,2050.0,2050.0,2050.0,0,26,26
2016-03-08 10:50:00.000000000,1457405400000000000,2050.0,2050.0,2050.0,2050.0,8,26,26
2016-03-08 10:55:00.000000000,1457405700000000000,2050.0,2050.0,2050.0,2050.0,0,26,26
2016-03-08 11:00:00.000000000,1457406000000000000,2050.0,2050.0,2050.0,2050.0,0,26,26
2016-03-08 11:05:00.000000000,1457406300000000000,2050.0,2050.0,2050.0,2050.0,0,26,26
2016-03-08 11:10:00.000000000,1457406600000000000,2050.0,2050.0,2050.0,2050.0,0,26,26
2016-03-08 11:15:00.000000000,1457406900000000000,2050.0,2050.0,2050.0,2050.0,0,26,26
2016-03-08 11:20:00.000000000,1457407200000000000,2050.0,2050.0,2050.0,2050.0,0,26,26
2016-03-08 11:25:00.000000000,1457407500000000000,2050.0,2050.0,2050.0,2050.0,0,26,26
2016-03-08 13:30:00.000000000,1457415000000000000,2050.0,2050.0,2050.0,2050.0,0,26,26
2016-03-08 13:35:00.000000000,1457415300000000000,2050.0,2050.0,2050.0,2050.0,0,26,26
2016-03-08 13:40:00.000000000,1457415600000000000,2050.0,2050.0,2050.0,2050.0,0,26,26
2016-03-08 13:45:00.000000000,1457415900000000000,2050.0,2050.0,2050.0,2050.0,0,26,26
2016-03-08 13:50:00.000000000,1457416200000000000,2050.0,2050.0,2050.0,2050.0,0,26,26
2016-03-08 13:55:00.000000000,1457416500000000000,2050.0,2050.0,2050.0,2050.0,0,26,26
2016-03-08 14:00:00.000000000,1457416800000000000,2050.0,2050.0,2050.0,2050.0,0,26,26
2016-03-08 14:05:00.000000000,1457417100000000000,2050.0,2050.0,2050.0,2050.0,0,26,26
2016-03-08 14:10:00.000000000,1457417400000000000,2050.0,2050.0,2050.0,2050.0,0,26,26
2016-03-08 14:15:00.000000000,1457417700000000000,2050.0,2050.0,2050.0,2050.0,0,26,26
2016-03-08 14:20:00.000000000,1457418000000000000,2050.0,2050.0,2050.0,2050.0,0,26,26
2016-03-08 14:25:00.000000000,1457418300000000000,2050.0,2050.0,2050.0,2050.0,0,26,26
2016-03-08 14:30:00.000000000,1457418600000000000,2050.0,2050.0,2050.0,2050.0,0,26,26
2016-03-08 14:35:00.000000000,1457418900000000000,2050.0,2050.0,2050.0,2050.0,0,26,26
2016-03-08 14:40:00.000000000,1457419200000000000,2050.0,2050.0,2050.0,2050.0,0,26,26
2016-03-08 14:45:00.000000000,1457419500000000000,2050.0,2050.0,2050.0,2050.0,0,26,26
2016-03-08 14:50:00.000000000,1457419800000000000,2050.0,2050.0,2050.0,2050.0,0,26,26
2016-03-08 14:55:00.000000000,1457420100000000000,2050.0,2050.0,2050.0,2050.0,0,26,26
2016-03-10 09:00:00.000000000,1457571600000000000,2050.0,2050.0,2050.0,2050.0,0,26,26
2016-03-10 09:05:00.000000000,1457571900000000000,2050.0,2050.0,2050.0,2050.0,0,26,26
2016-03-10 09:10:00.000000000,1457572200000000000,2050.0,2050.0,2050.0,2050.0,0,26,26
2016-03-10 09:15:00.000000000,1457572500000000000,2050.0,2050.0,2050.0,2050.0,0,26,26
2016-03-10 09:20:00.000000000,1457572800000000000,2050.0,2050.0,2050.0,2050.0,0,26,26
2016-03-10 09:25:00.000000000,1457573100000000000,2050.0,2050.0,2050.0,2050.0,0,26,26
2016-03-10 09:30:00.000000000,1457573400000000000,2050.0,2050.0,2050.0,2050.0,0,26,26
2016-03-10 09:35:00.000000000,1457573700000000000,2050.0,2050.0,2050.0,2050.0,0,26,26
2016-03-10 09:40:00.000000000,1457574000000000000,2050.0,2050.0,2050.0,2050.0,0,26,26
2016-03-10 09:45:00.000000000,1457574300000000000,2055.0,2055.0,2055.0,2055.0,8,26,18
2016-03-10 09:50:00.000000000,1457574600000000000,2055.0,2055.0,2055.0,2055.0,0,18,18
2016-03-10 09:55:00.000000000,1457574900000000000,2055.0,2055.0,2055.0,2055.0,0,18,18
2016-03-10 10:00:00.000000000,1457575200000000000,2055.0,2055.0,2055.0,2055.0,0,18,18
2016-03-10 10:05:00.000000000,1457575500000000000,2055.0,2055.0,2055.0,2055.0,0,18,18
2016-03-10 10:10:00.000000000,1457575800000000000,2055.0,2055.0,2055.0,2055.0,0,18,18
2016-03-10 10:30:00.000000000,1457577000000000000,2055.0,2055.0,2055.0,2055.0,0,18,18
2016-03-10 10:35:00.000000000,1457577300000000000,2055.0,2055.0,2055.0,2055.0,0,18,18
2016-03-10 10:40:00.000000000,1457577600000000000,2055.0,2055.0,2055.0,2055.0,0,18,18
2016-03-10 10:45:00.000000000,1457577900000000000,2055.0,2055.0,2055.0,2055.0,0,18,18
2016-03-10 10:50:00.000000000,1457578200000000000,2055.0,2055.0,2055.0,2055.0,0,18,18
2016-03-10 10:55:00.000000000,1457578500000000000,2055.0,2055.0,2055.0,2055.0,0,18,18
2016-03-10 11:00:00.000000000,1457578800000000000,2055.0,2055.0,2055.0,2055.0,0,18,18
2016-03-10 11:05:00.000000000,1457579100000000000,2055.0,2055.0,2055.0,2055.0,0,18,18
2016-03-10 11:10:00.000000000,1457579400000000000,2055.0,2055.0,2055.0,2055.0,0,18,18
2016-03-10 11:15:00.000000000,1457579700000000000,2055.0,2055.0,2055.0,2055.0,0,18,18
2016-03-10 11:20:00.000000000,1457580000000000000,2055.0,2055.0,2055.0,2055.0,0,18,18
2016-03-10 11:25:00.000000000,1457580300000000000,2055.0,2055.0,2055.0,2055.0,0,18,18
2016-03-10 13:30:00.000000000,1457587800000000000,2055.0,2055.0,2055.0,2055.0,0,18,18
2016-03-10 13:35:00.000000000,1457588100000000000,2055.0,2055.0,2055.0,2055.0,0,18,18
2016-03-10 13:40:00.000000000,1457588400000000000,2055.0,2055.0,2055.0,2055.0,0,18,18
2016-03-10 13:45:00.000000000,1457588700000000000,2055.0,2055.0,2055.0,2055.0,0,18,18
2016-03-10 13:50:00.000000000,1457589000000000000,2055.0,2055.0,2055.0,2055.0,0,18,18
2016-03-10 13:55:00.000000000,1457589300000000000,2055.0,2055.0,2055.0,2055.0,0,18,18
2016-03-10 14:00:00.000000000,1457589600000000000,2055.0,2055.0,2055.0,2055.0,0,18,18
2016-03-10 14:05:00.000000000,1457589900000000000,2055.0,2055.0,2055.0,2055.0,0,18,18
2016-03-10 14:10:00.000000000,1457590200000000000,2055.0,2055.0,2055.0,2055.0,0,18,18
2016-03-10 14:15:00.000000000,1457590500000000000,2055.0,2055.0,2055.0,2055.0,0,18,18
2016-03-10 14:20:00.000000000,1457590800000000000,2055.0,2055.0,2055.0,2055.0,0,18,18
2016-03-10 14:25:00.000000000,1457591100000000000,2055.0,2055.0,2055.0,2055.0,0,18,18
2016-03-10 14:30:00.000000000,1457591400000000000,2055.0,2055.0,2055.0,2055.0,0,18,18
2016-03-10 14:35:00.000000000,1457591700000000000,2055.0,2055.0,2055.0,2055.0,0,18,18
2016-03-10 14:40:00.000000000,1457592000000000000,2055.0,2055.0,2055.0,2055.0,0,18,18
2016-03-10 14:45:00.000000000,1457592300000000000,2055.0,2055.0,2055.0,2055.0,0,18,18
2016-03-10 14:50:00.000000000,1457592600000000000,2055.0,2055.0,2055.0,2055.0,0,18,18
2016-03-10 14:55:00.000000000,1457592900000000000,2055.0,2055.0,2055.0,2055.0,0,18,18
