datetime,datetime_nano,DCE.jm1708.open,DCE.jm1708.high,DCE.jm1708.low,DCE.jm1708.close,DCE.jm1708.volume,DCE.jm1708.open_oi,DCE.jm1708.close_oi
2016-11-04 23:00:00.000000000,1478271600000000000,1279.5,1279.5,1279.5,1279.5,2,0,2
2016-11-07 09:00:00.000000000,1478480400000000000,1279.5,1279.5,1279.5,1279.5,0,2,2
2016-11-07 09:30:00.000000000,1478482200000000000,1279.5,1279.5,1279.5,1279.5,0,2,2
2016-11-07 10:00:00.000000000,1478484000000000000,1279.5,1279.5,1279.5,1279.5,0,2,2
2016-11-07 10:30:00.000000000,1478485800000000000,1279.5,1279.5,1279.5,1279.5,0,2,2
2016-11-07 11:00:00.000000000,1478487600000000000,1279.5,1279.5,1279.5,1279.5,0,2,2
2016-11-07 13:30:00.000000000,1478496600000000000,1279.5,1279.5,1279.5,1279.5,0,2,2
2016-11-07 14:00:00.000000000,1478498400000000000,1279.5,1279.5,1279.5,1279.5,0,2,2
2016-11-07 14:30:00.000000000,1478500200000000000,1279.5,1279.5,1279.5,1279.5,0,2,2
2016-11-11 21:00:00.000000000,1478869200000000000,1279.5,1279.5,1279.5,1279.5,0,2,2
2016-11-11 21:30:00.000000000,1478871000000000000,1480.5,1480.5,1480.5,1480.5,1,2,3
2016-11-11 22:00:00.000000000,1478872800000000000,1480.5,1480.5,1480.5,1480.5,0,3,3
2016-11-11 22:30:00.000000000,1478874600000000000,1480.5,1480.5,1480.5,1480.5,0,3,3
2016-11-11 23:00:00.000000000,1478876400000000000,1480.5,1480.5,1480.5,1480.5,0,3,3
2016-11-14 09:00:00.000000000,1479085200000000000,1480.5,1480.5,1480.5,1480.5,0,3,3
2016-11-14 09:30:00.000000000,1479087000000000000,1480.5,1480.5,1480.5,1480.5,0,3,3
2016-11-14 10:00:00.000000000,1479088800000000000,1480.5,1480.5,1480.5,1480.5,0,3,3
2016-11-14 10:30:00.000000000,1479090600000000000,1480.5,1480.5,1480.5,1480.5,0,3,3
2016-11-14 11:00:00.000000000,1479092400000000000,1480.5,1480.5,1480.5,1480.5,0,3,3
2016-11-14 13:30:00.000000000,1479101400000000000,1480.5,1480.5,1480.5,1480.5,0,3,3
2016-11-14 14:00:00.000000000,1479103200000000000,1480.5,1480.5,1381.5,1381.5,1,3,4
2016-11-14 14:30:00.000000000,1479105000000000000,1381.5,1381.5,1381.5,1381.5,0,4,4
2016-11-15 21:00:00.000000000,1479214800000000000,1381.5,1381.5,1381.5,1381.5,0,4,4
2016-11-15 21:30:00.000000000,1479216600000000000,1381.5,1381.5,1381.5,1381.5,0,4,4
2016-11-15 22:00:00.000000000,1479218400000000000,1381.5,1381.5,1381.5,1381.5,0,4,4
2016-11-15 22:30:00.000000000,1479220200000000000,1381.5,1381.5,1381.5,1381.5,0,4,4
2016-11-15 23:00:00.000000000,1479222000000000000,1381.5,1381.5,1381.5,1381.5,0,4,4
2016-11-16 09:00:00.000000000,1479258000000000000,1381.5,1381.5,1381.5,1381.5,0,4,4
2016-11-16 09:30:00.000000000,1479259800000000000,1381.5,1381.5,1381.5,1381.5,0,4,4
2016-11-16 10:00:00.000000000,1479261600000000000,1381.5,1381.5,1381.5,1381.5,0,4,4
2016-11-16 10:30:00.000000000,1479263400000000000,1381.5,1381.5,1381.5,1381.5,0,4,4
2016-11-16 11:00:00.000000000,1479265200000000000,1381.5,1381.5,1381.5,1381.5,0,4,4
2016-11-16 13:30:00.000000000,1479274200000000000,1381.5,1381.5,1381.5,1381.5,0,4,4
2016-11-16 14:00:00.000000000,1479276000000000000,1371.5,1371.5,1371.5,1371.5,1,4,3
2016-11-16 14:30:00.000000000,1479277800000000000,1371.5,1394.5,1371.5,1394.5,1,3,2
2016-11-17 21:00:00.000000000,1479387600000000000,1394.5,1394.5,1394.5,1394.5,0,2,2
2016-11-17 21:30:00.000000000,1479389400000000000,1394.5,1394.5,1394.5,1394.5,0,2,2
2016-11-17 22:00:00.000000000,1479391200000000000,1394.5,1394.5,1394.5,1394.5,0,2,2
2016-11-17 22:30:00.000000000,1479393000000000000,1394.5,1394.5,1394.5,1394.5,0,2,2
2016-11-17 23:00:00.000000000,1479394800000000000,1329.0,1346.5,1329.0,1346.5,2,2,2
2016-11-18 09:00:00.000000000,1479430800000000000,1346.5,1346.5,1346.5,1346.5,0,2,2
2016-11-18 09:30:00.000000000,1479432600000000000,1346.5,1346.5,1346.5,1346.5,0,2,2
2016-11-18 10:00:00.000000000,1479434400000000000,1346.5,1346.5,1346.5,1346.5,0,2,2
2016-11-18 10:30:00.000000000,1479436200000000000,1346.5,1346.5,1346.5,1346.5,0,2,2
2016-11-18 11:00:00.000000000,1479438000000000000,1346.5,1346.5,1346.5,1346.5,0,2,2
2016-11-18 13:30:00.000000000,1479447000000000000,1346.5,1346.5,1262.0,1285.5,2,2,2
2016-11-18 14:00:00.000000000,1479448800000000000,1285.5,1285.5,1285.5,1285.5,0,2,2
2016-11-18 14:30:00.000000000,1479450600000000000,1285.5,1285.5,1285.5,1285.5,0,2,2
2016-11-18 21:00:00.000000000,1479474000000000000,1285.5,1285.5,1285.5,1285.5,0,2,2
2016-11-18 21:30:00.000000000,1479475800000000000,1249.0,1249.0,1249.0,1249.0,1,2,3
2016-11-18 22:00:00.000000000,1479477600000000000,1249.0,1249.0,1249.0,1249.0,0,3,3
2016-11-18 22:30:00.000000000,1479479400000000000,1249.0,1249.0,1249.0,1249.0,0,3,3
2016-11-18 23:00:00.000000000,1479481200000000000,1249.0,1249.0,1249.0,1249.0,0,3,3
2016-11-21 09:00:00.000000000,1479690000000000000,1249.0,1249.0,1229.5,1229.5,1,3,4
2016-11-21 09:30:00.000000000,1479691800000000000,1229.5,1229.5,1229.5,1229.5,0,4,4
2016-11-21 10:00:00.000000000,1479693600000000000,1229.5,1229.5,1229.5,1229.5,0,4,4
2016-11-21 10:30:00.000000000,1479695400000000000,1229.5,1229.5,1229.5,1229.5,0,4,4
2016-11-21 11:00:00.000000000,1479697200000000000,1229.5,1229.5,1229.5,1229.5,0,4,4
2016-11-21 13:30:00.000000000,1479706200000000000,1229.5,1229.5,1229.5,1229.5,0,4,4
2016-11-21 14:00:00.000000000,1479708000000000000,1229.5,1229.5,1229.5,1229.5,0,4,4
2016-11-21 14:30:00.000000000,1479709800000000000,1229.5,1229.5,1229.5,1229.5,0,4,4
2016-11-23 21:00:00.000000000,1479906000000000000,1229.5,1229.5,1229.5,1229.5,0,4,4
2016-11-23 21:30:00.000000000,1479907800000000000,1262.5,1262.5,1262.5,1262.5,1,4,5
2016-11-23 22:00:00.000000000,1479909600000000000,1262.5,1267.0,1262.5,1267.0,1,5,5
2016-11-23 22:30:00.000000000,1479911400000000000,1267.0,1267.0,1267.0,1267.0,0,5,5
2016-11-23 23:00:00.000000000,1479913200000000000,1267.0,1287.5,1267.0,1287.5,1,5,5
2016-11-24 09:00:00.000000000,1479949200000000000,1287.5,1287.5,1287.5,1287.5,0,5,5
2016-11-24 09:30:00.000000000,1479951000000000000,1287.5,1287.5,1287.5,1287.5,0,5,5
2016-11-24 10:00:00.000000000,1479952800000000000,1287.5,1287.5,1287.5,1287.5,0,5,5
2016-11-24 10:30:00.000000000,1479954600000000000,1287.5,1287.5,1287.5,1287.5,0,5,5
2016-11-24 11:00:00.000000000,1479956400000000000,1287.5,1287.5,1287.5,1287.5,0,5,5
2016-11-24 13:30:00.000000000,1479965400000000000,1287.5,1287.5,1287.5,1287.5,0,5,5
2016-11-24 14:00:00.000000000,1479967200000000000,1287.5,1287.5,1287.5,1287.5,0,5,5
2016-11-24 14:30:00.000000000,1479969000000000000,1287.5,1287.5,1287.5,1287.5,0,5,5
2016-11-24 21:00:00.000000000,1479992400000000000,1287.5,1287.5,1287.5,1287.5,0,5,5
2016-11-24 21:30:00.000000000,1479994200000000000,1287.5,1287.5,1287.5,1287.5,0,5,5
2016-11-24 22:00:00.000000000,1479996000000000000,1287.5,1287.5,1287.5,1287.5,0,5,5
2016-11-24 22:30:00.000000000,1479997800000000000,1287.5,1287.5,1287.5,1287.5,0,5,5
2016-11-24 23:00:00.000000000,1479999600000000000,1287.5,1287.5,1287.5,1287.5,0,5,5
2016-11-25 09:00:00.000000000,1480035600000000000,1287.5,1287.5,1287.5,1287.5,0,5,5
2016-11-25 09:30:00.000000000,1480037400000000000,1287.5,1287.5,1287.5,1287.5,0,5,5
2016-11-25 10:00:00.000000000,1480039200000000000,1287.5,1287.5,1287.5,1287.5,0,5,5
2016-11-25 10:30:00.000000000,1480041000000000000,1287.5,1287.5,1287.5,1287.5,0,5,5
2016-11-25 11:00:00.000000000,1480042800000000000,1386.0,1386.0,1386.0,1386.0,1,5,6
2016-11-25 13:30:00.000000000,1480051800000000000,1386.0,1386.0,1386.0,1386.0,0,6,6
2016-11-25 14:00:00.000000000,1480053600000000000,1386.0,1386.0,1386.0,1386.0,0,6,6
2016-11-25 14:30:00.000000000,1480055400000000000,1386.0,1386.0,1386.0,1386.0,0,6,6
2016-11-29 21:00:00.000000000,1480424400000000000,1291.0,1306.5,1291.0,1306.5,2,6,6
2016-11-29 21:30:00.000000000,1480426200000000000,1306.5,1306.5,1306.5,1306.5,0,6,6
2016-11-29 22:00:00.000000000,1480428000000000000,1306.5,1306.5,1306.5,1306.5,0,6,6
2016-11-29 22:30:00.000000000,1480429800000000000,1306.5,1306.5,1306.5,1306.5,0,6,6
2016-11-29 23:00:00.000000000,1480431600000000000,1306.5,1306.5,1306.5,1306.5,0,6,6
2016-11-30 09:00:00.000000000,1480467600000000000,1306.5,1306.5,1306.5,1306.5,0,6,6
2016-11-30 09:30:00.000000000,1480469400000000000,1306.5,1306.5,1306.5,1306.5,0,6,6
2016-11-30 10:00:00.000000000,1480471200000000000,1306.5,1306.5,1306.5,1306.5,0,6,6
2016-11-30 10:30:00.000000000,1480473000000000000,1306.5,1306.5,1306.5,1306.5,0,6,6
2016-11-30 11:00:00.000000000,1480474800000000000,1306.5,1306.5,1306.5,1306.5,0,6,6
2016-11-30 13:30:00.000000000,1480483800000000000,1306.5,1306.5,1306.5,1306.5,0,6,6
2016-11-30 14:00:00.000000000,1480485600000000000,1306.5,1306.5,1306.5,1306.5,0,6,6
2016-11-30 14:30:00.000000000,1480487400000000000,1306.5,1306.5,1306.5,1306.5,0,6,6
2016-11-30 21:00:00.000000000,1480510800000000000,1217.0,1217.0,1217.0,1217.0,1,6,6
2016-11-30 21:30:00.000000000,1480512600000000000,1217.0,1217.0,1217.0,1217.0,0,6,6
2016-11-30 22:00:00.000000000,1480514400000000000,1217.0,1217.0,1217.0,1217.0,0,6,6
2016-11-30 22:30:00.000000000,1480516200000000000,1217.0,1217.0,1217.0,1217.0,0,6,6
2016-11-30 23:00:00.000000000,1480518000000000000,1217.0,1217.0,1217.0,1217.0,0,6,6
2016-12-01 09:00:00.000000000,1480554000000000000,1217.0,1217.0,1217.0,1217.0,0,6,6
2016-12-01 09:30:00.000000000,1480555800000000000,1217.0,1217.0,1217.0,1217.0,0,6,6
2016-12-01 10:00:00.000000000,1480557600000000000,1217.0,1217.0,1217.0,1217.0,0,6,6
2016-12-01 10:30:00.000000000,1480559400000000000,1217.0,1217.0,1217.0,1217.0,0,6,6
2016-12-01 11:00:00.000000000,1480561200000000000,1217.0,1217.0,1217.0,1217.0,0,6,6
2016-12-01 13:30:00.000000000,1480570200000000000,1217.0,1217.0,1217.0,1217.0,0,6,6
2016-12-01 14:00:00.000000000,1480572000000000000,1217.0,1217.0,1217.0,1217.0,0,6,6
2016-12-01 14:30:00.000000000,1480573800000000000,1217.0,1217.0,1217.0,1217.0,0,6,6
2016-12-01 21:00:00.000000000,1480597200000000000,1217.0,1217.0,1217.0,1217.0,0,6,6
2016-12-01 21:30:00.000000000,1480599000000000000,1217.0,1217.0,1217.0,1217.0,1,6,5
2016-12-01 22:00:00.000000000,1480600800000000000,1217.0,1217.0,1217.0,1217.0,0,5,5
2016-12-01 22:30:00.000000000,1480602600000000000,1217.0,1217.0,1217.0,1217.0,0,5,5
2016-12-01 23:00:00.000000000,1480604400000000000,1217.0,1217.0,1217.0,1217.0,0,5,5
2016-12-02 09:00:00.000000000,1480640400000000000,1217.0,1217.0,1217.0,1217.0,0,5,5
2016-12-02 09:30:00.000000000,1480642200000000000,1217.0,1217.0,1217.0,1217.0,0,5,5
2016-12-02 10:00:00.000000000,1480644000000000000,1217.0,1217.0,1217.0,1217.0,0,5,5
2016-12-02 10:30:00.000000000,1480645800000000000,1217.0,1217.0,1217.0,1217.0,0,5,5
2016-12-02 11:00:00.000000000,1480647600000000000,1217.0,1217.0,1217.0,1217.0,0,5,5
2016-12-02 13:30:00.000000000,1480656600000000000,1217.0,1217.0,1217.0,1217.0,0,5,5
2016-12-02 14:00:00.000000000,1480658400000000000,1217.0,1217.0,1217.0,1217.0,0,5,5
2016-12-02 14:30:00.000000000,1480660200000000000,1217.0,1217.0,1217.0,1217.0,0,5,5
2016-12-23 21:00:00.000000000,1482498000000000000,1217.0,1217.0,1217.0,1217.0,0,5,5
2016-12-23 21:30:00.000000000,1482499800000000000,1217.0,1217.0,1217.0,1217.0,0,5,5
2016-12-23 22:00:00.000000000,1482501600000000000,1217.0,1217.0,1217.0,1217.0,0,5,5
2016-12-23 22:30:00.000000000,1482503400000000000,1217.0,1217.0,1217.0,1217.0,0,5,5
2016-12-23 23:00:00.000000000,1482505200000000000,1217.0,1217.0,1217.0,1217.0,0,5,5
2016-12-26 09:00:00.000000000,1482714000000000000,1184.0,1184.0,1184.0,1184.0,1,5,4
2016-12-26 09:30:00.000000000,1482715800000000000,1184.0,1184.0,1184.0,1184.0,0,4,4
2016-12-26 10:00:00.000000000,1482717600000000000,1184.0,1184.0,1184.0,1184.0,0,4,4
2016-12-26 10:30:00.000000000,1482719400000000000,1184.0,1184.0,1184.0,1184.0,0,4,4
2016-12-26 11:00:00.000000000,1482721200000000000,1184.0,1184.0,1184.0,1184.0,0,4,4
2016-12-26 13:30:00.000000000,1482730200000000000,1184.0,1184.0,1184.0,1184.0,0,4,4
2016-12-26 14:00:00.000000000,1482732000000000000,1184.0,1184.0,1184.0,1184.0,0,4,4
2016-12-26 14:30:00.000000000,1482733800000000000,1184.0,1184.0,1184.0,1184.0,0,4,4
2017-02-13 21:00:00.000000000,1486990800000000000,1138.0,1138.0,1138.0,1138.0,1,4,4
2017-02-13 21:30:00.000000000,1486992600000000000,1138.0,1138.0,1138.0,1138.0,0,4,4
2017-02-13 22:00:00.000000000,1486994400000000000,1138.0,1138.0,1138.0,1138.0,0,4,4
2017-02-13 22:30:00.000000000,1486996200000000000,1138.0,1138.0,1138.0,1138.0,0,4,4
2017-02-13 23:00:00.000000000,1486998000000000000,1138.0,1138.0,1138.0,1138.0,0,4,4
2017-02-14 09:00:00.000000000,1487034000000000000,1138.0,1138.0,1138.0,1138.0,0,4,4
2017-02-14 09:30:00.000000000,1487035800000000000,1138.0,1138.0,1138.0,1138.0,0,4,4
2017-02-14 10:00:00.000000000,1487037600000000000,1138.0,1138.0,1138.0,1138.0,0,4,4
2017-02-14 10:30:00.000000000,1487039400000000000,1138.0,1138.0,1138.0,1138.0,0,4,4
2017-02-14 11:00:00.000000000,1487041200000000000,1138.0,1138.0,1138.0,1138.0,0,4,4
2017-02-14 13:30:00.000000000,1487050200000000000,1138.0,1138.0,1138.0,1138.0,0,4,4
2017-02-14 14:00:00.000000000,1487052000000000000,1138.0,1138.0,1138.0,1138.0,0,4,4
2017-02-14 14:30:00.000000000,1487053800000000000,1138.0,1138.0,1138.0,1138.0,0,4,4
2017-02-21 21:00:00.000000000,1487682000000000000,1138.0,1138.0,1138.0,1138.0,0,4,4
2017-02-21 21:30:00.000000000,1487683800000000000,1138.0,1138.0,1138.0,1138.0,0,4,4
2017-02-21 22:00:00.000000000,1487685600000000000,1138.0,1138.0,1138.0,1138.0,0,4,4
2017-02-21 22:30:00.000000000,1487687400000000000,1138.0,1138.0,1138.0,1138.0,0,4,4
2017-02-21 23:00:00.000000000,1487689200000000000,1138.0,1138.0,1138.0,1138.0,0,4,4
2017-02-22 09:00:00.000000000,1487725200000000000,1138.0,1138.0,1138.0,1138.0,0,4,4
2017-02-22 09:30:00.000000000,1487727000000000000,1138.0,1138.0,1138.0,1138.0,0,4,4
2017-02-22 10:00:00.000000000,1487728800000000000,1138.0,1138.0,1138.0,1138.0,0,4,4
2017-02-22 10:30:00.000000000,1487730600000000000,1138.0,1138.0,1138.0,1138.0,0,4,4
2017-02-22 11:00:00.000000000,1487732400000000000,1138.0,1138.0,1138.0,1138.0,0,4,4
2017-02-22 13:30:00.000000000,1487741400000000000,1138.0,1138.0,1138.0,1138.0,0,4,4
2017-02-22 14:00:00.000000000,1487743200000000000,1189.5,1189.5,1189.5,1189.5,1,4,4
2017-02-22 14:30:00.000000000,1487745000000000000,1189.5,1189.5,1189.5,1189.5,0,4,4
2017-02-23 21:00:00.000000000,1487854800000000000,1189.5,1189.5,1189.5,1189.5,0,4,4
2017-02-23 21:30:00.000000000,1487856600000000000,1189.5,1189.5,1189.5,1189.5,0,4,4
2017-02-23 22:00:00.000000000,1487858400000000000,1189.5,1189.5,1189.5,1189.5,0,4,4
2017-02-23 22:30:00.000000000,1487860200000000000,1189.5,1189.5,1189.5,1189.5,0,4,4
2017-02-23 23:00:00.000000000,1487862000000000000,1189.5,1189.5,1189.5,1189.5,0,4,4
2017-02-24 09:00:00.000000000,1487898000000000000,1189.5,1189.5,1189.5,1189.5,0,4,4
2017-02-24 09:30:00.000000000,1487899800000000000,1189.5,1189.5,1189.5,1189.5,0,4,4
2017-02-24 10:00:00.000000000,1487901600000000000,1189.5,1189.5,1189.5,1189.5,0,4,4
2017-02-24 10:30:00.000000000,1487903400000000000,1174.5,1174.5,1174.5,1174.5,1,4,4
2017-02-24 11:00:00.000000000,1487905200000000000,1174.5,1174.5,1174.5,1174.5,0,4,4
2017-02-24 13:30:00.000000000,1487914200000000000,1174.5,1174.5,1174.5,1174.5,0,4,4
2017-02-24 14:00:00.000000000,1487916000000000000,1174.5,1174.5,1174.5,1174.5,0,4,4
2017-02-24 14:30:00.000000000,1487917800000000000,1174.5,1174.5,1174.5,1174.5,0,4,4
2017-03-01 21:00:00.000000000,1488373200000000000,1174.5,1174.5,1174.5,1174.5,0,4,4
2017-03-01 21:30:00.000000000,1488375000000000000,1174.5,1174.5,1174.5,1174.5,0,4,4
2017-03-01 22:00:00.000000000,1488376800000000000,1174.5,1174.5,1174.5,1174.5,0,4,4
2017-03-01 22:30:00.000000000,1488378600000000000,1261.5,1261.5,1261.5,1261.5,1,4,4
2017-03-01 23:00:00.000000000,1488380400000000000,1261.5,1261.5,1261.5,1261.5,0,4,4
2017-03-02 09:00:00.000000000,1488416400000000000,1261.5,1261.5,1261.5,1261.5,0,4,4
2017-03-02 09:30:00.000000000,1488418200000000000,1261.5,1261.5,1261.5,1261.5,0,4,4
2017-03-02 10:00:00.000000000,1488420000000000000,1261.5,1261.5,1261.5,1261.5,0,4,4
2017-03-02 10:30:00.000000000,1488421800000000000,1261.5,1261.5,1261.5,1261.5,0,4,4
2017-03-02 11:00:00.000000000,1488423600000000000,1261.5,1261.5,1261.5,1261.5,0,4,4
2017-03-02 13:30:00.000000000,1488432600000000000,1261.5,1261.5,1261.5,1261.5,0,4,4
2017-03-02 14:00:00.000000000,1488434400000000000,1261.5,1261.5,1261.5,1261.5,0,4,4
2017-03-02 14:30:00.000000000,1488436200000000000,1261.5,1261.5,1261.5,1261.5,0,4,4
2017-03-08 21:00:00.000000000,1488978000000000000,1261.5,1261.5,1261.5,1261.5,0,4,4
2017-03-08 21:30:00.000000000,1488979800000000000,1261.5,1261.5,1261.5,1261.5,0,4,4
2017-03-08 22:00:00.000000000,1488981600000000000,1261.5,1261.5,1261.5,1261.5,0,4,4
2017-03-08 22:30:00.000000000,1488983400000000000,1261.5,1261.5,1261.5,1261.5,0,4,4
2017-03-08 23:00:00.000000000,1488985200000000000,1261.5,1261.5,1261.5,1261.5,0,4,4
2017-03-09 09:00:00.000000000,1489021200000000000,1261.5,1261.5,1261.5,1261.5,0,4,4
2017-03-09 09:30:00.000000000,1489023000000000000,1261.5,1261.5,1261.5,1261.5,0,4,4
2017-03-09 10:00:00.000000000,1489024800000000000,1261.5,1261.5,1261.5,1261.5,0,4,4
2017-03-09 10:30:00.000000000,1489026600000000000,1261.5,1261.5,1261.5,1261.5,0,4,4
2017-03-09 11:00:00.000000000,1489028400000000000,1261.5,1261.5,1261.5,1261.5,0,4,4
2017-03-09 13:30:00.000000000,1489037400000000000,1261.5,1261.5,1261.5,1261.5,0,4,4
2017-03-09 14:00:00.000000000,1489039200000000000,1261.5,1261.5,1261.5,1261.5,0,4,4
2017-03-09 14:30:00.000000000,1489041000000000000,1242.0,1242.0,1242.0,1242.0,1,4,4
2017-03-09 21:00:00.000000000,1489064400000000000,1242.0,1242.0,1242.0,1242.0,0,4,4
2017-03-09 21:30:00.000000000,1489066200000000000,1242.0,1242.0,1242.0,1242.0,0,4,4
2017-03-09 22:00:00.000000000,1489068000000000000,1254.0,1254.0,1254.0,1254.0,1,4,3
2017-03-09 22:30:00.000000000,1489069800000000000,1254.0,1254.0,1254.0,1254.0,0,3,3
2017-03-09 23:00:00.000000000,1489071600000000000,1254.0,1254.0,1254.0,1254.0,0,3,3
2017-03-10 09:00:00.000000000,1489107600000000000,1254.0,1254.0,1254.0,1254.0,0,3,3
2017-03-10 09:30:00.000000000,1489109400000000000,1254.0,1254.0,1254.0,1254.0,0,3,3
2017-03-10 10:00:00.000000000,1489111200000000000,1254.0,1254.0,1254.0,1254.0,0,3,3
2017-03-10 10:30:00.000000000,1489113000000000000,1254.0,1254.0,1254.0,1254.0,0,3,3
2017-03-10 11:00:00.000000000,1489114800000000000,1254.0,1254.0,1254.0,1254.0,0,3,3
2017-03-10 13:30:00.000000000,1489123800000000000,1254.0,1254.0,1254.0,1254.0,0,3,3
2017-03-10 14:00:00.000000000,1489125600000000000,1254.0,1254.0,1254.0,1254.0,0,3,3
2017-03-10 14:30:00.000000000,1489127400000000000,1254.0,1254.0,1254.0,1254.0,0,3,3
2017-03-10 21:00:00.000000000,1489150800000000000,1254.0,1254.0,1254.0,1254.0,0,3,3
2017-03-10 21:30:00.000000000,1489152600000000000,1254.0,1254.0,1254.0,1254.0,0,3,3
2017-03-10 22:00:00.000000000,1489154400000000000,1254.0,1254.0,1254.0,1254.0,0,3,3
2017-03-10 22:30:00.000000000,1489156200000000000,1254.0,1254.0,1254.0,1254.0,0,3,3
2017-03-10 23:00:00.000000000,1489158000000000000,1254.0,1254.0,1254.0,1254.0,0,3,3
2017-03-13 09:00:00.000000000,1489366800000000000,1254.0,1254.0,1254.0,1254.0,0,3,3
2017-03-13 09:30:00.000000000,1489368600000000000,1254.0,1254.0,1254.0,1254.0,0,3,3
2017-03-13 10:00:00.000000000,1489370400000000000,1254.0,1254.0,1254.0,1254.0,0,3,3
2017-03-13 10:30:00.000000000,1489372200000000000,1254.0,1254.0,1254.0,1254.0,0,3,3
2017-03-13 11:00:00.000000000,1489374000000000000,1262.5,1262.5,1262.5,1262.5,1,3,3
2017-03-13 13:30:00.000000000,1489383000000000000,1262.5,1262.5,1262.5,1262.5,0,3,3
2017-03-13 14:00:00.000000000,1489384800000000000,1262.5,1262.5,1262.5,1262.5,0,3,3
2017-03-13 14:30:00.000000000,1489386600000000000,1262.5,1262.5,1262.5,1262.5,0,3,3
2017-03-27 21:00:00.000000000,1490619600000000000,1262.5,1262.5,1262.5,1262.5,0,3,3
2017-03-27 21:30:00.000000000,1490621400000000000,1262.5,1262.5,1262.5,1262.5,0,3,3
2017-03-27 22:00:00.000000000,1490623200000000000,1132.0,1132.0,1132.0,1132.0,3,3,6
2017-03-27 22:30:00.000000000,1490625000000000000,1132.0,1132.5,1132.0,1132.5,1,6,6
2017-03-27 23:00:00.000000000,1490626800000000000,1132.5,1132.5,1132.5,1132.5,0,6,6
2017-03-28 09:00:00.000000000,1490662800000000000,1132.5,1132.5,1132.5,1132.5,0,6,6
2017-03-28 09:30:00.000000000,1490664600000000000,1132.5,1132.5,1132.5,1132.5,0,6,6
2017-03-28 10:00:00.000000000,1490666400000000000,1132.5,1132.5,1132.5,1132.5,0,6,6
2017-03-28 10:30:00.000000000,1490668200000000000,1132.5,1132.5,1119.0,1119.0,1,6,6
2017-03-28 11:00:00.000000000,1490670000000000000,1119.0,1119.0,1119.0,1119.0,0,6,6
2017-03-28 13:30:00.000000000,1490679000000000000,1119.0,1119.0,1119.0,1119.0,0,6,6
2017-03-28 14:00:00.000000000,1490680800000000000,1119.0,1119.0,1114.0,1114.0,1,6,6
2017-03-28 14:30:00.000000000,1490682600000000000,1114.0,1114.0,1114.0,1114.0,0,6,6
2017-03-28 21:00:00.000000000,1490706000000000000,1114.0,1114.0,1114.0,1114.0,0,6,6
2017-03-28 21:30:00.000000000,1490707800000000000,1154.0,1207.5,1154.0,1207.5,5,6,4
2017-03-28 22:00:00.000000000,1490709600000000000,1207.5,1207.5,1207.5,1207.5,0,4,4
2017-03-28 22:30:00.000000000,1490711400000000000,1207.5,1207.5,1207.5,1207.5,0,4,4
2017-03-28 23:00:00.000000000,1490713200000000000,1207.5,1208.0,1207.5,1208.0,1,4,4
2017-03-29 09:00:00.000000000,1490749200000000000,1208.0,1208.0,1208.0,1208.0,0,4,4
2017-03-29 09:30:00.000000000,1490751000000000000,1208.0,1208.0,1208.0,1208.0,0,4,4
2017-03-29 10:00:00.000000000,1490752800000000000,1208.0,1208.0,1208.0,1208.0,0,4,4
2017-03-29 10:30:00.000000000,1490754600000000000,1208.0,1208.0,1208.0,1208.0,0,4,4
2017-03-29 11:00:00.000000000,1490756400000000000,1208.0,1208.0,1208.0,1208.0,0,4,4
2017-03-29 13:30:00.000000000,1490765400000000000,1208.0,1208.0,1208.0,1208.0,0,4,4
2017-03-29 14:00:00.000000000,1490767200000000000,1208.0,1208.0,1208.0,1208.0,0,4,4
2017-03-29 14:30:00.000000000,1490769000000000000,1208.0,1208.0,1208.0,1208.0,0,4,4
2017-04-06 21:00:00.000000000,1491483600000000000,1297.0,1338.5,1297.0,1338.5,2,4,4
2017-04-06 21:30:00.000000000,1491485400000000000,1338.5,1338.5,1338.5,1338.5,0,4,4
2017-04-06 22:00:00.000000000,1491487200000000000,1338.5,1338.5,1338.5,1338.5,0,4,4
2017-04-06 22:30:00.000000000,1491489000000000000,1338.5,1338.5,1338.5,1338.5,0,4,4
2017-04-06 23:00:00.000000000,1491490800000000000,1338.5,1338.5,1338.5,1338.5,0,4,4
2017-04-07 09:00:00.000000000,1491526800000000000,1338.5,1338.5,1338.5,1338.5,0,4,4
2017-04-07 09:30:00.000000000,1491528600000000000,1338.5,1338.5,1338.5,1338.5,0,4,4
2017-04-07 10:00:00.000000000,1491530400000000000,1338.5,1338.5,1338.5,1338.5,0,4,4
2017-04-07 10:30:00.000000000,1491532200000000000,1338.5,1338.5,1338.5,1338.5,0,4,4
2017-04-07 11:00:00.000000000,1491534000000000000,1338.5,1338.5,1338.5,1338.5,0,4,4
2017-04-07 13:30:00.000000000,1491543000000000000,1338.5,1338.5,1338.5,1338.5,0,4,4
2017-04-07 14:00:00.000000000,1491544800000000000,1338.5,1338.5,1338.5,1338.5,0,4,4
2017-04-07 14:30:00.000000000,1491546600000000000,1338.5,1338.5,1338.5,1338.5,0,4,4
2017-04-10 21:00:00.000000000,1491829200000000000,1338.5,1338.5,1338.5,1338.5,0,4,4
2017-04-10 21:30:00.000000000,1491831000000000000,1338.5,1338.5,1338.5,1338.5,0,4,4
2017-04-10 22:00:00.000000000,1491832800000000000,1338.5,1338.5,1338.5,1338.5,0,4,4
2017-04-10 22:30:00.000000000,1491834600000000000,1338.5,1338.5,1338.5,1338.5,0,4,4
2017-04-10 23:00:00.000000000,1491836400000000000,1338.5,1338.5,1338.5,1338.5,0,4,4
2017-04-11 09:00:00.000000000,1491872400000000000,1338.5,1338.5,1338.5,1338.5,0,4,4
2017-04-11 09:30:00.000000000,1491874200000000000,1338.5,1338.5,1338.5,1338.5,0,4,4
2017-04-11 10:00:00.000000000,1491876000000000000,1338.5,1338.5,1338.5,1338.5,0,4,4
2017-04-11 10:30:00.000000000,1491877800000000000,1338.5,1338.5,1338.5,1338.5,0,4,4
2017-04-11 11:00:00.000000000,1491879600000000000,1338.5,1338.5,1338.5,1338.5,0,4,4
2017-04-11 13:30:00.000000000,1491888600000000000,1338.5,1338.5,1338.5,1338.5,0,4,4
2017-04-11 14:00:00.000000000,1491890400000000000,1338.5,1338.5,1338.5,1338.5,0,4,4
2017-04-11 14:30:00.000000000,1491892200000000000,1223.5,1233.5,1205.5,1233.5,12,4,13
2017-04-11 21:00:00.000000000,1491915600000000000,1243.5,1245.0,1240.0,1240.0,15,13,4
2017-04-11 21:30:00.000000000,1491917400000000000,1240.0,1240.0,1240.0,1240.0,0,4,4
2017-04-11 22:00:00.000000000,1491919200000000000,1240.0,1240.0,1240.0,1240.0,0,4,4
2017-04-11 22:30:00.000000000,1491921000000000000,1240.0,1240.0,1240.0,1240.0,0,4,4
2017-04-11 23:00:00.000000000,1491922800000000000,1240.0,1240.0,1240.0,1240.0,0,4,4
2017-04-12 09:00:00.000000000,1491958800000000000,1240.0,1240.0,1240.0,1240.0,0,4,4
2017-04-12 09:30:00.000000000,1491960600000000000,1240.0,1240.0,1240.0,1240.0,0,4,4
2017-04-12 10:00:00.000000000,1491962400000000000,1240.0,1240.0,1240.0,1240.0,0,4,4
2017-04-12 10:30:00.000000000,1491964200000000000,1240.0,1240.0,1240.0,1240.0,0,4,4
2017-04-12 11:00:00.000000000,1491966000000000000,1240.0,1240.0,1240.0,1240.0,0,4,4
2017-04-12 13:30:00.000000000,1491975000000000000,1240.0,1240.0,1240.0,1240.0,0,4,4
2017-04-12 14:00:00.000000000,1491976800000000000,1240.0,1240.0,1240.0,1240.0,0,4,4
2017-04-12 14:30:00.000000000,1491978600000000000,1240.0,1240.0,1240.0,1240.0,0,4,4
2017-04-20 21:00:00.000000000,1492693200000000000,1124.0,1124.0,1124.0,1124.0,1,4,5
2017-04-20 21:30:00.000000000,1492695000000000000,1124.0,1124.0,1124.0,1124.0,0,5,5
2017-04-20 22:00:00.000000000,1492696800000000000,1124.0,1124.0,1124.0,1124.0,0,5,5
2017-04-20 22:30:00.000000000,1492698600000000000,1124.0,1124.0,1124.0,1124.0,0,5,5
2017-04-20 23:00:00.000000000,1492700400000000000,1124.0,1124.0,1124.0,1124.0,0,5,5
2017-04-21 09:00:00.000000000,1492736400000000000,1124.0,1124.0,1124.0,1124.0,0,5,5
2017-04-21 09:30:00.000000000,1492738200000000000,1124.0,1124.0,1124.0,1124.0,0,5,5
2017-04-21 10:00:00.000000000,1492740000000000000,1124.0,1124.0,1124.0,1124.0,0,5,5
2017-04-21 10:30:00.000000000,1492741800000000000,1124.0,1124.0,1124.0,1124.0,0,5,5
2017-04-21 11:00:00.000000000,1492743600000000000,1124.0,1124.0,1124.0,1124.0,0,5,5
2017-04-21 13:30:00.000000000,1492752600000000000,1124.0,1124.0,1124.0,1124.0,0,5,5
2017-04-21 14:00:00.000000000,1492754400000000000,1124.0,1124.0,1124.0,1124.0,0,5,5
2017-04-21 14:30:00.000000000,1492756200000000000,1124.0,1124.0,1124.0,1124.0,0,5,5
2017-04-21 21:00:00.000000000,1492779600000000000,1124.0,1124.0,1124.0,1124.0,0,5,5
2017-04-21 21:30:00.000000000,1492781400000000000,1124.0,1124.0,1124.0,1124.0,0,5,5
2017-04-21 22:00:00.000000000,1492783200000000000,1124.0,1124.0,1124.0,1124.0,0,5,5
2017-04-21 22:30:00.000000000,1492785000000000000,1124.0,1124.0,1124.0,1124.0,0,5,5
2017-04-21 23:00:00.000000000,1492786800000000000,1124.0,1124.0,1124.0,1124.0,0,5,5
2017-04-24 09:00:00.000000000,1492995600000000000,1124.0,1124.0,1124.0,1124.0,0,5,5
2017-04-24 09:30:00.000000000,1492997400000000000,1124.0,1124.0,1124.0,1124.0,0,5,5
2017-04-24 10:00:00.000000000,1492999200000000000,1124.0,1124.0,1124.0,1124.0,0,5,5
2017-04-24 10:30:00.000000000,1493001000000000000,1124.0,1124.0,1124.0,1124.0,0,5,5
2017-04-24 11:00:00.000000000,1493002800000000000,1124.0,1124.0,1124.0,1124.0,0,5,5
2017-04-24 13:30:00.000000000,1493011800000000000,1124.0,1124.0,1124.0,1124.0,0,5,5
2017-04-24 14:00:00.000000000,1493013600000000000,1100.0,1100.0,1100.0,1100.0,1,5,4
2017-04-24 14:30:00.000000000,1493015400000000000,1100.0,1100.0,1100.0,1100.0,0,4,4
2017-05-03 21:00:00.000000000,1493816400000000000,1100.0,1100.0,1100.0,1100.0,0,4,4
2017-05-03 21:30:00.000000000,1493818200000000000,1100.0,1100.0,1100.0,1100.0,0,4,4
2017-05-03 22:00:00.000000000,1493820000000000000,1100.0,1100.0,1100.0,1100.0,0,4,4
2017-05-03 22:30:00.000000000,1493821800000000000,1100.0,1100.0,1100.0,1100.0,0,4,4
2017-05-03 23:00:00.000000000,1493823600000000000,1100.0,1100.0,1100.0,1100.0,0,4,4
2017-05-04 09:00:00.000000000,1493859600000000000,1100.0,1100.0,1100.0,1100.0,0,4,4
2017-05-04 09:30:00.000000000,1493861400000000000,1100.0,1100.0,1100.0,1100.0,0,4,4
2017-05-04 10:00:00.000000000,1493863200000000000,1100.0,1100.0,1100.0,1100.0,0,4,4
2017-05-04 10:30:00.000000000,1493865000000000000,1100.0,1100.0,1100.0,1100.0,0,4,4
2017-05-04 11:00:00.000000000,1493866800000000000,1100.0,1100.0,1100.0,1100.0,0,4,4
2017-05-04 13:30:00.000000000,1493875800000000000,1100.0,1100.0,1100.0,1100.0,0,4,4
2017-05-04 14:00:00.000000000,1493877600000000000,1067.5,1088.5,1067.5,1088.5,2,4,4
2017-05-04 14:30:00.000000000,1493879400000000000,1088.5,1088.5,1088.5,1088.5,0,4,4
2017-05-04 21:00:00.000000000,1493902800000000000,1088.5,1088.5,1088.5,1088.5,0,4,4
2017-05-04 21:30:00.000000000,1493904600000000000,1088.5,1088.5,1088.5,1088.5,0,4,4
2017-05-04 22:00:00.000000000,1493906400000000000,1088.5,1088.5,1088.5,1088.5,0,4,4
2017-05-04 22:30:00.000000000,1493908200000000000,1088.5,1088.5,1088.5,1088.5,0,4,4
2017-05-04 23:00:00.000000000,1493910000000000000,1088.5,1088.5,1088.5,1088.5,0,4,4
2017-05-05 09:00:00.000000000,1493946000000000000,1088.5,1088.5,1088.5,1088.5,0,4,4
2017-05-05 09:30:00.000000000,1493947800000000000,1088.5,1088.5,1088.5,1088.5,0,4,4
2017-05-05 10:00:00.000000000,1493949600000000000,1088.5,1088.5,1088.5,1088.5,0,4,4
2017-05-05 10:30:00.000000000,1493951400000000000,1088.5,1088.5,1088.5,1088.5,0,4,4
2017-05-05 11:00:00.000000000,1493953200000000000,1095.5,1095.5,1095.5,1095.5,7,4,10
2017-05-05 13:30:00.000000000,1493962200000000000,1095.5,1095.5,1024.0,1054.5,10,10,6
2017-05-05 14:00:00.000000000,1493964000000000000,1054.5,1054.5,1054.5,1054.5,0,6,6
2017-05-05 14:30:00.000000000,1493965800000000000,1054.5,1054.5,1040.0,1040.0,1,6,6
2017-05-09 21:00:00.000000000,1494334800000000000,1147.0,1147.0,1073.0,1073.0,2,6,5
2017-05-09 21:30:00.000000000,1494336600000000000,1073.0,1073.0,1073.0,1073.0,0,5,5
2017-05-09 22:00:00.000000000,1494338400000000000,1073.0,1073.0,1073.0,1073.0,0,5,5
2017-05-09 22:30:00.000000000,1494340200000000000,1073.0,1073.0,1073.0,1073.0,0,5,5
2017-05-09 23:00:00.000000000,1494342000000000000,1073.0,1073.0,1073.0,1073.0,0,5,5
2017-05-10 09:00:00.000000000,1494378000000000000,1073.0,1073.0,1073.0,1073.0,0,5,5
2017-05-10 09:30:00.000000000,1494379800000000000,1073.0,1073.0,1073.0,1073.0,0,5,5
2017-05-10 10:00:00.000000000,1494381600000000000,1073.0,1073.0,1073.0,1073.0,0,5,5
2017-05-10 10:30:00.000000000,1494383400000000000,1073.0,1073.0,1073.0,1073.0,0,5,5
2017-05-10 11:00:00.000000000,1494385200000000000,1073.0,1073.0,1073.0,1073.0,0,5,5
2017-05-10 13:30:00.000000000,1494394200000000000,1073.0,1073.0,1073.0,1073.0,0,5,5
2017-05-10 14:00:00.000000000,1494396000000000000,1073.0,1073.0,1073.0,1073.0,0,5,5
2017-05-10 14:30:00.000000000,1494397800000000000,1073.0,1073.0,1073.0,1073.0,0,5,5
2017-05-11 21:00:00.000000000,1494507600000000000,1073.0,1073.0,1073.0,1073.0,0,5,5
2017-05-11 21:30:00.000000000,1494509400000000000,1073.0,1073.0,1073.0,1073.0,0,5,5
2017-05-11 22:00:00.000000000,1494511200000000000,1073.0,1073.0,1073.0,1073.0,0,5,5
2017-05-11 22:30:00.000000000,1494513000000000000,1073.0,1073.0,1073.0,1073.0,0,5,5
2017-05-11 23:00:00.000000000,1494514800000000000,1073.0,1073.0,1073.0,1073.0,0,5,5
2017-05-12 09:00:00.000000000,1494550800000000000,1073.0,1073.0,1073.0,1073.0,0,5,5
2017-05-12 09:30:00.000000000,1494552600000000000,1073.0,1073.0,1073.0,1073.0,0,5,5
2017-05-12 10:00:00.000000000,1494554400000000000,1073.0,1073.0,1073.0,1073.0,0,5,5
2017-05-12 10:30:00.000000000,1494556200000000000,1073.0,1073.0,1073.0,1073.0,0,5,5
2017-05-12 11:00:00.000000000,1494558000000000000,1073.0,1073.0,1073.0,1073.0,0,5,5
2017-05-12 13:30:00.000000000,1494567000000000000,1073.0,1073.0,1073.0,1073.0,0,5,5
2017-05-12 14:00:00.000000000,1494568800000000000,1046.0,1046.0,1046.0,1046.0,1,5,5
2017-05-12 14:30:00.000000000,1494570600000000000,1046.0,1046.0,1046.0,1046.0,0,5,5
2017-05-12 21:00:00.000000000,1494594000000000000,1046.0,1046.0,1046.0,1046.0,0,5,5
2017-05-12 21:30:00.000000000,1494595800000000000,1046.0,1046.0,1046.0,1046.0,0,5,5
2017-05-12 22:00:00.000000000,1494597600000000000,1046.0,1046.0,1046.0,1046.0,0,5,5
2017-05-12 22:30:00.000000000,1494599400000000000,1046.0,1046.0,1046.0,1046.0,0,5,5
2017-05-12 23:00:00.000000000,1494601200000000000,1046.0,1046.0,1046.0,1046.0,0,5,5
2017-05-15 09:00:00.000000000,1494810000000000000,1046.0,1046.0,1046.0,1046.0,0,5,5
2017-05-15 09:30:00.000000000,1494811800000000000,1046.0,1046.0,1046.0,1046.0,0,5,5
2017-05-15 10:00:00.000000000,1494813600000000000,1046.0,1046.0,1046.0,1046.0,0,5,5
2017-05-15 10:30:00.000000000,1494815400000000000,1046.0,1046.0,1046.0,1046.0,0,5,5
2017-05-15 11:00:00.000000000,1494817200000000000,1013.0,1013.0,1013.0,1013.0,1,5,5
2017-05-15 13:30:00.000000000,1494826200000000000,1013.0,1013.0,1013.0,1013.0,0,5,5
2017-05-15 14:00:00.000000000,1494828000000000000,1013.0,1013.0,1013.0,1013.0,0,5,5
2017-05-15 14:30:00.000000000,1494829800000000000,1013.0,1013.0,1013.0,1013.0,0,5,5
2017-05-16 21:00:00.000000000,1494939600000000000,1058.0,1058.0,1034.5,1034.5,2,5,5
2017-05-16 21:30:00.000000000,1494941400000000000,1034.5,1034.5,1034.5,1034.5,0,5,5
2017-05-16 22:00:00.000000000,1494943200000000000,1034.5,1034.5,1034.5,1034.5,0,5,5
2017-05-16 22:30:00.000000000,1494945000000000000,1034.5,1034.5,1034.5,1034.5,0,5,5
2017-05-16 23:00:00.000000000,1494946800000000000,1034.5,1034.5,1034.5,1034.5,0,5,5
2017-05-17 09:00:00.000000000,1494982800000000000,1034.5,1034.5,1034.5,1034.5,0,5,5
2017-05-17 09:30:00.000000000,1494984600000000000,1034.5,1034.5,1034.5,1034.5,0,5,5
2017-05-17 10:00:00.000000000,1494986400000000000,1034.5,1034.5,1034.5,1034.5,0,5,5
2017-05-17 10:30:00.000000000,1494988200000000000,1034.5,1035.0,1034.5,1035.0,4,5,1
2017-05-17 11:00:00.000000000,1494990000000000000,1035.0,1035.0,1035.0,1035.0,0,1,1
2017-05-17 13:30:00.000000000,1494999000000000000,1035.0,1035.0,1035.0,1035.0,0,1,1
2017-05-17 14:00:00.000000000,1495000800000000000,1035.0,1035.0,1035.0,1035.0,0,1,1
2017-05-17 14:30:00.000000000,1495002600000000000,1035.0,1035.0,1035.0,1035.0,0,1,1
2017-05-23 21:00:00.000000000,1495544400000000000,1035.0,1035.0,1035.0,1035.0,0,1,1
2017-05-23 21:30:00.000000000,1495546200000000000,1035.0,1035.0,1035.0,1035.0,0,1,1
2017-05-23 22:00:00.000000000,1495548000000000000,1035.0,1035.0,1035.0,1035.0,0,1,1
2017-05-23 22:30:00.000000000,1495549800000000000,1035.0,1035.0,1035.0,1035.0,0,1,1
2017-05-23 23:00:00.000000000,1495551600000000000,1035.0,1035.0,1035.0,1035.0,0,1,1
2017-05-24 09:00:00.000000000,1495587600000000000,1035.0,1035.0,1035.0,1035.0,0,1,1
2017-05-24 09:30:00.000000000,1495589400000000000,1035.0,1035.0,1035.0,1035.0,0,1,1
2017-05-24 10:00:00.000000000,1495591200000000000,1035.0,1035.0,1035.0,1035.0,0,1,1
2017-05-24 10:30:00.000000000,1495593000000000000,1035.0,1035.0,1035.0,1035.0,0,1,1
2017-05-24 11:00:00.000000000,1495594800000000000,1104.0,1104.0,1104.0,1104.0,1,1,1
2017-05-24 13:30:00.000000000,1495603800000000000,1104.0,1104.0,1104.0,1104.0,0,1,1
2017-05-24 14:00:00.000000000,1495605600000000000,1104.0,1104.0,1104.0,1104.0,0,1,1
2017-05-24 14:30:00.000000000,1495607400000000000,1104.0,1104.0,1104.0,1104.0,0,1,1
2017-05-24 21:00:00.000000000,1495630800000000000,1026.0,1079.5,1026.0,1079.5,2,1,1
2017-05-24 21:30:00.000000000,1495632600000000000,1079.5,1079.5,1079.5,1079.5,0,1,1
2017-05-24 22:00:00.000000000,1495634400000000000,1079.5,1079.5,1079.5,1079.5,0,1,1
2017-05-24 22:30:00.000000000,1495636200000000000,1079.5,1079.5,1079.5,1079.5,0,1,1
2017-05-24 23:00:00.000000000,1495638000000000000,1079.5,1079.5,1079.5,1079.5,0,1,1
2017-05-25 09:00:00.000000000,1495674000000000000,1079.5,1079.5,1079.5,1079.5,0,1,1
2017-05-25 09:30:00.000000000,1495675800000000000,1079.5,1079.5,1079.5,1079.5,0,1,1
2017-05-25 10:00:00.000000000,1495677600000000000,1079.5,1079.5,1079.5,1079.5,0,1,1
2017-05-25 10:30:00.000000000,1495679400000000000,1079.5,1079.5,1079.5,1079.5,0,1,1
2017-05-25 11:00:00.000000000,1495681200000000000,1079.5,1079.5,1079.5,1079.5,0,1,1
2017-05-25 13:30:00.000000000,1495690200000000000,1079.5,1079.5,1079.5,1079.5,0,1,1
2017-05-25 14:00:00.000000000,1495692000000000000,1079.5,1079.5,1079.5,1079.5,0,1,1
2017-05-25 14:30:00.000000000,1495693800000000000,1079.5,1079.5,1079.5,1079.5,0,1,1
2017-06-08 21:00:00.000000000,1496926800000000000,1079.5,1079.5,1079.5,1079.5,0,1,1
2017-06-08 21:30:00.000000000,1496928600000000000,1079.5,1079.5,1079.5,1079.5,0,1,1
2017-06-08 22:00:00.000000000,1496930400000000000,1079.5,1079.5,1079.5,1079.5,0,1,1
2017-06-08 22:30:00.000000000,1496932200000000000,1079.5,1079.5,1079.5,1079.5,0,1,1
2017-06-08 23:00:00.000000000,1496934000000000000,1079.5,1079.5,1079.5,1079.5,0,1,1
2017-06-09 09:00:00.000000000,1496970000000000000,1079.5,1079.5,1079.5,1079.5,0,1,1
2017-06-09 09:30:00.000000000,1496971800000000000,1079.5,1079.5,1079.5,1079.5,0,1,1
2017-06-09 10:00:00.000000000,1496973600000000000,1079.5,1079.5,1079.5,1079.5,0,1,1
2017-06-09 10:30:00.000000000,1496975400000000000,975.0,1003.0,975.0,1003.0,2,1,0
2017-06-09 11:00:00.000000000,1496977200000000000,1003.0,1003.0,1003.0,1003.0,0,0,0
2017-06-09 13:30:00.000000000,1496986200000000000,1003.0,1003.0,1003.0,1003.0,0,0,0
2017-06-09 14:00:00.000000000,1496988000000000000,1003.0,1003.0,1003.0,1003.0,0,0,0
2017-06-09 14:30:00.000000000,1496989800000000000,1003.0,1003.0,1003.0,1003.0,0,0,0
2017-06-19 21:00:00.000000000,1497877200000000000,1003.0,1003.0,1003.0,1003.0,0,0,0
2017-06-19 21:30:00.000000000,1497879000000000000,1003.0,1003.0,1003.0,1003.0,0,0,0
2017-06-19 22:00:00.000000000,1497880800000000000,1003.0,1003.0,1003.0,1003.0,0,0,0
2017-06-19 22:30:00.000000000,1497882600000000000,1003.0,1003.0,1003.0,1003.0,0,0,0
2017-06-19 23:00:00.000000000,1497884400000000000,1003.0,1003.0,1003.0,1003.0,0,0,0
2017-06-20 09:00:00.000000000,1497920400000000000,992.5,1129.5,992.5,1129.5,4,0,0
2017-06-20 09:30:00.000000000,1497922200000000000,1129.5,1129.5,1129.5,1129.5,0,0,0
2017-06-20 10:00:00.000000000,1497924000000000000,1129.5,1129.5,1129.5,1129.5,0,0,0
2017-06-20 10:30:00.000000000,1497925800000000000,1129.5,1129.5,1129.5,1129.5,0,0,0
2017-06-20 11:00:00.000000000,1497927600000000000,1129.5,1129.5,1129.5,1129.5,0,0,0
2017-06-20 13:30:00.000000000,1497936600000000000,1129.5,1129.5,1129.5,1129.5,0,0,0
2017-06-20 14:00:00.000000000,1497938400000000000,1129.5,1129.5,1129.5,1129.5,0,0,0
2017-06-20 14:30:00.000000000,1497940200000000000,1129.5,1129.5,1129.5,1129.5,0,0,0
2017-06-29 21:00:00.000000000,1498741200000000000,1129.5,1129.5,1129.5,1129.5,0,0,0
2017-06-29 21:30:00.000000000,1498743000000000000,1129.5,1129.5,1129.5,1129.5,0,0,0
2017-06-29 22:00:00.000000000,1498744800000000000,1129.5,1129.5,1129.5,1129.5,0,0,0
2017-06-29 22:30:00.000000000,1498746600000000000,1129.5,1129.5,1129.5,1129.5,0,0,0
2017-06-29 23:00:00.000000000,1498748400000000000,1129.5,1129.5,1129.5,1129.5,0,0,0
2017-06-30 09:00:00.000000000,1498784400000000000,1129.5,1129.5,1129.5,1129.5,0,0,0
2017-06-30 09:30:00.000000000,1498786200000000000,1129.5,1129.5,1129.5,1129.5,0,0,0
2017-06-30 10:00:00.000000000,1498788000000000000,1129.5,1129.5,1129.5,1129.5,0,0,0
2017-06-30 10:30:00.000000000,1498789800000000000,1129.5,1129.5,1129.5,1129.5,0,0,0
2017-06-30 11:00:00.000000000,1498791600000000000,1129.5,1129.5,1129.5,1129.5,0,0,0
2017-06-30 13:30:00.000000000,1498800600000000000,1129.5,1129.5,1129.5,1129.5,0,0,0
2017-06-30 14:00:00.000000000,1498802400000000000,1204.0,1204.0,1135.0,1135.0,2,0,0
2017-06-30 14:30:00.000000000,1498804200000000000,1135.0,1135.0,1135.0,1135.0,0,0,0
2017-07-10 21:00:00.000000000,1499691600000000000,1135.0,1135.0,1135.0,1135.0,0,0,0
2017-07-10 21:30:00.000000000,1499693400000000000,1135.0,1135.0,1135.0,1135.0,0,0,0
2017-07-10 22:00:00.000000000,1499695200000000000,1135.0,1135.0,1135.0,1135.0,0,0,0
2017-07-10 22:30:00.000000000,1499697000000000000,1135.0,1135.0,1135.0,1135.0,0,0,0
2017-07-10 23:00:00.000000000,1499698800000000000,1135.0,1135.0,1135.0,1135.0,0,0,0
2017-07-11 09:00:00.000000000,1499734800000000000,1135.0,1135.0,1135.0,1135.0,0,0,0
2017-07-11 09:30:00.000000000,1499736600000000000,1135.0,1135.0,1135.0,1135.0,0,0,0
2017-07-11 10:00:00.000000000,1499738400000000000,1135.0,1135.0,1135.0,1135.0,0,0,0
2017-07-11 10:30:00.000000000,1499740200000000000,1135.0,1135.0,1135.0,1135.0,0,0,0
2017-07-11 11:00:00.000000000,1499742000000000000,1135.0,1135.0,1135.0,1135.0,0,0,0
2017-07-11 13:30:00.000000000,1499751000000000000,1157.0,1157.0,1157.0,1157.0,1,0,1
2017-07-11 14:00:00.000000000,1499752800000000000,1157.0,1157.0,1157.0,1157.0,0,1,1
2017-07-11 14:30:00.000000000,1499754600000000000,1157.0,1157.0,1157.0,1157.0,0,1,1
2017-07-11 21:00:00.000000000,1499778000000000000,1157.0,1157.0,1157.0,1157.0,0,1,1
2017-07-11 21:30:00.000000000,1499779800000000000,1157.0,1157.0,1157.0,1157.0,0,1,1
2017-07-11 22:00:00.000000000,1499781600000000000,1157.0,1157.0,1157.0,1157.0,0,1,1
2017-07-11 22:30:00.000000000,1499783400000000000,1157.0,1157.0,1157.0,1157.0,0,1,1
2017-07-11 23:00:00.000000000,1499785200000000000,1157.0,1157.0,1157.0,1157.0,0,1,1
2017-07-12 09:00:00.000000000,1499821200000000000,1249.5,1249.5,1249.5,1249.5,1,1,0
2017-07-12 09:30:00.000000000,1499823000000000000,1249.5,1249.5,1249.5,1249.5,0,0,0
2017-07-12 10:00:00.000000000,1499824800000000000,1249.5,1249.5,1249.5,1249.5,0,0,0
2017-07-12 10:30:00.000000000,1499826600000000000,1249.5,1249.5,1249.5,1249.5,0,0,0
2017-07-12 11:00:00.000000000,1499828400000000000,1249.5,1249.5,1249.5,1249.5,0,0,0
2017-07-12 13:30:00.000000000,1499837400000000000,1249.5,1249.5,1249.5,1249.5,0,0,0
2017-07-12 14:00:00.000000000,1499839200000000000,1249.5,1249.5,1249.5,1249.5,0,0,0
2017-07-12 14:30:00.000000000,1499841000000000000,1249.5,1249.5,1249.5,1249.5,0,0,0
2017-07-18 21:00:00.000000000,1500382800000000000,1348.5,1348.5,1348.5,1348.5,2,0,2
2017-07-18 21:30:00.000000000,1500384600000000000,1348.5,1348.5,1348.5,1348.5,0,2,2
2017-07-18 22:00:00.000000000,1500386400000000000,1348.5,1348.5,1348.5,1348.5,0,2,2
2017-07-18 22:30:00.000000000,1500388200000000000,1348.5,1348.5,1348.5,1348.5,0,2,2
2017-07-18 23:00:00.000000000,1500390000000000000,1348.5,1348.5,1348.5,1348.5,0,2,2
2017-07-19 09:00:00.000000000,1500426000000000000,1348.5,1348.5,1348.5,1348.5,0,2,2
2017-07-19 09:30:00.000000000,1500427800000000000,1348.5,1348.5,1348.5,1348.5,0,2,2
2017-07-19 10:00:00.000000000,1500429600000000000,1348.5,1348.5,1348.5,1348.5,0,2,2
2017-07-19 10:30:00.000000000,1500431400000000000,1348.5,1348.5,1348.5,1348.5,0,2,2
2017-07-19 11:00:00.000000000,1500433200000000000,1348.5,1348.5,1348.5,1348.5,0,2,2
2017-07-19 13:30:00.000000000,1500442200000000000,1349.0,1349.0,1156.0,1281.0,4,2,1
2017-07-19 14:00:00.000000000,1500444000000000000,1281.0,1281.0,1281.0,1281.0,0,1,1
2017-07-19 14:30:00.000000000,1500445800000000000,1281.0,1281.0,1281.0,1281.0,0,1,1
2017-07-20 21:00:00.000000000,1500555600000000000,1374.0,1374.0,1269.0,1348.0,3,1,2
2017-07-20 21:30:00.000000000,1500557400000000000,1348.0,1348.0,1348.0,1348.0,0,2,2
2017-07-20 22:00:00.000000000,1500559200000000000,1348.0,1348.0,1348.0,1348.0,0,2,2
2017-07-20 22:30:00.000000000,1500561000000000000,1348.0,1348.0,1348.0,1348.0,0,2,2
2017-07-20 23:00:00.000000000,1500562800000000000,1348.0,1348.0,1348.0,1348.0,0,2,2
2017-07-21 09:00:00.000000000,1500598800000000000,1348.0,1348.0,1348.0,1348.0,0,2,2
2017-07-21 09:30:00.000000000,1500600600000000000,1348.0,1348.0,1239.5,1239.5,1,2,2
2017-07-21 10:00:00.000000000,1500602400000000000,1239.5,1239.5,1239.5,1239.5,0,2,2
2017-07-21 10:30:00.000000000,1500604200000000000,1239.5,1239.5,1239.5,1239.5,0,2,2
2017-07-21 11:00:00.000000000,1500606000000000000,1239.5,1239.5,1239.5,1239.5,0,2,2
2017-07-21 13:30:00.000000000,1500615000000000000,1239.5,1239.5,1239.5,1239.5,0,2,2
2017-07-21 14:00:00.000000000,1500616800000000000,1239.5,1239.5,1239.5,1239.5,0,2,2
2017-07-21 14:30:00.000000000,1500618600000000000,1239.5,1239.5,1227.0,1227.0,1,2,2
2017-07-21 21:00:00.000000000,1500642000000000000,1227.0,1227.0,1227.0,1227.0,0,2,2
2017-07-21 21:30:00.000000000,1500643800000000000,1227.0,1227.0,1227.0,1227.0,0,2,2
2017-07-21 22:00:00.000000000,1500645600000000000,1227.0,1227.0,1227.0,1227.0,0,2,2
2017-07-21 22:30:00.000000000,1500647400000000000,1227.0,1227.0,1227.0,1227.0,0,2,2
2017-07-21 23:00:00.000000000,1500649200000000000,1227.0,1227.0,1227.0,1227.0,0,2,2
2017-07-24 09:00:00.000000000,1500858000000000000,1313.5,1313.5,1313.5,1313.5,1,2,1
2017-07-24 09:30:00.000000000,1500859800000000000,1313.5,1313.5,1313.5,1313.5,0,1,1
2017-07-24 10:00:00.000000000,1500861600000000000,1313.5,1313.5,1313.5,1313.5,0,1,1
2017-07-24 10:30:00.000000000,1500863400000000000,1313.5,1313.5,1313.5,1313.5,0,1,1
2017-07-24 11:00:00.000000000,1500865200000000000,1313.5,1313.5,1313.5,1313.5,0,1,1
2017-07-24 13:30:00.000000000,1500874200000000000,1313.5,1313.5,1313.5,1313.5,0,1,1
2017-07-24 14:00:00.000000000,1500876000000000000,1313.5,1313.5,1313.5,1313.5,0,1,1
2017-07-24 14:30:00.000000000,1500877800000000000,1313.5,1313.5,1313.5,1313.5,0,1,1
2017-07-26 21:00:00.000000000,1501074000000000000,1313.5,1313.5,1313.5,1313.5,0,1,1
2017-07-26 21:30:00.000000000,1501075800000000000,1313.5,1313.5,1313.5,1313.5,0,1,1
2017-07-26 22:00:00.000000000,1501077600000000000,1313.5,1313.5,1313.5,1313.5,0,1,1
2017-07-26 22:30:00.000000000,1501079400000000000,1313.5,1313.5,1313.5,1313.5,1,1,1
2017-07-26 23:00:00.000000000,1501081200000000000,1313.5,1313.5,1313.5,1313.5,0,1,1
2017-07-27 09:00:00.000000000,1501117200000000000,1313.5,1313.5,1313.5,1313.5,0,1,1
2017-07-27 09:30:00.000000000,1501119000000000000,1313.5,1313.5,1313.5,1313.5,0,1,1
2017-07-27 10:00:00.000000000,1501120800000000000,1313.5,1313.5,1313.5,1313.5,0,1,1
2017-07-27 10:30:00.000000000,1501122600000000000,1313.5,1313.5,1313.5,1313.5,0,1,1
2017-07-27 11:00:00.000000000,1501124400000000000,1313.5,1313.5,1313.5,1313.5,0,1,1
2017-07-27 13:30:00.000000000,1501133400000000000,1313.5,1313.5,1313.5,1313.5,0,1,1
2017-07-27 14:00:00.000000000,1501135200000000000,1313.5,1313.5,1313.5,1313.5,0,1,1
2017-07-27 14:30:00.000000000,1501137000000000000,1313.5,1313.5,1313.5,1313.5,0,1,1
2017-08-02 21:00:00.000000000,1501678800000000000,1313.5,1313.5,1313.5,1313.5,0,1,1
2017-08-02 21:30:00.000000000,1501680600000000000,1313.5,1313.5,1313.5,1313.5,0,1,1
2017-08-02 22:00:00.000000000,1501682400000000000,1313.5,1313.5,1313.5,1313.5,0,1,1
2017-08-02 22:30:00.000000000,1501684200000000000,1313.5,1313.5,1313.5,1313.5,0,1,1
2017-08-02 23:00:00.000000000,1501686000000000000,1313.5,1313.5,1313.5,1313.5,0,1,1
2017-08-03 09:00:00.000000000,1501722000000000000,1313.5,1313.5,1313.5,1313.5,0,1,1
2017-08-03 09:30:00.000000000,1501723800000000000,1313.5,1313.5,1313.5,1313.5,0,1,1
2017-08-03 10:00:00.000000000,1501725600000000000,1313.5,1313.5,1313.5,1313.5,0,1,1
2017-08-03 10:30:00.000000000,1501727400000000000,1313.5,1313.5,1313.5,1313.5,0,1,1
2017-08-03 11:00:00.000000000,1501729200000000000,1313.5,1313.5,1313.5,1313.5,0,1,1
2017-08-03 13:30:00.000000000,1501738200000000000,1313.5,1313.5,1313.5,1313.5,0,1,1
2017-08-03 14:00:00.000000000,1501740000000000000,1313.5,1313.5,1313.5,1313.5,0,1,1
2017-08-03 14:30:00.000000000,1501741800000000000,1390.0,1390.0,1390.0,1390.0,0,1,1
2017-08-03 21:00:00.000000000,1501765200000000000,1390.0,1390.0,1390.0,1390.0,0,1,1
2017-08-03 21:30:00.000000000,1501767000000000000,1390.0,1390.0,1390.0,1390.0,0,1,1
2017-08-03 22:00:00.000000000,1501768800000000000,1390.0,1390.0,1390.0,1390.0,0,1,1
2017-08-03 22:30:00.000000000,1501770600000000000,1390.0,1390.0,1390.0,1390.0,0,1,1
2017-08-03 23:00:00.000000000,1501772400000000000,1390.0,1390.0,1390.0,1390.0,0,1,1
2017-08-04 09:00:00.000000000,1501808400000000000,1390.0,1390.0,1390.0,1390.0,0,1,1
2017-08-04 09:30:00.000000000,1501810200000000000,1390.0,1390.0,1390.0,1390.0,0,1,1
2017-08-04 10:00:00.000000000,1501812000000000000,1390.0,1390.0,1390.0,1390.0,0,1,1
2017-08-04 10:30:00.000000000,1501813800000000000,1390.0,1390.0,1390.0,1390.0,0,1,1
2017-08-04 11:00:00.000000000,1501815600000000000,1390.0,1390.0,1390.0,1390.0,0,1,1
2017-08-04 13:30:00.000000000,1501824600000000000,1330.0,1330.0,1330.0,1330.0,1,1,0
2017-08-04 14:00:00.000000000,1501826400000000000,1330.0,1330.0,1330.0,1330.0,0,0,0
2017-08-04 14:30:00.000000000,1501828200000000000,1330.0,1330.0,1330.0,1330.0,0,0,0
2017-08-04 21:00:00.000000000,1501851600000000000,1330.0,1330.0,1330.0,1330.0,0,0,0
2017-08-04 21:30:00.000000000,1501853400000000000,1330.0,1330.0,1330.0,1330.0,0,0,0
2017-08-04 22:00:00.000000000,1501855200000000000,1330.0,1330.0,1330.0,1330.0,0,0,0
2017-08-04 22:30:00.000000000,1501857000000000000,1330.0,1330.0,1330.0,1330.0,0,0,0
2017-08-04 23:00:00.000000000,1501858800000000000,1330.0,1330.0,1330.0,1330.0,0,0,0
2017-08-07 09:00:00.000000000,1502067600000000000,1330.0,1330.0,1330.0,1330.0,0,0,0
2017-08-07 09:30:00.000000000,1502069400000000000,1330.0,1330.0,1330.0,1330.0,0,0,0
2017-08-07 10:00:00.000000000,1502071200000000000,1330.0,1330.0,1330.0,1330.0,0,0,0
2017-08-07 10:30:00.000000000,1502073000000000000,1330.0,1330.0,1330.0,1330.0,0,0,0
2017-08-07 11:00:00.000000000,1502074800000000000,1330.0,1330.0,1330.0,1330.0,0,0,0
2017-08-07 13:30:00.000000000,1502083800000000000,1330.0,1330.0,1330.0,1330.0,0,0,0
2017-08-07 14:00:00.000000000,1502085600000000000,1330.0,1330.0,1330.0,1330.0,0,0,0
2017-08-07 14:30:00.000000000,1502087400000000000,1330.0,1330.0,1330.0,1330.0,0,0,0
2017-08-07 21:00:00.000000000,1502110800000000000,1330.0,1330.0,1330.0,1330.0,0,0,0
2017-08-07 21:30:00.000000000,1502112600000000000,1330.0,1330.0,1330.0,1330.0,0,0,0
2017-08-07 22:00:00.000000000,1502114400000000000,1330.0,1330.0,1330.0,1330.0,0,0,0
2017-08-07 22:30:00.000000000,1502116200000000000,1330.0,1330.0,1330.0,1330.0,0,0,0
2017-08-07 23:00:00.000000000,1502118000000000000,1330.0,1330.0,1330.0,1330.0,0,0,0
2017-08-08 09:00:00.000000000,1502154000000000000,1330.0,1330.0,1330.0,1330.0,0,0,0
2017-08-08 09:30:00.000000000,1502155800000000000,1330.0,1330.0,1330.0,1330.0,0,0,0
2017-08-08 10:00:00.000000000,1502157600000000000,1330.0,1330.0,1330.0,1330.0,0,0,0
2017-08-08 10:30:00.000000000,1502159400000000000,1330.0,1330.0,1330.0,1330.0,0,0,0
2017-08-08 11:00:00.000000000,1502161200000000000,1330.0,1330.0,1330.0,1330.0,0,0,0
2017-08-08 13:30:00.000000000,1502170200000000000,1330.0,1330.0,1330.0,1330.0,0,0,0
2017-08-08 14:00:00.000000000,1502172000000000000,1330.0,1330.0,1330.0,1330.0,0,0,0
2017-08-08 14:30:00.000000000,1502173800000000000,1330.0,1330.0,1330.0,1330.0,0,0,0
2017-08-08 21:00:00.000000000,1502197200000000000,1330.0,1330.0,1330.0,1330.0,0,0,0
2017-08-08 21:30:00.000000000,1502199000000000000,1330.0,1330.0,1330.0,1330.0,0,0,0
2017-08-08 22:00:00.000000000,1502200800000000000,1330.0,1330.0,1330.0,1330.0,0,0,0
2017-08-08 22:30:00.000000000,1502202600000000000,1330.0,1330.0,1330.0,1330.0,0,0,0
2017-08-08 23:00:00.000000000,1502204400000000000,1330.0,1330.0,1330.0,1330.0,0,0,0
2017-08-09 09:00:00.000000000,1502240400000000000,1330.0,1330.0,1330.0,1330.0,0,0,0
2017-08-09 09:30:00.000000000,1502242200000000000,1330.0,1330.0,1330.0,1330.0,0,0,0
2017-08-09 10:00:00.000000000,1502244000000000000,1330.0,1330.0,1330.0,1330.0,0,0,0
2017-08-09 10:30:00.000000000,1502245800000000000,1330.0,1330.0,1330.0,1330.0,0,0,0
2017-08-09 11:00:00.000000000,1502247600000000000,1330.0,1330.0,1330.0,1330.0,0,0,0
2017-08-09 13:30:00.000000000,1502256600000000000,1330.0,1330.0,1330.0,1330.0,0,0,0
2017-08-09 14:00:00.000000000,1502258400000000000,1330.0,1330.0,1330.0,1330.0,0,0,0
2017-08-09 14:30:00.000000000,1502260200000000000,1330.0,1330.0,1330.0,1330.0,0,0,0
2017-08-09 21:00:00.000000000,1502283600000000000,1330.0,1330.0,1330.0,1330.0,0,0,0
2017-08-09 21:30:00.000000000,1502285400000000000,1330.0,1330.0,1330.0,1330.0,0,0,0
2017-08-09 22:00:00.000000000,1502287200000000000,1330.0,1330.0,1330.0,1330.0,0,0,0
2017-08-09 22:30:00.000000000,1502289000000000000,1330.0,1330.0,1330.0,1330.0,0,0,0
2017-08-09 23:00:00.000000000,1502290800000000000,1330.0,1330.0,1330.0,1330.0,0,0,0
2017-08-10 09:00:00.000000000,1502326800000000000,1330.0,1330.0,1330.0,1330.0,0,0,0
2017-08-10 09:30:00.000000000,1502328600000000000,1330.0,1330.0,1330.0,1330.0,0,0,0
2017-08-10 10:00:00.000000000,1502330400000000000,1330.0,1330.0,1330.0,1330.0,0,0,0
2017-08-10 10:30:00.000000000,1502332200000000000,1330.0,1330.0,1330.0,1330.0,0,0,0
2017-08-10 11:00:00.000000000,1502334000000000000,1330.0,1330.0,1330.0,1330.0,0,0,0
2017-08-10 13:30:00.000000000,1502343000000000000,1330.0,1330.0,1330.0,1330.0,0,0,0
2017-08-10 14:00:00.000000000,1502344800000000000,1330.0,1330.0,1330.0,1330.0,0,0,0
2017-08-10 14:30:00.000000000,1502346600000000000,1330.0,1330.0,1330.0,1330.0,0,0,0
2017-08-10 21:00:00.000000000,1502370000000000000,1330.0,1330.0,1330.0,1330.0,0,0,0
2017-08-10 21:30:00.000000000,1502371800000000000,1330.0,1330.0,1330.0,1330.0,0,0,0
2017-08-10 22:00:00.000000000,1502373600000000000,1330.0,1330.0,1330.0,1330.0,0,0,0
2017-08-10 22:30:00.000000000,1502375400000000000,1330.0,1330.0,1330.0,1330.0,0,0,0
2017-08-10 23:00:00.000000000,1502377200000000000,1330.0,1330.0,1330.0,1330.0,0,0,0
2017-08-11 09:00:00.000000000,1502413200000000000,1330.0,1330.0,1330.0,1330.0,0,0,0
2017-08-11 09:30:00.000000000,1502415000000000000,1330.0,1330.0,1330.0,1330.0,0,0,0
2017-08-11 10:00:00.000000000,1502416800000000000,1330.0,1330.0,1330.0,1330.0,0,0,0
2017-08-11 10:30:00.000000000,1502418600000000000,1330.0,1330.0,1330.0,1330.0,0,0,0
2017-08-11 11:00:00.000000000,1502420400000000000,1330.0,1330.0,1330.0,1330.0,0,0,0
2017-08-11 13:30:00.000000000,1502429400000000000,1330.0,1330.0,1330.0,1330.0,0,0,0
2017-08-11 14:00:00.000000000,1502431200000000000,1330.0,1330.0,1330.0,1330.0,0,0,0
2017-08-11 14:30:00.000000000,1502433000000000000,1330.0,1330.0,1330.0,1330.0,0,0,0
2017-08-11 21:00:00.000000000,1502456400000000000,1330.0,1330.0,1330.0,1330.0,0,0,0
2017-08-11 21:30:00.000000000,1502458200000000000,1330.0,1330.0,1330.0,1330.0,0,0,0
2017-08-11 22:00:00.000000000,1502460000000000000,1330.0,1330.0,1330.0,1330.0,0,0,0
2017-08-11 22:30:00.000000000,1502461800000000000,1330.0,1330.0,1330.0,1330.0,0,0,0
2017-08-11 23:00:00.000000000,1502463600000000000,1330.0,1330.0,1330.0,1330.0,0,0,0
2017-08-14 09:00:00.000000000,1502672400000000000,1330.0,1330.0,1330.0,1330.0,0,0,0
2017-08-14 09:30:00.000000000,1502674200000000000,1330.0,1330.0,1330.0,1330.0,0,0,0
2017-08-14 10:00:00.000000000,1502676000000000000,1330.0,1330.0,1330.0,1330.0,0,0,0
2017-08-14 10:30:00.000000000,1502677800000000000,1330.0,1330.0,1330.0,1330.0,0,0,0
2017-08-14 11:00:00.000000000,1502679600000000000,1330.0,1330.0,1330.0,1330.0,0,0,0
2017-08-14 13:30:00.000000000,1502688600000000000,1330.0,1330.0,1330.0,1330.0,0,0,0
2017-08-14 14:00:00.000000000,1502690400000000000,1330.0,1330.0,1330.0,1330.0,0,0,0
2017-08-14 14:30:00.000000000,1502692200000000000,1330.0,1330.0,1330.0,1330.0,0,0,0
