datetime,datetime_nano,SHFE.rb2309.open,SHFE.rb2309.high,SHFE.rb2309.low,SHFE.rb2309.close,SHFE.rb2309.volume,SHFE.rb2309.open_oi,SHFE.rb2309.close_oi
2022-09-15 21:00:00.000000000,1663246800000000000,3622.0,3628.0,3617.0,3617.0,6,0,6
2022-09-15 22:00:00.000000000,1663250400000000000,3617.0,3631.0,3599.0,3614.0,10,6,15
2022-09-16 09:00:00.000000000,1663290000000000000,3614.0,3614.0,3606.0,3606.0,3,15,18
2022-09-16 10:00:00.000000000,1663293600000000000,3606.0,3606.0,3583.0,3583.0,26,18,43
2022-09-16 11:00:00.000000000,1663297200000000000,3583.0,3583.0,3569.0,3571.0,11,43,53
2022-09-16 13:00:00.000000000,1663304400000000000,3571.0,3580.0,3550.0,3558.0,22,53,74
2022-09-16 14:00:00.000000000,1663308000000000000,3558.0,3578.0,3557.0,3578.0,19,74,83
2022-09-16 21:00:00.000000000,1663333200000000000,3576.0,3596.0,3576.0,3596.0,9,83,80
2022-09-16 22:00:00.000000000,1663336800000000000,3596.0,3615.0,3590.0,3596.0,18,80,66
2022-09-19 09:00:00.000000000,1663549200000000000,3596.0,3609.0,3587.0,3587.0,4,66,68
2022-09-19 10:00:00.000000000,1663552800000000000,3587.0,3606.0,3587.0,3606.0,1,68,68
2022-09-19 11:00:00.000000000,1663556400000000000,3606.0,3606.0,3606.0,3606.0,0,68,68
2022-09-19 13:00:00.000000000,1663563600000000000,3606.0,3606.0,3592.0,3592.0,1,68,68
2022-09-19 14:00:00.000000000,1663567200000000000,3592.0,3593.0,3586.0,3586.0,5,68,71
2022-09-19 21:00:00.000000000,1663592400000000000,3552.0,3585.0,3552.0,3576.0,12,71,77
2022-09-19 22:00:00.000000000,1663596000000000000,3576.0,3577.0,3573.0,3573.0,2,77,76
2022-09-20 09:00:00.000000000,1663635600000000000,3573.0,3596.0,3570.0,3580.0,31,76,95
2022-09-20 10:00:00.000000000,1663639200000000000,3580.0,3596.0,3571.0,3582.0,8,95,91
2022-09-20 11:00:00.000000000,1663642800000000000,3582.0,3590.0,3582.0,3590.0,3,91,94
2022-09-20 13:00:00.000000000,1663650000000000000,3590.0,3595.0,3590.0,3595.0,5,94,98
2022-09-20 14:00:00.000000000,1663653600000000000,3595.0,3595.0,3550.0,3550.0,45,98,141
2022-09-20 21:00:00.000000000,1663678800000000000,3558.0,3569.0,3555.0,3559.0,18,141,152
2022-09-20 22:00:00.000000000,1663682400000000000,3559.0,3560.0,3551.0,3553.0,13,152,152
2022-09-21 09:00:00.000000000,1663722000000000000,3553.0,3553.0,3531.0,3541.0,30,152,179
2022-09-21 10:00:00.000000000,1663725600000000000,3541.0,3555.0,3540.0,3555.0,10,179,183
2022-09-21 11:00:00.000000000,1663729200000000000,3555.0,3555.0,3537.0,3537.0,4,183,185
2022-09-21 13:00:00.000000000,1663736400000000000,3537.0,3551.0,3534.0,3535.0,20,185,196
2022-09-21 14:00:00.000000000,1663740000000000000,3535.0,3574.0,3534.0,3557.0,29,196,196
2022-09-21 21:00:00.000000000,1663765200000000000,3569.0,3580.0,3566.0,3580.0,7,196,199
2022-09-21 22:00:00.000000000,1663768800000000000,3580.0,3580.0,3575.0,3575.0,6,199,204
2022-09-22 09:00:00.000000000,1663808400000000000,3575.0,3615.0,3574.0,3612.0,58,204,160
2022-09-22 10:00:00.000000000,1663812000000000000,3612.0,3628.0,3608.0,3621.0,22,160,155
2022-09-22 11:00:00.000000000,1663815600000000000,3621.0,3629.0,3612.0,3622.0,13,155,151
2022-09-22 13:00:00.000000000,1663822800000000000,3622.0,3648.0,3622.0,3643.0,15,151,149
2022-09-22 14:00:00.000000000,1663826400000000000,3643.0,3643.0,3629.0,3642.0,28,149,145
2022-09-22 21:00:00.000000000,1663851600000000000,3638.0,3665.0,3636.0,3649.0,26,145,139
2022-09-22 22:00:00.000000000,1663855200000000000,3649.0,3649.0,3640.0,3640.0,4,139,138
2022-09-23 09:00:00.000000000,1663894800000000000,3640.0,3650.0,3634.0,3634.0,11,138,140
2022-09-23 10:00:00.000000000,1663898400000000000,3634.0,3634.0,3627.0,3627.0,3,140,140
2022-09-23 11:00:00.000000000,1663902000000000000,3627.0,3645.0,3627.0,3635.0,8,140,143
2022-09-23 13:00:00.000000000,1663909200000000000,3635.0,3650.0,3635.0,3650.0,7,143,141
2022-09-23 14:00:00.000000000,1663912800000000000,3650.0,3651.0,3638.0,3642.0,23,141,142
2022-09-23 21:00:00.000000000,1663938000000000000,3622.0,3629.0,3613.0,3613.0,4,142,140
2022-09-23 22:00:00.000000000,1663941600000000000,3613.0,3625.0,3605.0,3625.0,36,140,165
2022-09-26 09:00:00.000000000,1664154000000000000,3625.0,3655.0,3625.0,3655.0,7,165,166
2022-09-26 10:00:00.000000000,1664157600000000000,3655.0,3664.0,3640.0,3650.0,18,166,168
2022-09-26 11:00:00.000000000,1664161200000000000,3650.0,3650.0,3636.0,3636.0,13,168,179
2022-09-26 13:00:00.000000000,1664168400000000000,3636.0,3657.0,3636.0,3656.0,9,179,179
2022-09-26 14:00:00.000000000,1664172000000000000,3656.0,3656.0,3636.0,3636.0,1,179,179
2022-09-26 21:00:00.000000000,1664197200000000000,3657.0,3693.0,3656.0,3668.0,73,179,195
2022-09-26 22:00:00.000000000,1664200800000000000,3668.0,3679.0,3667.0,3668.0,15,195,202
2022-09-27 09:00:00.000000000,1664240400000000000,3668.0,3678.0,3653.0,3667.0,28,202,209
2022-09-27 10:00:00.000000000,1664244000000000000,3667.0,3679.0,3667.0,3668.0,9,209,213
2022-09-27 11:00:00.000000000,1664247600000000000,3668.0,3668.0,3655.0,3655.0,3,213,216
2022-09-27 13:00:00.000000000,1664254800000000000,3655.0,3668.0,3655.0,3668.0,2,216,218
2022-09-27 14:00:00.000000000,1664258400000000000,3668.0,3679.0,3661.0,3670.0,15,218,224
2022-09-27 21:00:00.000000000,1664283600000000000,3689.0,3698.0,3670.0,3680.0,24,224,214
2022-09-27 22:00:00.000000000,1664287200000000000,3680.0,3685.0,3671.0,3671.0,17,214,216
2022-09-28 09:00:00.000000000,1664326800000000000,3671.0,3687.0,3671.0,3674.0,32,216,230
2022-09-28 10:00:00.000000000,1664330400000000000,3674.0,3678.0,3671.0,3674.0,4,230,231
2022-09-28 11:00:00.000000000,1664334000000000000,3674.0,3681.0,3670.0,3670.0,3,231,231
2022-09-28 13:00:00.000000000,1664341200000000000,3670.0,3680.0,3668.0,3679.0,12,231,235
2022-09-28 14:00:00.000000000,1664344800000000000,3679.0,3679.0,3667.0,3674.0,12,235,231
2022-09-28 21:00:00.000000000,1664370000000000000,3668.0,3685.0,3646.0,3656.0,63,231,264
2022-09-28 22:00:00.000000000,1664373600000000000,3656.0,3682.0,3656.0,3679.0,17,264,264
2022-09-29 09:00:00.000000000,1664413200000000000,3679.0,3682.0,3671.0,3682.0,9,264,260
2022-09-29 10:00:00.000000000,1664416800000000000,3682.0,3682.0,3677.0,3678.0,2,260,261
2022-09-29 11:00:00.000000000,1664420400000000000,3678.0,3692.0,3678.0,3692.0,5,261,263
2022-09-29 13:00:00.000000000,1664427600000000000,3692.0,3692.0,3676.0,3677.0,20,263,264
2022-09-29 14:00:00.000000000,1664431200000000000,3677.0,3683.0,3667.0,3675.0,19,264,267
2022-09-29 21:00:00.000000000,1664456400000000000,3672.0,3685.0,3670.0,3685.0,5,267,268
2022-09-29 22:00:00.000000000,1664460000000000000,3685.0,3685.0,3674.0,3674.0,6,268,269
2022-09-30 09:00:00.000000000,1664499600000000000,3674.0,3674.0,3674.0,3674.0,0,269,269
2022-09-30 10:00:00.000000000,1664503200000000000,3674.0,3678.0,3674.0,3678.0,1,269,269
2022-09-30 11:00:00.000000000,1664506800000000000,3678.0,3678.0,3678.0,3678.0,0,269,269
2022-09-30 13:00:00.000000000,1664514000000000000,3678.0,3680.0,3675.0,3680.0,14,269,275
2022-09-30 14:00:00.000000000,1664517600000000000,3680.0,3680.0,3652.0,3652.0,48,275,300
2022-10-10 09:00:00.000000000,1665363600000000000,3696.0,3703.0,3676.0,3703.0,73,300,269
2022-10-10 10:00:00.000000000,1665367200000000000,3703.0,3705.0,3688.0,3695.0,5,269,269
2022-10-10 11:00:00.000000000,1665370800000000000,3695.0,3700.0,3691.0,3691.0,2,269,269
2022-10-10 13:00:00.000000000,1665378000000000000,3705.0,3705.0,3687.0,3687.0,13,269,264
2022-10-10 14:00:00.000000000,1665381600000000000,3687.0,3698.0,3687.0,3692.0,9,264,263
2022-10-10 21:00:00.000000000,1665406800000000000,3728.0,3728.0,3679.0,3679.0,36,263,285
2022-10-10 22:00:00.000000000,1665410400000000000,3679.0,3686.0,3677.0,3677.0,10,285,292
2022-10-11 09:00:00.000000000,1665450000000000000,3677.0,3684.0,3660.0,3660.0,48,292,331
2022-10-11 10:00:00.000000000,1665453600000000000,3660.0,3665.0,3655.0,3660.0,18,331,343
2022-10-11 11:00:00.000000000,1665457200000000000,3660.0,3660.0,3639.0,3641.0,18,343,355
2022-10-11 13:00:00.000000000,1665464400000000000,3641.0,3653.0,3638.0,3638.0,15,355,368
2022-10-11 14:00:00.000000000,1665468000000000000,3638.0,3643.0,3616.0,3622.0,68,368,424
2022-10-11 21:00:00.000000000,1665493200000000000,3612.0,3637.0,3606.0,3606.0,51,424,462
2022-10-11 22:00:00.000000000,1665496800000000000,3606.0,3606.0,3583.0,3591.0,82,462,527
2022-10-12 09:00:00.000000000,1665536400000000000,3591.0,3593.0,3578.0,3585.0,61,527,574
2022-10-12 10:00:00.000000000,1665540000000000000,3585.0,3588.0,3573.0,3573.0,44,574,613
2022-10-12 11:00:00.000000000,1665543600000000000,3573.0,3587.0,3573.0,3580.0,14,613,619
2022-10-12 13:00:00.000000000,1665550800000000000,3585.0,3608.0,3585.0,3596.0,28,619,617
2022-10-12 14:00:00.000000000,1665554400000000000,3596.0,3605.0,3590.0,3603.0,419,617,1019
2022-10-12 21:00:00.000000000,1665579600000000000,3600.0,3605.0,3591.0,3599.0,56,1019,1021
2022-10-12 22:00:00.000000000,1665583200000000000,3599.0,3608.0,3595.0,3607.0,24,1021,1017
2022-10-13 09:00:00.000000000,1665622800000000000,3607.0,3609.0,3582.0,3582.0,68,1017,999
2022-10-13 10:00:00.000000000,1665626400000000000,3582.0,3591.0,3558.0,3569.0,89,999,1067
2022-10-13 11:00:00.000000000,1665630000000000000,3569.0,3579.0,3565.0,3579.0,8,1067,1068
2022-10-13 13:00:00.000000000,1665637200000000000,3579.0,3583.0,3560.0,3563.0,34,1068,1088
2022-10-13 14:00:00.000000000,1665640800000000000,3563.0,3581.0,3558.0,3558.0,59,1088,1119
2022-10-13 21:00:00.000000000,1665666000000000000,3558.0,3575.0,3505.0,3572.0,523,1119,1587
2022-10-13 22:00:00.000000000,1665669600000000000,3572.0,3573.0,3556.0,3568.0,10,1587,1591
2022-10-14 09:00:00.000000000,1665709200000000000,3568.0,3584.0,3568.0,3576.0,44,1591,1563
2022-10-14 10:00:00.000000000,1665712800000000000,3576.0,3594.0,3576.0,3593.0,22,1563,1549
2022-10-14 11:00:00.000000000,1665716400000000000,3593.0,3601.0,3590.0,3595.0,26,1549,1537
2022-10-14 13:00:00.000000000,1665723600000000000,3602.0,3605.0,3587.0,3587.0,26,1537,1529
2022-10-14 14:00:00.000000000,1665727200000000000,3587.0,3598.0,3586.0,3590.0,745,1529,2235
2022-10-14 21:00:00.000000000,1665752400000000000,3581.0,3589.0,3568.0,3569.0,39,2235,2256
2022-10-14 22:00:00.000000000,1665756000000000000,3569.0,3569.0,3541.0,3552.0,57,2256,2293
2022-10-17 09:00:00.000000000,1665968400000000000,3552.0,3565.0,3530.0,3530.0,101,2293,2365
2022-10-17 10:00:00.000000000,1665972000000000000,3530.0,3530.0,3512.0,3527.0,88,2365,2416
2022-10-17 11:00:00.000000000,1665975600000000000,3527.0,3527.0,3508.0,3510.0,25,2416,2435
2022-10-17 13:00:00.000000000,1665982800000000000,3501.0,3519.0,3501.0,3516.0,33,2435,2449
2022-10-17 14:00:00.000000000,1665986400000000000,3516.0,3531.0,3510.0,3520.0,45,2449,2464
2022-10-17 21:00:00.000000000,1666011600000000000,3517.0,3539.0,3512.0,3527.0,87,2464,2445
2022-10-17 22:00:00.000000000,1666015200000000000,3527.0,3527.0,3514.0,3514.0,40,2445,2463
2022-10-18 09:00:00.000000000,1666054800000000000,3529.0,3536.0,3505.0,3511.0,106,2463,2495
2022-10-18 10:00:00.000000000,1666058400000000000,3511.0,3511.0,3499.0,3509.0,140,2495,2589
2022-10-18 11:00:00.000000000,1666062000000000000,3509.0,3509.0,3499.0,3509.0,30,2589,2602
2022-10-18 13:00:00.000000000,1666069200000000000,3509.0,3510.0,3500.0,3509.0,1180,2602,3758
2022-10-18 14:00:00.000000000,1666072800000000000,3509.0,3538.0,3503.0,3533.0,397,3758,3974
2022-10-18 21:00:00.000000000,1666098000000000000,3533.0,3534.0,3520.0,3524.0,954,3974,4881
2022-10-18 22:00:00.000000000,1666101600000000000,3524.0,3527.0,3510.0,3523.0,43,4881,4888
2022-10-19 09:00:00.000000000,1666141200000000000,3523.0,3533.0,3519.0,3525.0,33,4888,4887
2022-10-19 10:00:00.000000000,1666144800000000000,3525.0,3530.0,3520.0,3520.0,13,4887,4893
2022-10-19 11:00:00.000000000,1666148400000000000,3520.0,3520.0,3511.0,3511.0,21,4893,4906
2022-10-19 13:00:00.000000000,1666155600000000000,3511.0,3512.0,3502.0,3505.0,1044,4906,5929
2022-10-19 14:00:00.000000000,1666159200000000000,3505.0,3518.0,3497.0,3507.0,1286,5929,7148
2022-10-19 21:00:00.000000000,1666184400000000000,3507.0,3507.0,3471.0,3484.0,522,7148,7582
2022-10-19 22:00:00.000000000,1666188000000000000,3484.0,3501.0,3481.0,3490.0,85,7582,7579
2022-10-20 09:00:00.000000000,1666227600000000000,3490.0,3501.0,3483.0,3495.0,165,7579,7627
2022-10-20 10:00:00.000000000,1666231200000000000,3495.0,3498.0,3483.0,3495.0,40,7627,7624
2022-10-20 11:00:00.000000000,1666234800000000000,3495.0,3500.0,3481.0,3482.0,29,7624,7624
2022-10-20 13:00:00.000000000,1666242000000000000,3496.0,3504.0,3489.0,3493.0,339,7624,7911
2022-10-20 14:00:00.000000000,1666245600000000000,3493.0,3493.0,3461.0,3469.0,188,7911,7937
2022-10-20 21:00:00.000000000,1666270800000000000,3479.0,3500.0,3469.0,3500.0,99,7937,7911
2022-10-20 22:00:00.000000000,1666274400000000000,3500.0,3521.0,3491.0,3516.0,90,7911,7879
2022-10-21 09:00:00.000000000,1666314000000000000,3505.0,3509.0,3496.0,3504.0,30,7879,7865
2022-10-21 10:00:00.000000000,1666317600000000000,3504.0,3510.0,3502.0,3510.0,6,7865,7859
2022-10-21 11:00:00.000000000,1666321200000000000,3510.0,3519.0,3507.0,3515.0,14,7859,7858
2022-10-21 13:00:00.000000000,1666328400000000000,3515.0,3515.0,3500.0,3500.0,17,7858,7849
2022-10-21 14:00:00.000000000,1666332000000000000,3500.0,3508.0,3484.0,3489.0,65,7849,7881
2022-10-21 21:00:00.000000000,1666357200000000000,3505.0,3517.0,3497.0,3511.0,34,7881,7880
2022-10-21 22:00:00.000000000,1666360800000000000,3511.0,3518.0,3508.0,3508.0,19,7880,7891
2022-10-24 09:00:00.000000000,1666573200000000000,3508.0,3539.0,3501.0,3514.0,145,7891,7864
2022-10-24 10:00:00.000000000,1666576800000000000,3514.0,3514.0,3495.0,3496.0,31,7864,7883
2022-10-24 11:00:00.000000000,1666580400000000000,3496.0,3503.0,3488.0,3497.0,988,7883,8852
2022-10-24 13:00:00.000000000,1666587600000000000,3486.0,3498.0,3485.0,3496.0,35,8852,8879
2022-10-24 14:00:00.000000000,1666591200000000000,3496.0,3507.0,3495.0,3507.0,141,8879,8974
2022-10-24 21:00:00.000000000,1666616400000000000,3507.0,3507.0,3462.0,3479.0,1126,8974,10002
2022-10-24 22:00:00.000000000,1666620000000000000,3479.0,3483.0,3471.0,3471.0,19,10002,10011
2022-10-25 09:00:00.000000000,1666659600000000000,3471.0,3477.0,3458.0,3472.0,122,10011,10085
2022-10-25 10:00:00.000000000,1666663200000000000,3472.0,3472.0,3459.0,3466.0,20,10085,10091
2022-10-25 11:00:00.000000000,1666666800000000000,3466.0,3473.0,3459.0,3469.0,13,10091,10091
2022-10-25 13:00:00.000000000,1666674000000000000,3469.0,3474.0,3462.0,3467.0,329,10091,10393
2022-10-25 14:00:00.000000000,1666677600000000000,3467.0,3472.0,3465.0,3465.0,19,10393,10399
2022-10-25 21:00:00.000000000,1666702800000000000,3454.0,3477.0,3454.0,3470.0,327,10399,10494
2022-10-25 22:00:00.000000000,1666706400000000000,3470.0,3475.0,3469.0,3475.0,8,10494,10491
2022-10-26 09:00:00.000000000,1666746000000000000,3475.0,3475.0,3457.0,3469.0,38,10491,10506
2022-10-26 10:00:00.000000000,1666749600000000000,3469.0,3490.0,3468.0,3487.0,267,10506,10692
2022-10-26 11:00:00.000000000,1666753200000000000,3487.0,3491.0,3485.0,3489.0,17,10692,10691
2022-10-26 13:00:00.000000000,1666760400000000000,3489.0,3489.0,3470.0,3470.0,13,10691,10683
2022-10-26 14:00:00.000000000,1666764000000000000,3470.0,3470.0,3453.0,3461.0,58,10683,10723
2022-10-26 21:00:00.000000000,1666789200000000000,3461.0,3467.0,3460.0,3467.0,479,10723,11197
2022-10-26 22:00:00.000000000,1666792800000000000,3467.0,3475.0,3463.0,3469.0,14,11197,11196
2022-10-27 09:00:00.000000000,1666832400000000000,3469.0,3488.0,3469.0,3475.0,69,11196,11178
2022-10-27 10:00:00.000000000,1666836000000000000,3475.0,3477.0,3460.0,3475.0,65,11178,11204
2022-10-27 11:00:00.000000000,1666839600000000000,3475.0,3475.0,3462.0,3464.0,22,11204,11202
2022-10-27 13:00:00.000000000,1666846800000000000,3464.0,3472.0,3458.0,3465.0,20,11202,11207
2022-10-27 14:00:00.000000000,1666850400000000000,3465.0,3465.0,3444.0,3451.0,119,11207,11278
2022-10-27 21:00:00.000000000,1666875600000000000,3451.0,3451.0,3422.0,3422.0,181,11278,11430
2022-10-27 22:00:00.000000000,1666879200000000000,3422.0,3433.0,3415.0,3422.0,34,11430,11451
2022-10-28 09:00:00.000000000,1666918800000000000,3422.0,3433.0,3405.0,3405.0,620,11451,10931
2022-10-28 10:00:00.000000000,1666922400000000000,3405.0,3413.0,3381.0,3395.0,100,10931,10972
2022-10-28 11:00:00.000000000,1666926000000000000,3395.0,3405.0,3393.0,3398.0,17,10972,10964
2022-10-28 13:00:00.000000000,1666933200000000000,3398.0,3403.0,3393.0,3400.0,118,10964,11077
2022-10-28 14:00:00.000000000,1666936800000000000,3400.0,3405.0,3389.0,3393.0,69,11077,11093
2022-10-28 21:00:00.000000000,1666962000000000000,3395.0,3403.0,3370.0,3370.0,65,11093,11116
2022-10-28 22:00:00.000000000,1666965600000000000,3370.0,3374.0,3315.0,3315.0,152,11116,11174
2022-10-31 09:00:00.000000000,1667178000000000000,3315.0,3360.0,3315.0,3327.0,182,11174,11196
2022-10-31 10:00:00.000000000,1667181600000000000,3327.0,3345.0,3327.0,3345.0,52,11196,11206
2022-10-31 11:00:00.000000000,1667185200000000000,3345.0,3345.0,3332.0,3332.0,9,11206,11207
2022-10-31 13:00:00.000000000,1667192400000000000,3332.0,3333.0,3320.0,3329.0,71,11207,11220
2022-10-31 14:00:00.000000000,1667196000000000000,3329.0,3330.0,3301.0,3302.0,140,11220,11218
2022-10-31 21:00:00.000000000,1667221200000000000,3302.0,3335.0,3297.0,3320.0,227,11218,11218
2022-10-31 22:00:00.000000000,1667224800000000000,3320.0,3332.0,3318.0,3332.0,35,11218,11220
2022-11-01 09:00:00.000000000,1667264400000000000,3332.0,3351.0,3332.0,3335.0,37,11220,11208
2022-11-01 10:00:00.000000000,1667268000000000000,3335.0,3360.0,3335.0,3357.0,77,11208,11181
2022-11-01 11:00:00.000000000,1667271600000000000,3357.0,3357.0,3340.0,3340.0,18,11181,11179
2022-11-01 13:00:00.000000000,1667278800000000000,3340.0,3363.0,3340.0,3363.0,49,11179,11153
2022-11-01 14:00:00.000000000,1667282400000000000,3363.0,3399.0,3363.0,3394.0,410,11153,11050
2022-11-01 21:00:00.000000000,1667307600000000000,3394.0,3396.0,3369.0,3380.0,919,11050,11795
2022-11-01 22:00:00.000000000,1667311200000000000,3380.0,3385.0,3370.0,3385.0,47,11795,11793
2022-11-02 09:00:00.000000000,1667350800000000000,3385.0,3390.0,3373.0,3376.0,49,11793,11786
2022-11-02 10:00:00.000000000,1667354400000000000,3376.0,3395.0,3369.0,3392.0,87,11786,11788
2022-11-02 11:00:00.000000000,1667358000000000000,3392.0,3407.0,3389.0,3400.0,94,11788,11739
2022-11-02 13:00:00.000000000,1667365200000000000,3400.0,3428.0,3396.0,3410.0,1068,11739,12726
2022-11-02 14:00:00.000000000,1667368800000000000,3410.0,3410.0,3380.0,3390.0,1066,12726,13731
2022-11-02 21:00:00.000000000,1667394000000000000,3386.0,3397.0,3383.0,3393.0,58,13731,13740
2022-11-02 22:00:00.000000000,1667397600000000000,3393.0,3400.0,3390.0,3400.0,64,13740,13725
2022-11-03 09:00:00.000000000,1667437200000000000,3400.0,3410.0,3380.0,3380.0,73,13725,13742
2022-11-03 10:00:00.000000000,1667440800000000000,3380.0,3390.0,3380.0,3387.0,19,13742,13750
2022-11-03 11:00:00.000000000,1667444400000000000,3387.0,3400.0,3387.0,3400.0,10,13750,13746
2022-11-03 13:00:00.000000000,1667451600000000000,3400.0,3416.0,3400.0,3408.0,57,13746,13730
2022-11-03 14:00:00.000000000,1667455200000000000,3408.0,3414.0,3395.0,3400.0,31,13730,13735
2022-11-03 21:00:00.000000000,1667480400000000000,3400.0,3402.0,3387.0,3390.0,1491,13735,14681
2022-11-03 22:00:00.000000000,1667484000000000000,3390.0,3410.0,3390.0,3405.0,32,14681,14680
2022-11-04 09:00:00.000000000,1667523600000000000,3405.0,3423.0,3400.0,3421.0,41,14680,14670
2022-11-04 10:00:00.000000000,1667527200000000000,3421.0,3438.0,3416.0,3433.0,44,14670,14654
2022-11-04 11:00:00.000000000,1667530800000000000,3433.0,3447.0,3429.0,3436.0,10,14654,14649
2022-11-04 13:00:00.000000000,1667538000000000000,3436.0,3464.0,3436.0,3453.0,39,14649,14637
2022-11-04 14:00:00.000000000,1667541600000000000,3453.0,3467.0,3438.0,3444.0,107,14637,14582
2022-11-04 21:00:00.000000000,1667566800000000000,3476.0,3484.0,3463.0,3470.0,71,14582,14567
2022-11-04 22:00:00.000000000,1667570400000000000,3470.0,3492.0,3469.0,3492.0,63,14567,14547
2022-11-07 09:00:00.000000000,1667782800000000000,3492.0,3492.0,3431.0,3453.0,59,14547,14563
2022-11-07 10:00:00.000000000,1667786400000000000,3453.0,3458.0,3433.0,3441.0,32,14563,14550
2022-11-07 11:00:00.000000000,1667790000000000000,3441.0,3441.0,3440.0,3440.0,2,14550,14551
2022-11-07 13:00:00.000000000,1667797200000000000,3440.0,3451.0,3436.0,3436.0,15,14551,14545
2022-11-07 14:00:00.000000000,1667800800000000000,3436.0,3469.0,3436.0,3460.0,39,14545,14538
2022-11-07 21:00:00.000000000,1667826000000000000,3460.0,3476.0,3453.0,3465.0,557,14538,15063
2022-11-07 22:00:00.000000000,1667829600000000000,3465.0,3467.0,3447.0,3447.0,58,15063,15066
2022-11-08 09:00:00.000000000,1667869200000000000,3447.0,3457.0,3441.0,3456.0,45,15066,15084
2022-11-08 10:00:00.000000000,1667872800000000000,3456.0,3456.0,3446.0,3454.0,13,15084,15085
2022-11-08 11:00:00.000000000,1667876400000000000,3454.0,3456.0,3454.0,3456.0,15,15085,15074
2022-11-08 13:00:00.000000000,1667883600000000000,3456.0,3456.0,3449.0,3449.0,5,15074,15078
2022-11-08 14:00:00.000000000,1667887200000000000,3449.0,3493.0,3449.0,3491.0,142,15078,15034
2022-11-08 21:00:00.000000000,1667912400000000000,3491.0,3520.0,3491.0,3518.0,223,15034,15188
2022-11-08 22:00:00.000000000,1667916000000000000,3518.0,3527.0,3509.0,3512.0,25,15188,15179
2022-11-09 09:00:00.000000000,1667955600000000000,3512.0,3518.0,3501.0,3502.0,70,15179,15187
2022-11-09 10:00:00.000000000,1667959200000000000,3502.0,3523.0,3502.0,3515.0,229,15187,15359
2022-11-09 11:00:00.000000000,1667962800000000000,3515.0,3529.0,3515.0,3520.0,28,15359,15358
2022-11-09 13:00:00.000000000,1667970000000000000,3518.0,3528.0,3515.0,3521.0,527,15358,15856
2022-11-09 14:00:00.000000000,1667973600000000000,3521.0,3530.0,3520.0,3522.0,41,15856,15845
2022-11-09 21:00:00.000000000,1667998800000000000,3522.0,3522.0,3478.0,3484.0,2050,15845,17845
2022-11-09 22:00:00.000000000,1668002400000000000,3484.0,3493.0,3484.0,3485.0,6,17845,17844
2022-11-10 09:00:00.000000000,1668042000000000000,3480.0,3498.0,3480.0,3491.0,35,17844,17857
2022-11-10 10:00:00.000000000,1668045600000000000,3491.0,3502.0,3491.0,3502.0,11,17857,17858
2022-11-10 11:00:00.000000000,1668049200000000000,3502.0,3519.0,3502.0,3519.0,30,17858,17860
2022-11-10 13:00:00.000000000,1668056400000000000,3519.0,3519.0,3478.0,3479.0,331,17860,18145
2022-11-10 14:00:00.000000000,1668060000000000000,3479.0,3491.0,3475.0,3484.0,179,18145,18278
2022-11-10 21:00:00.000000000,1668085200000000000,3484.0,3530.0,3469.0,3525.0,2717,18278,20803
2022-11-10 22:00:00.000000000,1668088800000000000,3525.0,3528.0,3515.0,3525.0,249,20803,20763
2022-11-11 09:00:00.000000000,1668128400000000000,3531.0,3573.0,3524.0,3560.0,401,20763,20675
2022-11-11 10:00:00.000000000,1668132000000000000,3560.0,3562.0,3556.0,3557.0,87,20675,20625
2022-11-11 11:00:00.000000000,1668135600000000000,3557.0,3566.0,3553.0,3566.0,23,20625,20620
2022-11-11 13:00:00.000000000,1668142800000000000,3567.0,3588.0,3566.0,3588.0,248,20620,20412
2022-11-11 14:00:00.000000000,1668146400000000000,3588.0,3596.0,3568.0,3568.0,216,20412,20344
2022-11-11 21:00:00.000000000,1668171600000000000,3568.0,3588.0,3563.0,3588.0,4663,20344,24978
2022-11-11 22:00:00.000000000,1668175200000000000,3588.0,3590.0,3573.0,3583.0,20,24978,24981
2022-11-14 09:00:00.000000000,1668387600000000000,3594.0,3639.0,3594.0,3610.0,209,24981,24914
2022-11-14 10:00:00.000000000,1668391200000000000,3610.0,3617.0,3595.0,3617.0,73,24914,24876
2022-11-14 11:00:00.000000000,1668394800000000000,3617.0,3618.0,3599.0,3599.0,19,24876,24867
2022-11-14 13:00:00.000000000,1668402000000000000,3599.0,3600.0,3585.0,3585.0,52,24867,24846
2022-11-14 14:00:00.000000000,1668405600000000000,3585.0,3597.0,3583.0,3591.0,32,24846,24854
2022-11-14 21:00:00.000000000,1668430800000000000,3623.0,3623.0,3582.0,3607.0,821,24854,25653
2022-11-14 22:00:00.000000000,1668434400000000000,3607.0,3607.0,3591.0,3607.0,47,25653,25655
2022-11-15 09:00:00.000000000,1668474000000000000,3607.0,3610.0,3590.0,3604.0,47,25655,25668
2022-11-15 10:00:00.000000000,1668477600000000000,3604.0,3615.0,3602.0,3615.0,51,25668,25675
2022-11-15 11:00:00.000000000,1668481200000000000,3615.0,3615.0,3606.0,3612.0,39,25675,25684
2022-11-15 13:00:00.000000000,1668488400000000000,3613.0,3613.0,3600.0,3601.0,37,25684,25703
2022-11-15 14:00:00.000000000,1668492000000000000,3601.0,3621.0,3601.0,3621.0,92,25703,25698
2022-11-15 21:00:00.000000000,1668517200000000000,3623.0,3658.0,3623.0,3638.0,128,25698,25660
2022-11-15 22:00:00.000000000,1668520800000000000,3638.0,3655.0,3634.0,3642.0,4082,25660,29676
2022-11-16 09:00:00.000000000,1668560400000000000,3642.0,3664.0,3642.0,3647.0,108,29676,29705
2022-11-16 10:00:00.000000000,1668564000000000000,3647.0,3663.0,3643.0,3660.0,30,29705,29701
2022-11-16 11:00:00.000000000,1668567600000000000,3660.0,3678.0,3657.0,3678.0,69,29701,29718
2022-11-16 13:00:00.000000000,1668574800000000000,3678.0,3680.0,3670.0,3670.0,27,29718,29709
2022-11-16 14:00:00.000000000,1668578400000000000,3670.0,3677.0,3664.0,3670.0,160,29709,29764
2022-11-16 21:00:00.000000000,1668603600000000000,3670.0,3673.0,3618.0,3618.0,119,29764,29752
2022-11-16 22:00:00.000000000,1668607200000000000,3618.0,3645.0,3607.0,3610.0,179,29752,29718
2022-11-17 09:00:00.000000000,1668646800000000000,3610.0,3636.0,3600.0,3621.0,130,29718,29741
2022-11-17 10:00:00.000000000,1668650400000000000,3621.0,3629.0,3621.0,3624.0,18,29741,29741
2022-11-17 11:00:00.000000000,1668654000000000000,3624.0,3624.0,3606.0,3607.0,25,29741,29733
2022-11-17 13:00:00.000000000,1668661200000000000,3607.0,3615.0,3599.0,3608.0,51,29733,29739
2022-11-17 14:00:00.000000000,1668664800000000000,3608.0,3646.0,3596.0,3646.0,73,29739,29737
2022-11-17 21:00:00.000000000,1668690000000000000,3646.0,3649.0,3630.0,3640.0,107,29737,29688
2022-11-17 22:00:00.000000000,1668693600000000000,3640.0,3645.0,3621.0,3645.0,55,29688,29720
2022-11-18 09:00:00.000000000,1668733200000000000,3645.0,3646.0,3625.0,3625.0,104,29720,29675
2022-11-18 10:00:00.000000000,1668736800000000000,3625.0,3658.0,3625.0,3636.0,31,29675,29671
2022-11-18 11:00:00.000000000,1668740400000000000,3636.0,3642.0,3626.0,3642.0,224,29671,29529
2022-11-18 13:00:00.000000000,1668747600000000000,3642.0,3648.0,3633.0,3638.0,23,29529,29537
2022-11-18 14:00:00.000000000,1668751200000000000,3638.0,3640.0,3630.0,3630.0,16,29537,29536
2022-11-18 21:00:00.000000000,1668776400000000000,3630.0,3636.0,3604.0,3612.0,525,29536,30039
2022-11-18 22:00:00.000000000,1668780000000000000,3612.0,3618.0,3599.0,3615.0,58,30039,30037
2022-11-21 09:00:00.000000000,1668992400000000000,3600.0,3600.0,3550.0,3565.0,148,30037,30024
2022-11-21 10:00:00.000000000,1668996000000000000,3565.0,3565.0,3553.0,3558.0,29,30024,30037
2022-11-21 11:00:00.000000000,1668999600000000000,3558.0,3573.0,3553.0,3573.0,9,30037,30037
2022-11-21 13:00:00.000000000,1669006800000000000,3573.0,3586.0,3568.0,3580.0,10,30037,30033
2022-11-21 14:00:00.000000000,1669010400000000000,3580.0,3597.0,3580.0,3588.0,22,30033,30031
2022-11-21 21:00:00.000000000,1669035600000000000,3588.0,3619.0,3588.0,3599.0,557,30031,30536
2022-11-21 22:00:00.000000000,1669039200000000000,3599.0,3603.0,3579.0,3588.0,25,30536,30546
2022-11-22 09:00:00.000000000,1669078800000000000,3588.0,3597.0,3580.0,3584.0,16,30546,30550
2022-11-22 10:00:00.000000000,1669082400000000000,3584.0,3599.0,3554.0,3599.0,35,30550,30549
2022-11-22 11:00:00.000000000,1669086000000000000,3599.0,3602.0,3590.0,3602.0,7,30549,30545
2022-11-22 13:00:00.000000000,1669093200000000000,3602.0,3602.0,3587.0,3587.0,6,30545,30546
2022-11-22 14:00:00.000000000,1669096800000000000,3587.0,3587.0,3564.0,3576.0,30,30546,30558
2022-11-22 21:00:00.000000000,1669122000000000000,3576.0,3578.0,3560.0,3578.0,3517,30558,34059
2022-11-22 22:00:00.000000000,1669125600000000000,3578.0,3590.0,3578.0,3587.0,10,34059,34057
2022-11-23 09:00:00.000000000,1669165200000000000,3587.0,3587.0,3567.0,3575.0,18,34057,34062
2022-11-23 10:00:00.000000000,1669168800000000000,3575.0,3575.0,3550.0,3558.0,26,34062,34075
2022-11-23 11:00:00.000000000,1669172400000000000,3558.0,3566.0,3556.0,3562.0,10,34075,34072
2022-11-23 13:00:00.000000000,1669179600000000000,3562.0,3573.0,3555.0,3573.0,5,34072,34072
2022-11-23 14:00:00.000000000,1669183200000000000,3573.0,3585.0,3573.0,3577.0,18,34072,34068
2022-11-23 21:00:00.000000000,1669208400000000000,3577.0,3585.0,3565.0,3584.0,1022,34068,35074
2022-11-23 22:00:00.000000000,1669212000000000000,3584.0,3616.0,3577.0,3594.0,31,35074,35079
2022-11-24 09:00:00.000000000,1669251600000000000,3594.0,3620.0,3594.0,3610.0,71,35079,35074
2022-11-24 10:00:00.000000000,1669255200000000000,3610.0,3610.0,3610.0,3610.0,0,35074,35074
2022-11-24 11:00:00.000000000,1669258800000000000,3610.0,3610.0,3592.0,3592.0,13,35074,35078
2022-11-24 13:00:00.000000000,1669266000000000000,3592.0,3593.0,3584.0,3584.0,4,35078,35078
2022-11-24 14:00:00.000000000,1669269600000000000,3584.0,3609.0,3584.0,3596.0,128,35078,35186
2022-11-24 21:00:00.000000000,1669294800000000000,3591.0,3591.0,3575.0,3588.0,15,35186,35184
2022-11-24 22:00:00.000000000,1669298400000000000,3588.0,3590.0,3575.0,3586.0,8,35184,35185
2022-11-25 09:00:00.000000000,1669338000000000000,3586.0,3606.0,3586.0,3606.0,18,35185,35184
2022-11-25 10:00:00.000000000,1669341600000000000,3606.0,3615.0,3602.0,3608.0,226,35184,35401
2022-11-25 11:00:00.000000000,1669345200000000000,3608.0,3608.0,3597.0,3605.0,170,35401,35343
2022-11-25 13:00:00.000000000,1669352400000000000,3605.0,3622.0,3605.0,3622.0,815,35343,34544
2022-11-25 14:00:00.000000000,1669356000000000000,3622.0,3647.0,3611.0,3636.0,29,34544,34545
2022-11-25 21:00:00.000000000,1669381200000000000,3654.0,3663.0,3635.0,3642.0,94,34545,34559
2022-11-25 22:00:00.000000000,1669384800000000000,3642.0,3663.0,3639.0,3663.0,25,34559,34555
2022-11-28 09:00:00.000000000,1669597200000000000,3663.0,3663.0,3615.0,3615.0,135,34555,34606
2022-11-28 10:00:00.000000000,1669600800000000000,3615.0,3641.0,3615.0,3635.0,38,34606,34580
2022-11-28 11:00:00.000000000,1669604400000000000,3635.0,3642.0,3635.0,3639.0,9,34580,34582
2022-11-28 13:00:00.000000000,1669611600000000000,3639.0,3639.0,3628.0,3631.0,21,34582,34597
2022-11-28 14:00:00.000000000,1669615200000000000,3631.0,3648.0,3630.0,3647.0,23,34597,34585
2022-11-28 21:00:00.000000000,1669640400000000000,3650.0,3688.0,3650.0,3685.0,182,34585,34538
2022-11-28 22:00:00.000000000,1669644000000000000,3685.0,3700.0,3677.0,3692.0,104,34538,34517
2022-11-29 09:00:00.000000000,1669683600000000000,3692.0,3723.0,3692.0,3703.0,83,34517,34481
2022-11-29 10:00:00.000000000,1669687200000000000,3703.0,3708.0,3683.0,3689.0,24,34481,34480
2022-11-29 11:00:00.000000000,1669690800000000000,3689.0,3706.0,3683.0,3706.0,48,34480,34475
2022-11-29 13:00:00.000000000,1669698000000000000,3706.0,3714.0,3702.0,3709.0,7,34475,34477
2022-11-29 14:00:00.000000000,1669701600000000000,3709.0,3709.0,3696.0,3696.0,36,34477,34500
2022-11-29 21:00:00.000000000,1669726800000000000,3696.0,3699.0,3675.0,3692.0,806,34500,33799
2022-11-29 22:00:00.000000000,1669730400000000000,3692.0,3701.0,3688.0,3701.0,12,33799,33801
2022-11-30 09:00:00.000000000,1669770000000000000,3686.0,3716.0,3686.0,3694.0,51,33801,33783
2022-11-30 10:00:00.000000000,1669773600000000000,3694.0,3698.0,3694.0,3698.0,1,33783,33783
2022-11-30 11:00:00.000000000,1669777200000000000,3698.0,3698.0,3695.0,3695.0,2,33783,33782
2022-11-30 13:00:00.000000000,1669784400000000000,3695.0,3695.0,3667.0,3668.0,36,33782,33780
2022-11-30 14:00:00.000000000,1669788000000000000,3668.0,3685.0,3666.0,3683.0,34,33780,33775
2022-11-30 21:00:00.000000000,1669813200000000000,3683.0,3718.0,3683.0,3709.0,291,33775,34007
2022-11-30 22:00:00.000000000,1669816800000000000,3709.0,3716.0,3701.0,3712.0,42,34007,34009
2022-12-01 09:00:00.000000000,1669856400000000000,3712.0,3733.0,3708.0,3715.0,1347,34009,32750
2022-12-01 10:00:00.000000000,1669860000000000000,3715.0,3715.0,3688.0,3696.0,670,32750,32144
2022-12-01 11:00:00.000000000,1669863600000000000,3696.0,3696.0,3680.0,3680.0,21,32144,32149
2022-12-01 13:00:00.000000000,1669870800000000000,3680.0,3699.0,3680.0,3698.0,6,32149,32146
2022-12-01 14:00:00.000000000,1669874400000000000,3698.0,3705.0,3692.0,3692.0,6,32146,32144
2022-12-01 21:00:00.000000000,1669899600000000000,3692.0,3711.0,3692.0,3700.0,533,32144,32649
2022-12-01 22:00:00.000000000,1669903200000000000,3700.0,3712.0,3700.0,3707.0,10,32649,32647
2022-12-02 09:00:00.000000000,1669942800000000000,3707.0,3743.0,3699.0,3740.0,70,32647,32647
2022-12-02 10:00:00.000000000,1669946400000000000,3740.0,3767.0,3740.0,3766.0,153,32647,32599
2022-12-02 11:00:00.000000000,1669950000000000000,3766.0,3774.0,3761.0,3763.0,44,32599,32595
2022-12-02 13:00:00.000000000,1669957200000000000,3763.0,3781.0,3760.0,3781.0,59,32595,32618
2022-12-02 14:00:00.000000000,1669960800000000000,3781.0,3786.0,3762.0,3773.0,59,32618,32625
2022-12-02 21:00:00.000000000,1669986000000000000,3776.0,3789.0,3771.0,3776.0,310,32625,32798
2022-12-02 22:00:00.000000000,1669989600000000000,3776.0,3801.0,3769.0,3794.0,47,32798,32802
2022-12-05 09:00:00.000000000,1670202000000000000,3794.0,3850.0,3794.0,3825.0,166,32802,32807
2022-12-05 10:00:00.000000000,1670205600000000000,3825.0,3826.0,3815.0,3820.0,20,32807,32808
2022-12-05 11:00:00.000000000,1670209200000000000,3820.0,3821.0,3809.0,3810.0,221,32808,32611
2022-12-05 13:00:00.000000000,1670216400000000000,3810.0,3820.0,3790.0,3790.0,854,32611,31807
2022-12-05 14:00:00.000000000,1670220000000000000,3790.0,3796.0,3770.0,3783.0,549,31807,31305
2022-12-05 21:00:00.000000000,1670245200000000000,3783.0,3785.0,3770.0,3772.0,113,31305,31251
2022-12-05 22:00:00.000000000,1670248800000000000,3772.0,3786.0,3764.0,3781.0,2091,31251,29271
2022-12-06 09:00:00.000000000,1670288400000000000,3781.0,3794.0,3768.0,3785.0,24,29271,29271
2022-12-06 10:00:00.000000000,1670292000000000000,3785.0,3800.0,3778.0,3778.0,16,29271,29271
2022-12-06 11:00:00.000000000,1670295600000000000,3778.0,3783.0,3770.0,3770.0,12,29271,29274
2022-12-06 13:00:00.000000000,1670302800000000000,3770.0,3784.0,3770.0,3782.0,4,29274,29277
2022-12-06 14:00:00.000000000,1670306400000000000,3782.0,3788.0,3775.0,3779.0,23,29277,29277
2022-12-06 21:00:00.000000000,1670331600000000000,3785.0,3799.0,3782.0,3787.0,31,29277,29277
2022-12-06 22:00:00.000000000,1670335200000000000,3787.0,3812.0,3787.0,3802.0,57,29277,29271
2022-12-07 09:00:00.000000000,1670374800000000000,3802.0,3804.0,3781.0,3792.0,23,29271,29277
2022-12-07 10:00:00.000000000,1670378400000000000,3792.0,3807.0,3786.0,3805.0,228,29277,29475
2022-12-07 11:00:00.000000000,1670382000000000000,3805.0,3805.0,3781.0,3784.0,255,29475,29225
2022-12-07 13:00:00.000000000,1670389200000000000,3796.0,3808.0,3775.0,3777.0,1550,29225,27722
2022-12-07 14:00:00.000000000,1670392800000000000,3777.0,3777.0,3752.0,3776.0,73,27722,27713
2022-12-07 21:00:00.000000000,1670418000000000000,3775.0,3786.0,3766.0,3772.0,604,27713,27224
2022-12-07 22:00:00.000000000,1670421600000000000,3772.0,3784.0,3769.0,3782.0,60,27224,27213
2022-12-08 09:00:00.000000000,1670461200000000000,3782.0,3797.0,3782.0,3797.0,159,27213,27118
2022-12-08 10:00:00.000000000,1670464800000000000,3797.0,3801.0,3787.0,3801.0,39,27118,27119
2022-12-08 11:00:00.000000000,1670468400000000000,3801.0,3810.0,3796.0,3796.0,38,27119,27118
2022-12-08 13:00:00.000000000,1670475600000000000,3796.0,3807.0,3795.0,3807.0,8,27118,27116
2022-12-08 14:00:00.000000000,1670479200000000000,3807.0,3824.0,3798.0,3812.0,1552,27116,25610
2022-12-08 21:00:00.000000000,1670504400000000000,3838.0,3859.0,3834.0,3855.0,67,25610,25613
2022-12-08 22:00:00.000000000,1670508000000000000,3855.0,3863.0,3843.0,3863.0,65,25613,25634
2022-12-09 09:00:00.000000000,1670547600000000000,3863.0,3880.0,3848.0,3880.0,77,25634,25644
2022-12-09 10:00:00.000000000,1670551200000000000,3880.0,3900.0,3880.0,3900.0,69,25644,25663
2022-12-09 11:00:00.000000000,1670554800000000000,3900.0,3908.0,3896.0,3898.0,21,25663,25662
2022-12-09 13:00:00.000000000,1670562000000000000,3898.0,3931.0,3896.0,3920.0,70,25662,25652
2022-12-09 14:00:00.000000000,1670565600000000000,3920.0,3930.0,3894.0,3915.0,111,25652,25648
2022-12-09 21:00:00.000000000,1670590800000000000,3955.0,3955.0,3905.0,3925.0,981,25648,25472
2022-12-09 22:00:00.000000000,1670594400000000000,3925.0,3958.0,3925.0,3942.0,88,25472,25462
2022-12-12 09:00:00.000000000,1670806800000000000,3942.0,3947.0,3910.0,3920.0,321,25462,25492
2022-12-12 10:00:00.000000000,1670810400000000000,3920.0,3926.0,3897.0,3897.0,134,25492,25487
2022-12-12 11:00:00.000000000,1670814000000000000,3897.0,3922.0,3896.0,3918.0,77,25487,25492
2022-12-12 13:00:00.000000000,1670821200000000000,3918.0,3919.0,3912.0,3914.0,20,25492,25497
2022-12-12 14:00:00.000000000,1670824800000000000,3914.0,3923.0,3908.0,3914.0,98,25497,25481
2022-12-12 21:00:00.000000000,1670850000000000000,3914.0,3933.0,3901.0,3913.0,666,25481,26073
2022-12-12 22:00:00.000000000,1670853600000000000,3913.0,3917.0,3906.0,3906.0,10,26073,26078
2022-12-13 09:00:00.000000000,1670893200000000000,3906.0,3917.0,3896.0,3906.0,41,26078,26084
2022-12-13 10:00:00.000000000,1670896800000000000,3906.0,3912.0,3900.0,3900.0,27,26084,26095
2022-12-13 11:00:00.000000000,1670900400000000000,3900.0,3905.0,3890.0,3896.0,24,26095,26097
2022-12-13 13:00:00.000000000,1670907600000000000,3896.0,3907.0,3896.0,3903.0,34,26097,26090
2022-12-13 14:00:00.000000000,1670911200000000000,3903.0,3909.0,3891.0,3909.0,95,26090,26077
2022-12-13 21:00:00.000000000,1670936400000000000,3909.0,3942.0,3909.0,3928.0,815,26077,26389
2022-12-13 22:00:00.000000000,1670940000000000000,3928.0,3933.0,3903.0,3923.0,35,26389,26388
2022-12-14 09:00:00.000000000,1670979600000000000,3923.0,3923.0,3905.0,3906.0,32,26388,26394
2022-12-14 10:00:00.000000000,1670983200000000000,3906.0,3920.0,3906.0,3919.0,20,26394,26400
2022-12-14 11:00:00.000000000,1670986800000000000,3919.0,3931.0,3915.0,3931.0,11,26400,26395
2022-12-14 13:00:00.000000000,1670994000000000000,3931.0,3942.0,3931.0,3942.0,75,26395,26407
2022-12-14 14:00:00.000000000,1670997600000000000,3942.0,3967.0,3942.0,3967.0,101,26407,26423
2022-12-14 21:00:00.000000000,1671022800000000000,3997.0,4022.0,3964.0,4019.0,106,26423,26444
2022-12-14 22:00:00.000000000,1671026400000000000,4019.0,4027.0,3994.0,4015.0,98,26444,26450
2022-12-15 09:00:00.000000000,1671066000000000000,4021.0,4027.0,3999.0,3999.0,134,26450,26467
2022-12-15 10:00:00.000000000,1671069600000000000,3999.0,4012.0,3990.0,4007.0,38,26467,26459
2022-12-15 11:00:00.000000000,1671073200000000000,4007.0,4007.0,3990.0,4005.0,19,26459,26468
2022-12-15 13:00:00.000000000,1671080400000000000,4005.0,4020.0,4001.0,4020.0,69,26468,26475
2022-12-15 14:00:00.000000000,1671084000000000000,4020.0,4057.0,4016.0,4047.0,73,26475,26487
2022-12-15 21:00:00.000000000,1671109200000000000,4079.0,4104.0,4059.0,4104.0,722,26487,26856
2022-12-15 22:00:00.000000000,1671112800000000000,4104.0,4123.0,4104.0,4119.0,62,26856,26862
2022-12-16 09:00:00.000000000,1671152400000000000,4119.0,4119.0,4040.0,4053.0,250,26862,26854
2022-12-16 10:00:00.000000000,1671156000000000000,4053.0,4063.0,4046.0,4053.0,30,26854,26861
2022-12-16 11:00:00.000000000,1671159600000000000,4053.0,4053.0,3973.0,3982.0,97,26861,26872
2022-12-16 13:00:00.000000000,1671166800000000000,3982.0,4006.0,3968.0,4006.0,116,26872,26857
2022-12-16 14:00:00.000000000,1671170400000000000,4006.0,4042.0,3999.0,4027.0,80,26857,26844
2022-12-16 21:00:00.000000000,1671195600000000000,4027.0,4027.0,3930.0,3931.0,1723,26844,25320
2022-12-16 22:00:00.000000000,1671199200000000000,3931.0,3947.0,3917.0,3940.0,103,25320,25316
2022-12-19 09:00:00.000000000,1671411600000000000,3940.0,3976.0,3935.0,3956.0,92,25316,25320
2022-12-19 10:00:00.000000000,1671415200000000000,3956.0,3972.0,3927.0,3927.0,33,25320,25322
2022-12-19 11:00:00.000000000,1671418800000000000,3927.0,3950.0,3924.0,3934.0,62,25322,25308
2022-12-19 13:00:00.000000000,1671426000000000000,3934.0,3938.0,3929.0,3938.0,16,25308,25305
2022-12-19 14:00:00.000000000,1671429600000000000,3938.0,3938.0,3901.0,3919.0,71,25305,25319
2022-12-19 21:00:00.000000000,1671454800000000000,3915.0,3925.0,3886.0,3910.0,126,25319,25332
2022-12-19 22:00:00.000000000,1671458400000000000,3910.0,3922.0,3899.0,3916.0,33,25332,25334
2022-12-20 09:00:00.000000000,1671498000000000000,3916.0,3947.0,3908.0,3947.0,297,25334,25310
2022-12-20 10:00:00.000000000,1671501600000000000,3947.0,3947.0,3924.0,3940.0,95,25310,25310
2022-12-20 11:00:00.000000000,1671505200000000000,3940.0,3940.0,3921.0,3924.0,31,25310,25322
2022-12-20 13:00:00.000000000,1671512400000000000,3924.0,3924.0,3899.0,3901.0,149,25322,25417
2022-12-20 14:00:00.000000000,1671516000000000000,3901.0,3941.0,3901.0,3923.0,202,25417,25322
2022-12-20 21:00:00.000000000,1671541200000000000,3923.0,3942.0,3922.0,3929.0,522,25322,25762
2022-12-20 22:00:00.000000000,1671544800000000000,3929.0,3929.0,3913.0,3929.0,29,25762,25766
2022-12-21 09:00:00.000000000,1671584400000000000,3929.0,3974.0,3924.0,3959.0,181,25766,25778
2022-12-21 10:00:00.000000000,1671588000000000000,3959.0,3977.0,3958.0,3977.0,45,25778,25785
2022-12-21 11:00:00.000000000,1671591600000000000,3977.0,3977.0,3960.0,3960.0,35,25785,25790
2022-12-21 13:00:00.000000000,1671598800000000000,3960.0,3973.0,3960.0,3971.0,28,25790,25783
2022-12-21 14:00:00.000000000,1671602400000000000,3971.0,4016.0,3969.0,4008.0,529,25783,26184
2022-12-21 21:00:00.000000000,1671627600000000000,4008.0,4046.0,3998.0,4020.0,326,26184,26014
2022-12-21 22:00:00.000000000,1671631200000000000,4020.0,4020.0,4000.0,4000.0,75,26014,26006
2022-12-22 09:00:00.000000000,1671670800000000000,4000.0,4009.0,3987.0,3995.0,37,26006,26007
2022-12-22 10:00:00.000000000,1671674400000000000,3995.0,4012.0,3967.0,3969.0,30,26007,26002
2022-12-22 11:00:00.000000000,1671678000000000000,3969.0,3977.0,3951.0,3977.0,21,26002,26008
2022-12-22 13:00:00.000000000,1671685200000000000,3977.0,3977.0,3964.0,3970.0,12,26008,26008
2022-12-22 14:00:00.000000000,1671688800000000000,3970.0,3970.0,3941.0,3946.0,48,26008,26011
2022-12-22 21:00:00.000000000,1671714000000000000,3946.0,3970.0,3929.0,3932.0,661,26011,26614
2022-12-22 22:00:00.000000000,1671717600000000000,3932.0,3947.0,3919.0,3922.0,14,26614,26617
2022-12-23 09:00:00.000000000,1671757200000000000,3922.0,3970.0,3922.0,3970.0,47,26617,26628
2022-12-23 10:00:00.000000000,1671760800000000000,3970.0,3991.0,3968.0,3987.0,46,26628,26630
2022-12-23 11:00:00.000000000,1671764400000000000,3987.0,3996.0,3987.0,3989.0,33,26630,26640
2022-12-23 13:00:00.000000000,1671771600000000000,3987.0,3987.0,3973.0,3980.0,73,26640,26622
2022-12-23 14:00:00.000000000,1671775200000000000,3980.0,3991.0,3968.0,3990.0,51,26622,26616
2022-12-23 21:00:00.000000000,1671800400000000000,3990.0,3994.0,3981.0,3985.0,1011,26616,25619
2022-12-23 22:00:00.000000000,1671804000000000000,3985.0,3992.0,3952.0,3952.0,56,25619,25607
2022-12-26 09:00:00.000000000,1672016400000000000,3952.0,3957.0,3930.0,3939.0,110,25607,25633
2022-12-26 10:00:00.000000000,1672020000000000000,3939.0,3976.0,3939.0,3975.0,216,25633,25644
2022-12-26 11:00:00.000000000,1672023600000000000,3975.0,4000.0,3975.0,3999.0,32,25644,25640
2022-12-26 13:00:00.000000000,1672030800000000000,3999.0,4000.0,3991.0,3992.0,410,25640,25243
2022-12-26 14:00:00.000000000,1672034400000000000,3992.0,3999.0,3985.0,3989.0,29,25243,25242
2022-12-26 21:00:00.000000000,1672059600000000000,3989.0,4020.0,3983.0,3989.0,3554,25242,21736
2022-12-26 22:00:00.000000000,1672063200000000000,3989.0,4015.0,3989.0,4003.0,19,21736,21736
2022-12-27 09:00:00.000000000,1672102800000000000,4003.0,4049.0,4003.0,4046.0,104,21736,21738
2022-12-27 10:00:00.000000000,1672106400000000000,4046.0,4060.0,4043.0,4055.0,43,21738,21743
2022-12-27 11:00:00.000000000,1672110000000000000,4055.0,4055.0,4038.0,4044.0,20,21743,21742
2022-12-27 13:00:00.000000000,1672117200000000000,4044.0,4051.0,4042.0,4051.0,19,21742,21740
2022-12-27 14:00:00.000000000,1672120800000000000,4051.0,4052.0,4036.0,4050.0,50,21740,21741
2022-12-27 21:00:00.000000000,1672146000000000000,4084.0,4084.0,4042.0,4048.0,306,21741,21468
2022-12-27 22:00:00.000000000,1672149600000000000,4048.0,4052.0,4007.0,4021.0,51,21468,21472
2022-12-28 09:00:00.000000000,1672189200000000000,4021.0,4028.0,4003.0,4021.0,50,21472,21467
2022-12-28 10:00:00.000000000,1672192800000000000,4021.0,4041.0,4021.0,4027.0,28,21467,21478
2022-12-28 11:00:00.000000000,1672196400000000000,4027.0,4041.0,4027.0,4041.0,20,21478,21472
2022-12-28 13:00:00.000000000,1672203600000000000,4041.0,4041.0,4026.0,4026.0,30,21472,21471
2022-12-28 14:00:00.000000000,1672207200000000000,4026.0,4046.0,4024.0,4036.0,30,21471,21469
2022-12-28 21:00:00.000000000,1672232400000000000,4036.0,4050.0,3987.0,4000.0,77,21469,21459
2022-12-28 22:00:00.000000000,1672236000000000000,4000.0,4010.0,3997.0,3997.0,512,21459,20973
2022-12-29 09:00:00.000000000,1672275600000000000,3997.0,4016.0,3997.0,4005.0,23,20973,20972
2022-12-29 10:00:00.000000000,1672279200000000000,4005.0,4012.0,3999.0,4012.0,15,20972,20977
2022-12-29 11:00:00.000000000,1672282800000000000,4012.0,4042.0,4012.0,4035.0,36,20977,20974
2022-12-29 13:00:00.000000000,1672290000000000000,4035.0,4035.0,4010.0,4030.0,26,20974,20982
2022-12-29 14:00:00.000000000,1672293600000000000,4030.0,4038.0,4026.0,4031.0,28,20982,20977
2022-12-29 21:00:00.000000000,1672318800000000000,4052.0,4057.0,4036.0,4050.0,75,20977,20982
2022-12-29 22:00:00.000000000,1672322400000000000,4050.0,4089.0,4043.0,4051.0,120,20982,20993
2022-12-30 09:00:00.000000000,1672362000000000000,4051.0,4081.0,4051.0,4068.0,79,20993,20992
2022-12-30 10:00:00.000000000,1672365600000000000,4068.0,4082.0,4066.0,4082.0,22,20992,20997
2022-12-30 11:00:00.000000000,1672369200000000000,4082.0,4088.0,4073.0,4087.0,30,20997,20990
2022-12-30 13:00:00.000000000,1672376400000000000,4087.0,4103.0,4087.0,4100.0,43,20990,21003
2022-12-30 14:00:00.000000000,1672380000000000000,4100.0,4104.0,4078.0,4080.0,59,21003,21006
2023-01-03 09:00:00.000000000,1672707600000000000,4050.0,4053.0,4008.0,4027.0,174,21006,21010
2023-01-03 10:00:00.000000000,1672711200000000000,4027.0,4040.0,4024.0,4025.0,47,21010,21001
2023-01-03 11:00:00.000000000,1672714800000000000,4025.0,4035.0,4025.0,4035.0,5,21001,21002
2023-01-03 13:00:00.000000000,1672722000000000000,4035.0,4046.0,4035.0,4040.0,17,21002,21005
2023-01-03 14:00:00.000000000,1672725600000000000,4040.0,4054.0,4037.0,4037.0,69,21005,20988
2023-01-03 21:00:00.000000000,1672750800000000000,4037.0,4058.0,4037.0,4051.0,181,20988,21089
2023-01-03 22:00:00.000000000,1672754400000000000,4051.0,4055.0,4038.0,4046.0,138,21089,21065
2023-01-04 09:00:00.000000000,1672794000000000000,4046.0,4046.0,4016.0,4032.0,53,21065,21058
2023-01-04 10:00:00.000000000,1672797600000000000,4032.0,4040.0,4006.0,4010.0,156,21058,21054
2023-01-04 11:00:00.000000000,1672801200000000000,4010.0,4015.0,3993.0,4002.0,58,21054,21063
2023-01-04 13:00:00.000000000,1672808400000000000,4002.0,4007.0,3992.0,4006.0,22,21063,21066
2023-01-04 14:00:00.000000000,1672812000000000000,4006.0,4008.0,3993.0,4008.0,31,21066,21061
2023-01-04 21:00:00.000000000,1672837200000000000,4008.0,4008.0,3966.0,3985.0,3314,21061,24261
2023-01-04 22:00:00.000000000,1672840800000000000,3985.0,3989.0,3973.0,3973.0,45,24261,24254
2023-01-05 09:00:00.000000000,1672880400000000000,3973.0,3983.0,3944.0,3982.0,417,24254,24240
2023-01-05 10:00:00.000000000,1672884000000000000,3982.0,3982.0,3972.0,3973.0,82,24240,24269
2023-01-05 11:00:00.000000000,1672887600000000000,3973.0,3973.0,3950.0,3950.0,39,24269,24278
2023-01-05 13:00:00.000000000,1672894800000000000,3950.0,3989.0,3946.0,3989.0,69,24278,24257
2023-01-05 14:00:00.000000000,1672898400000000000,3989.0,3989.0,3976.0,3985.0,36,24257,24245
2023-01-05 21:00:00.000000000,1672923600000000000,4008.0,4021.0,3995.0,4000.0,4431,24245,19946
2023-01-05 22:00:00.000000000,1672927200000000000,4000.0,4012.0,3992.0,3998.0,102,19946,19928
2023-01-06 09:00:00.000000000,1672966800000000000,3998.0,4028.0,3998.0,4010.0,143,19928,19880
2023-01-06 10:00:00.000000000,1672970400000000000,4010.0,4056.0,4010.0,4054.0,126,19880,19836
2023-01-06 11:00:00.000000000,1672974000000000000,4054.0,4070.0,4049.0,4055.0,85,19836,19784
2023-01-06 13:00:00.000000000,1672981200000000000,4055.0,4068.0,4055.0,4058.0,25,19784,19787
2023-01-06 14:00:00.000000000,1672984800000000000,4058.0,4080.0,4054.0,4059.0,101,19787,19810
2023-01-06 21:00:00.000000000,1673010000000000000,4059.0,4091.0,4042.0,4086.0,3163,19810,16989
2023-01-06 22:00:00.000000000,1673013600000000000,4086.0,4096.0,4042.0,4048.0,552,16989,17053
2023-01-09 09:00:00.000000000,1673226000000000000,4048.0,4075.0,4048.0,4060.0,95,17053,17047
2023-01-09 10:00:00.000000000,1673229600000000000,4060.0,4060.0,4048.0,4048.0,68,17047,17015
2023-01-09 11:00:00.000000000,1673233200000000000,4048.0,4051.0,4037.0,4046.0,64,17015,17017
2023-01-09 13:00:00.000000000,1673240400000000000,4052.0,4062.0,4052.0,4052.0,50,17017,17029
2023-01-09 14:00:00.000000000,1673244000000000000,4052.0,4052.0,4044.0,4052.0,33,17029,17024
2023-01-09 21:00:00.000000000,1673269200000000000,4053.0,4073.0,4051.0,4057.0,1838,17024,15238
2023-01-09 22:00:00.000000000,1673272800000000000,4057.0,4070.0,4057.0,4061.0,14,15238,15242
2023-01-10 09:00:00.000000000,1673312400000000000,4061.0,4070.0,4051.0,4057.0,62,15242,15236
2023-01-10 10:00:00.000000000,1673316000000000000,4057.0,4063.0,4051.0,4063.0,64,15236,15240
2023-01-10 11:00:00.000000000,1673319600000000000,4063.0,4080.0,4063.0,4066.0,57,15240,15230
2023-01-10 13:00:00.000000000,1673326800000000000,4066.0,4084.0,4066.0,4068.0,73,15230,15238
2023-01-10 14:00:00.000000000,1673330400000000000,4068.0,4090.0,4068.0,4076.0,60,15238,15225
2023-01-10 21:00:00.000000000,1673355600000000000,4070.0,4078.0,4064.0,4075.0,67,15225,15244
2023-01-10 22:00:00.000000000,1673359200000000000,4075.0,4080.0,4070.0,4080.0,74,15244,15232
2023-01-11 09:00:00.000000000,1673398800000000000,4080.0,4103.0,4074.0,4100.0,105,15232,15237
2023-01-11 10:00:00.000000000,1673402400000000000,4100.0,4105.0,4095.0,4103.0,67,15237,15252
2023-01-11 11:00:00.000000000,1673406000000000000,4103.0,4128.0,4102.0,4120.0,53,15252,15250
2023-01-11 13:00:00.000000000,1673413200000000000,4120.0,4125.0,4111.0,4111.0,106,15250,15251
2023-01-11 14:00:00.000000000,1673416800000000000,4111.0,4131.0,4110.0,4131.0,109,15251,15269
2023-01-11 21:00:00.000000000,1673442000000000000,4129.0,4129.0,4104.0,4109.0,1085,15269,16267
2023-01-11 22:00:00.000000000,1673445600000000000,4109.0,4111.0,4058.0,4079.0,90,16267,16261
2023-01-12 09:00:00.000000000,1673485200000000000,4083.0,4104.0,4077.0,4091.0,134,16261,16331
2023-01-12 10:00:00.000000000,1673488800000000000,4091.0,4097.0,4082.0,4083.0,44,16331,16348
2023-01-12 11:00:00.000000000,1673492400000000000,4083.0,4086.0,4081.0,4086.0,17,16348,16351
2023-01-12 13:00:00.000000000,1673499600000000000,4086.0,4113.0,4086.0,4105.0,118,16351,16365
2023-01-12 14:00:00.000000000,1673503200000000000,4105.0,4111.0,4095.0,4106.0,42,16365,16376
2023-01-12 21:00:00.000000000,1673528400000000000,4106.0,4120.0,4099.0,4116.0,1139,16376,17370
2023-01-12 22:00:00.000000000,1673532000000000000,4116.0,4119.0,4085.0,4087.0,103,17370,17407
2023-01-13 09:00:00.000000000,1673571600000000000,4087.0,4139.0,4087.0,4128.0,136,17407,17367
2023-01-13 10:00:00.000000000,1673575200000000000,4128.0,4133.0,4117.0,4132.0,90,17367,17353
2023-01-13 11:00:00.000000000,1673578800000000000,4132.0,4132.0,4123.0,4125.0,14,17353,17352
2023-01-13 13:00:00.000000000,1673586000000000000,4125.0,4144.0,4125.0,4142.0,86,17352,17337
2023-01-13 14:00:00.000000000,1673589600000000000,4142.0,4142.0,4134.0,4135.0,63,17337,17323
2023-01-13 21:00:00.000000000,1673614800000000000,4135.0,4135.0,4085.0,4105.0,1232,17323,18338
2023-01-13 22:00:00.000000000,1673618400000000000,4105.0,4107.0,4102.0,4102.0,7,18338,18340
2023-01-16 09:00:00.000000000,1673830800000000000,4102.0,4102.0,4058.0,4076.0,344,18340,18505
2023-01-16 10:00:00.000000000,1673834400000000000,4076.0,4082.0,4063.0,4063.0,39,18505,18504
2023-01-16 11:00:00.000000000,1673838000000000000,4063.0,4071.0,4055.0,4069.0,37,18504,18516
2023-01-16 13:00:00.000000000,1673845200000000000,4069.0,4069.0,4050.0,4065.0,135,18516,18568
2023-01-16 14:00:00.000000000,1673848800000000000,4065.0,4072.0,4058.0,4068.0,52,18568,18576
2023-01-16 21:00:00.000000000,1673874000000000000,4067.0,4067.0,4040.0,4046.0,1592,18576,17519
2023-01-16 22:00:00.000000000,1673877600000000000,4046.0,4062.0,4043.0,4061.0,31,17519,17516
2023-01-17 09:00:00.000000000,1673917200000000000,4061.0,4084.0,4061.0,4082.0,80,17516,17495
2023-01-17 10:00:00.000000000,1673920800000000000,4082.0,4085.0,4075.0,4079.0,22,17495,17492
2023-01-17 11:00:00.000000000,1673924400000000000,4079.0,4086.0,4079.0,4086.0,15,17492,17487
2023-01-17 13:00:00.000000000,1673931600000000000,4086.0,4109.0,4085.0,4101.0,250,17487,17489
2023-01-17 14:00:00.000000000,1673935200000000000,4101.0,4101.0,4083.0,4083.0,125,17489,17469
2023-01-17 21:00:00.000000000,1673960400000000000,4098.0,4120.0,4093.0,4120.0,122,17469,17391
2023-01-17 22:00:00.000000000,1673964000000000000,4120.0,4131.0,4118.0,4119.0,76,17391,17345
2023-01-18 09:00:00.000000000,1674003600000000000,4119.0,4133.0,4119.0,4127.0,124,17345,17312
2023-01-18 10:00:00.000000000,1674007200000000000,4127.0,4129.0,4119.0,4119.0,33,17312,17326
2023-01-18 11:00:00.000000000,1674010800000000000,4119.0,4124.0,4119.0,4119.0,7,17326,17324
2023-01-18 13:00:00.000000000,1674018000000000000,4119.0,4130.0,4119.0,4127.0,20,17324,17325
2023-01-18 14:00:00.000000000,1674021600000000000,4127.0,4135.0,4125.0,4127.0,59,17325,17334
2023-01-18 21:00:00.000000000,1674046800000000000,4127.0,4146.0,4127.0,4146.0,2700,17334,14679
2023-01-18 22:00:00.000000000,1674050400000000000,4146.0,4152.0,4139.0,4139.0,33,14679,14666
2023-01-19 09:00:00.000000000,1674090000000000000,4130.0,4143.0,4120.0,4135.0,133,14666,14621
2023-01-19 10:00:00.000000000,1674093600000000000,4135.0,4151.0,4135.0,4151.0,18,14621,14618
2023-01-19 11:00:00.000000000,1674097200000000000,4151.0,4151.0,4143.0,4145.0,9,14618,14618
2023-01-19 13:00:00.000000000,1674104400000000000,4145.0,4156.0,4141.0,4155.0,37,14618,14625
2023-01-19 14:00:00.000000000,1674108000000000000,4155.0,4162.0,4151.0,4159.0,84,14625,14615
2023-01-19 21:00:00.000000000,1674133200000000000,4150.0,4160.0,4140.0,4140.0,81,14615,14616
2023-01-19 22:00:00.000000000,1674136800000000000,4140.0,4147.0,4130.0,4133.0,47,14616,14636
2023-01-20 09:00:00.000000000,1674176400000000000,4133.0,4160.0,4133.0,4155.0,86,14636,14637
2023-01-20 10:00:00.000000000,1674180000000000000,4155.0,4155.0,4146.0,4150.0,11,14637,14637
2023-01-20 11:00:00.000000000,1674183600000000000,4150.0,4150.0,4141.0,4150.0,701,14637,15322
2023-01-20 13:00:00.000000000,1674190800000000000,4150.0,4150.0,4138.0,4138.0,17,15322,15324
2023-01-20 14:00:00.000000000,1674194400000000000,4138.0,4151.0,4138.0,4146.0,72,15324,15309
2023-01-30 09:00:00.000000000,1675040400000000000,4213.0,4235.0,4191.0,4232.0,384,15309,15198
2023-01-30 10:00:00.000000000,1675044000000000000,4232.0,4236.0,4210.0,4226.0,86,15198,15212
2023-01-30 11:00:00.000000000,1675047600000000000,4226.0,4226.0,4181.0,4181.0,116,15212,15288
2023-01-30 13:00:00.000000000,1675054800000000000,4181.0,4196.0,4170.0,4170.0,104,15288,15334
2023-01-30 14:00:00.000000000,1675058400000000000,4170.0,4179.0,4162.0,4172.0,120,15334,15321
2023-01-30 21:00:00.000000000,1675083600000000000,4172.0,4187.0,4167.0,4178.0,496,15321,15739
2023-01-30 22:00:00.000000000,1675087200000000000,4178.0,4184.0,4165.0,4184.0,33,15739,15735
2023-01-31 09:00:00.000000000,1675126800000000000,4184.0,4184.0,4147.0,4167.0,595,15735,16276
2023-01-31 10:00:00.000000000,1675130400000000000,4167.0,4172.0,4137.0,4153.0,198,16276,16337
2023-01-31 11:00:00.000000000,1675134000000000000,4153.0,4155.0,4133.0,4135.0,52,16337,16350
2023-01-31 13:00:00.000000000,1675141200000000000,4135.0,4140.0,4119.0,4131.0,61,16350,16371
2023-01-31 14:00:00.000000000,1675144800000000000,4131.0,4146.0,4112.0,4116.0,133,16371,16394
2023-01-31 21:00:00.000000000,1675170000000000000,4085.0,4113.0,4085.0,4107.0,116,16394,16401
2023-01-31 22:00:00.000000000,1675173600000000000,4107.0,4127.0,4099.0,4122.0,54,16401,16413
2023-02-01 09:00:00.000000000,1675213200000000000,4122.0,4143.0,4120.0,4120.0,74,16413,16413
2023-02-01 10:00:00.000000000,1675216800000000000,4120.0,4124.0,4095.0,4096.0,82,16413,16471
2023-02-01 11:00:00.000000000,1675220400000000000,4096.0,4098.0,4077.0,4079.0,226,16471,16572
2023-02-01 13:00:00.000000000,1675227600000000000,4083.0,4086.0,4073.0,4083.0,100,16572,16589
2023-02-01 14:00:00.000000000,1675231200000000000,4083.0,4083.0,4047.0,4058.0,173,16589,16618
2023-02-01 21:00:00.000000000,1675256400000000000,4065.0,4079.0,4048.0,4072.0,100,16618,16615
2023-02-01 22:00:00.000000000,1675260000000000000,4072.0,4078.0,4050.0,4063.0,52,16615,16625
2023-02-02 09:00:00.000000000,1675299600000000000,4067.0,4095.0,4067.0,4092.0,136,16625,16638
2023-02-02 10:00:00.000000000,1675303200000000000,4092.0,4105.0,4085.0,4100.0,547,16638,17143
2023-02-02 11:00:00.000000000,1675306800000000000,4100.0,4100.0,4085.0,4089.0,30,17143,17151
2023-02-02 13:00:00.000000000,1675314000000000000,4089.0,4095.0,4069.0,4072.0,63,17151,17141
2023-02-02 14:00:00.000000000,1675317600000000000,4072.0,4073.0,4007.0,4019.0,417,17141,17331
2023-02-02 21:00:00.000000000,1675342800000000000,4020.0,4029.0,4015.0,4020.0,129,17331,17370
2023-02-02 22:00:00.000000000,1675346400000000000,4020.0,4031.0,4008.0,4016.0,61,17370,17387
2023-02-03 09:00:00.000000000,1675386000000000000,4016.0,4022.0,3983.0,3985.0,333,17387,17338
2023-02-03 10:00:00.000000000,1675389600000000000,3985.0,3990.0,3969.0,3982.0,142,17338,17366
2023-02-03 11:00:00.000000000,1675393200000000000,3982.0,4016.0,3981.0,4004.0,94,17366,17372
2023-02-03 13:00:00.000000000,1675400400000000000,4004.0,4018.0,4004.0,4009.0,35,17372,17370
2023-02-03 14:00:00.000000000,1675404000000000000,4009.0,4030.0,4009.0,4030.0,116,17370,17383
2023-02-03 21:00:00.000000000,1675429200000000000,4035.0,4035.0,4007.0,4023.0,92,17383,17360
2023-02-03 22:00:00.000000000,1675432800000000000,4023.0,4056.0,4020.0,4041.0,124,17360,17355
2023-02-06 09:00:00.000000000,1675645200000000000,4041.0,4041.0,3990.0,3996.0,205,17355,17423
2023-02-06 10:00:00.000000000,1675648800000000000,3996.0,4003.0,3983.0,3987.0,205,17423,17551
2023-02-06 11:00:00.000000000,1675652400000000000,3987.0,3993.0,3982.0,3982.0,64,17551,17584
2023-02-06 13:00:00.000000000,1675659600000000000,3982.0,4008.0,3982.0,3998.0,51,17584,17589
2023-02-06 14:00:00.000000000,1675663200000000000,3998.0,4033.0,3998.0,4028.0,103,17589,17586
2023-02-06 21:00:00.000000000,1675688400000000000,4027.0,4029.0,4016.0,4020.0,1059,17586,18590
2023-02-06 22:00:00.000000000,1675692000000000000,4020.0,4028.0,3990.0,3990.0,100,18590,18601
2023-02-07 09:00:00.000000000,1675731600000000000,3990.0,4004.0,3976.0,3988.0,1195,18601,19625
2023-02-07 10:00:00.000000000,1675735200000000000,3988.0,4010.0,3988.0,4010.0,38,19625,19629
2023-02-07 11:00:00.000000000,1675738800000000000,4010.0,4010.0,3982.0,3989.0,50,19629,19654
2023-02-07 13:00:00.000000000,1675746000000000000,3989.0,3989.0,3961.0,3985.0,285,19654,19828
2023-02-07 14:00:00.000000000,1675749600000000000,3985.0,4015.0,3983.0,4003.0,316,19828,19779
2023-02-07 21:00:00.000000000,1675774800000000000,4000.0,4000.0,3972.0,3986.0,101,19779,19803
2023-02-07 22:00:00.000000000,1675778400000000000,3986.0,3987.0,3970.0,3977.0,136,19803,19828
2023-02-08 09:00:00.000000000,1675818000000000000,3977.0,4000.0,3977.0,3992.0,79,19828,19822
2023-02-08 10:00:00.000000000,1675821600000000000,3992.0,4030.0,3990.0,4020.0,305,19822,19772
2023-02-08 11:00:00.000000000,1675825200000000000,4020.0,4020.0,4002.0,4007.0,58,19772,19741
2023-02-08 13:00:00.000000000,1675832400000000000,4007.0,4025.0,4007.0,4025.0,73,19741,19750
2023-02-08 14:00:00.000000000,1675836000000000000,4025.0,4040.0,4019.0,4032.0,117,19750,19705
2023-02-08 21:00:00.000000000,1675861200000000000,4022.0,4048.0,4022.0,4044.0,626,19705,20201
2023-02-08 22:00:00.000000000,1675864800000000000,4044.0,4049.0,4030.0,4037.0,85,20201,20247
2023-02-09 09:00:00.000000000,1675904400000000000,4037.0,4070.0,4034.0,4070.0,99,20247,20225
2023-02-09 10:00:00.000000000,1675908000000000000,4070.0,4082.0,4058.0,4058.0,94,20225,20213
2023-02-09 11:00:00.000000000,1675911600000000000,4058.0,4064.0,4052.0,4064.0,51,20213,20204
2023-02-09 13:00:00.000000000,1675918800000000000,4064.0,4066.0,4058.0,4058.0,40,20204,20197
2023-02-09 14:00:00.000000000,1675922400000000000,4058.0,4068.0,4053.0,4057.0,327,20197,20322
2023-02-09 21:00:00.000000000,1675947600000000000,4064.0,4066.0,4051.0,4066.0,139,20322,20336
2023-02-09 22:00:00.000000000,1675951200000000000,4066.0,4066.0,4029.0,4050.0,210,20336,20331
2023-02-10 09:00:00.000000000,1675990800000000000,4050.0,4055.0,4027.0,4033.0,443,20331,20339
2023-02-10 10:00:00.000000000,1675994400000000000,4033.0,4033.0,4005.0,4010.0,135,20339,20355
2023-02-10 11:00:00.000000000,1675998000000000000,4010.0,4017.0,3999.0,4000.0,214,20355,20429
2023-02-10 13:00:00.000000000,1676005200000000000,3998.0,4015.0,3993.0,4013.0,125,20429,20474
2023-02-10 14:00:00.000000000,1676008800000000000,4013.0,4049.0,4013.0,4048.0,373,20474,20387
2023-02-10 21:00:00.000000000,1676034000000000000,4050.0,4050.0,4025.0,4025.0,3759,20387,23871
2023-02-10 22:00:00.000000000,1676037600000000000,4025.0,4042.0,4024.0,4027.0,56,23871,23868
2023-02-13 09:00:00.000000000,1676250000000000000,4027.0,4030.0,4006.0,4011.0,329,23868,23822
2023-02-13 10:00:00.000000000,1676253600000000000,4011.0,4016.0,3993.0,4006.0,412,23822,23952
2023-02-13 11:00:00.000000000,1676257200000000000,4006.0,4006.0,3988.0,3993.0,114,23952,23939
2023-02-13 13:00:00.000000000,1676264400000000000,3997.0,4017.0,3976.0,3981.0,330,23939,24063
2023-02-13 14:00:00.000000000,1676268000000000000,3981.0,3986.0,3969.0,3970.0,367,24063,24310
2023-02-13 21:00:00.000000000,1676293200000000000,3983.0,3983.0,3956.0,3956.0,343,24310,24391
2023-02-13 22:00:00.000000000,1676296800000000000,3956.0,3963.0,3938.0,3961.0,442,24391,24536
2023-02-14 09:00:00.000000000,1676336400000000000,3961.0,3994.0,3961.0,3990.0,279,24536,24474
2023-02-14 10:00:00.000000000,1676340000000000000,3990.0,3997.0,3984.0,3996.0,98,24474,24425
2023-02-14 11:00:00.000000000,1676343600000000000,3996.0,3999.0,3987.0,3987.0,71,24425,24402
2023-02-14 13:00:00.000000000,1676350800000000000,3987.0,4007.0,3980.0,4007.0,158,24402,24370
2023-02-14 14:00:00.000000000,1676354400000000000,4007.0,4010.0,3983.0,3996.0,602,24370,23974
2023-02-14 21:00:00.000000000,1676379600000000000,4000.0,4023.0,3993.0,4012.0,295,23974,23928
2023-02-14 22:00:00.000000000,1676383200000000000,4012.0,4018.0,4009.0,4016.0,533,23928,24196
2023-02-15 09:00:00.000000000,1676422800000000000,4016.0,4043.0,4016.0,4039.0,1585,24196,24930
2023-02-15 10:00:00.000000000,1676426400000000000,4039.0,4043.0,4025.0,4025.0,38,24930,24925
2023-02-15 11:00:00.000000000,1676430000000000000,4025.0,4025.0,4020.0,4024.0,55,24925,24927
2023-02-15 13:00:00.000000000,1676437200000000000,4024.0,4030.0,4018.0,4027.0,49,24927,24913
2023-02-15 14:00:00.000000000,1676440800000000000,4027.0,4027.0,4014.0,4026.0,323,24913,24679
2023-02-15 21:00:00.000000000,1676466000000000000,4020.0,4033.0,4017.0,4028.0,151,24679,24700
2023-02-15 22:00:00.000000000,1676469600000000000,4028.0,4044.0,4026.0,4027.0,112,24700,24648
2023-02-16 09:00:00.000000000,1676509200000000000,4027.0,4051.0,4027.0,4044.0,201,24648,24614
2023-02-16 10:00:00.000000000,1676512800000000000,4044.0,4066.0,4038.0,4066.0,61,24614,24616
2023-02-16 11:00:00.000000000,1676516400000000000,4066.0,4079.0,4060.0,4072.0,248,24616,24580
2023-02-16 13:00:00.000000000,1676523600000000000,4072.0,4116.0,4072.0,4109.0,217,24580,24592
2023-02-16 14:00:00.000000000,1676527200000000000,4109.0,4112.0,4082.0,4101.0,600,24592,24487
2023-02-16 21:00:00.000000000,1676552400000000000,4109.0,4132.0,4109.0,4124.0,678,24487,24375
2023-02-16 22:00:00.000000000,1676556000000000000,4124.0,4128.0,4117.0,4117.0,137,24375,24374
2023-02-17 09:00:00.000000000,1676595600000000000,4117.0,4137.0,4117.0,4130.0,189,24374,24373
2023-02-17 10:00:00.000000000,1676599200000000000,4130.0,4137.0,4122.0,4129.0,95,24373,24349
2023-02-17 11:00:00.000000000,1676602800000000000,4129.0,4129.0,4101.0,4101.0,156,24349,24348
2023-02-17 13:00:00.000000000,1676610000000000000,4101.0,4126.0,4101.0,4121.0,149,24348,24350
2023-02-17 14:00:00.000000000,1676613600000000000,4121.0,4134.0,4115.0,4132.0,139,24350,24329
2023-02-17 21:00:00.000000000,1676638800000000000,4130.0,4130.0,4094.0,4116.0,209,24329,24349
2023-02-17 22:00:00.000000000,1676642400000000000,4116.0,4135.0,4116.0,4132.0,172,24349,24312
2023-02-20 09:00:00.000000000,1676854800000000000,4132.0,4136.0,4116.0,4132.0,83,24312,24316
2023-02-20 10:00:00.000000000,1676858400000000000,4132.0,4155.0,4130.0,4141.0,267,24316,24266
2023-02-20 11:00:00.000000000,1676862000000000000,4141.0,4149.0,4138.0,4145.0,82,24266,24244
2023-02-20 13:00:00.000000000,1676869200000000000,4151.0,4156.0,4147.0,4151.0,53,24244,24237
2023-02-20 14:00:00.000000000,1676872800000000000,4151.0,4158.0,4147.0,4153.0,48,24237,24234
2023-02-20 21:00:00.000000000,1676898000000000000,4164.0,4199.0,4163.0,4198.0,389,24234,24379
2023-02-20 22:00:00.000000000,1676901600000000000,4198.0,4206.0,4189.0,4193.0,209,24379,24345
2023-02-21 09:00:00.000000000,1676941200000000000,4193.0,4208.0,4189.0,4192.0,1163,24345,23290
2023-02-21 10:00:00.000000000,1676944800000000000,4192.0,4204.0,4188.0,4192.0,112,23290,23252
2023-02-21 11:00:00.000000000,1676948400000000000,4192.0,4200.0,4187.0,4200.0,89,23252,23293
2023-02-21 13:00:00.000000000,1676955600000000000,4200.0,4214.0,4199.0,4211.0,194,23293,23214
2023-02-21 14:00:00.000000000,1676959200000000000,4211.0,4221.0,4204.0,4217.0,287,23214,23138
2023-02-21 21:00:00.000000000,1676984400000000000,4217.0,4226.0,4193.0,4202.0,712,23138,23491
2023-02-21 22:00:00.000000000,1676988000000000000,4202.0,4216.0,4199.0,4211.0,148,23491,23522
2023-02-22 09:00:00.000000000,1677027600000000000,4211.0,4215.0,4195.0,4205.0,221,23522,23614
2023-02-22 10:00:00.000000000,1677031200000000000,4205.0,4240.0,4205.0,4234.0,189,23614,23604
2023-02-22 11:00:00.000000000,1677034800000000000,4234.0,4236.0,4229.0,4235.0,50,23604,23612
2023-02-22 13:00:00.000000000,1677042000000000000,4234.0,4245.0,4200.0,4205.0,325,23612,23607
2023-02-22 14:00:00.000000000,1677045600000000000,4205.0,4215.0,4198.0,4199.0,174,23607,23604
2023-02-22 21:00:00.000000000,1677070800000000000,4199.0,4241.0,4199.0,4226.0,1374,23604,24551
2023-02-22 22:00:00.000000000,1677074400000000000,4226.0,4250.0,4226.0,4245.0,259,24551,24549
2023-02-23 09:00:00.000000000,1677114000000000000,4245.0,4251.0,4235.0,4250.0,1330,24549,23636
2023-02-23 10:00:00.000000000,1677117600000000000,4250.0,4251.0,4232.0,4233.0,51,23636,23637
2023-02-23 11:00:00.000000000,1677121200000000000,4233.0,4249.0,4233.0,4249.0,69,23637,23625
2023-02-23 13:00:00.000000000,1677128400000000000,4249.0,4249.0,4205.0,4209.0,292,23625,23615
2023-02-23 14:00:00.000000000,1677132000000000000,4209.0,4223.0,4176.0,4195.0,515,23615,23518
2023-02-23 21:00:00.000000000,1677157200000000000,4205.0,4222.0,4185.0,4195.0,471,23518,23562
2023-02-23 22:00:00.000000000,1677160800000000000,4195.0,4210.0,4194.0,4205.0,443,23562,23622
2023-02-24 09:00:00.000000000,1677200400000000000,4201.0,4205.0,4177.0,4194.0,310,23622,23629
2023-02-24 10:00:00.000000000,1677204000000000000,4194.0,4205.0,4178.0,4178.0,119,23629,23645
2023-02-24 11:00:00.000000000,1677207600000000000,4178.0,4186.0,4165.0,4175.0,156,23645,23710
2023-02-24 13:00:00.000000000,1677214800000000000,4175.0,4181.0,4162.0,4175.0,219,23710,23684
2023-02-24 14:00:00.000000000,1677218400000000000,4175.0,4193.0,4168.0,4184.0,307,23684,23718
2023-02-24 21:00:00.000000000,1677243600000000000,4101.0,4189.0,4101.0,4170.0,5258,23718,20992
2023-02-24 22:00:00.000000000,1677247200000000000,4170.0,4178.0,4149.0,4156.0,271,20992,20956
2023-02-27 09:00:00.000000000,1677459600000000000,4156.0,4203.0,4156.0,4202.0,439,20956,20908
2023-02-27 10:00:00.000000000,1677463200000000000,4202.0,4202.0,4189.0,4194.0,156,20908,20929
2023-02-27 11:00:00.000000000,1677466800000000000,4194.0,4194.0,4154.0,4157.0,142,20929,20931
2023-02-27 13:00:00.000000000,1677474000000000000,4157.0,4169.0,4148.0,4160.0,267,20931,20978
2023-02-27 14:00:00.000000000,1677477600000000000,4160.0,4165.0,4150.0,4161.0,421,20978,20974
2023-02-27 21:00:00.000000000,1677502800000000000,4167.0,4167.0,4143.0,4149.0,214,20974,21006
2023-02-27 22:00:00.000000000,1677506400000000000,4149.0,4153.0,4142.0,4150.0,179,21006,21045
2023-02-28 09:00:00.000000000,1677546000000000000,4155.0,4163.0,4138.0,4139.0,577,21045,21150
2023-02-28 10:00:00.000000000,1677549600000000000,4139.0,4155.0,4136.0,4139.0,284,21150,21195
2023-02-28 11:00:00.000000000,1677553200000000000,4139.0,4148.0,4136.0,4140.0,98,21195,21200
2023-02-28 13:00:00.000000000,1677560400000000000,4145.0,4147.0,4140.0,4144.0,181,21200,21246
2023-02-28 14:00:00.000000000,1677564000000000000,4144.0,4158.0,4128.0,4147.0,359,21246,21186
2023-02-28 21:00:00.000000000,1677589200000000000,4137.0,4174.0,4137.0,4149.0,497,21186,21106
2023-02-28 22:00:00.000000000,1677592800000000000,4149.0,4155.0,4148.0,4153.0,70,21106,21105
2023-03-01 09:00:00.000000000,1677632400000000000,4153.0,4184.0,4140.0,4182.0,677,21105,21147
2023-03-01 10:00:00.000000000,1677636000000000000,4182.0,4192.0,4174.0,4181.0,338,21147,21070
2023-03-01 11:00:00.000000000,1677639600000000000,4181.0,4185.0,4178.0,4182.0,271,21070,20966
2023-03-01 13:00:00.000000000,1677646800000000000,4175.0,4176.0,4163.0,4165.0,196,20966,20993
2023-03-01 14:00:00.000000000,1677650400000000000,4165.0,4194.0,4165.0,4191.0,346,20993,21025
2023-03-01 21:00:00.000000000,1677675600000000000,4191.0,4191.0,4177.0,4184.0,1135,21025,22046
2023-03-01 22:00:00.000000000,1677679200000000000,4184.0,4188.0,4177.0,4183.0,90,22046,22074
2023-03-02 09:00:00.000000000,1677718800000000000,4183.0,4202.0,4183.0,4193.0,264,22074,22054
2023-03-02 10:00:00.000000000,1677722400000000000,4193.0,4194.0,4181.0,4190.0,127,22054,22036
2023-03-02 11:00:00.000000000,1677726000000000000,4190.0,4193.0,4187.0,4193.0,31,22036,22033
2023-03-02 13:00:00.000000000,1677733200000000000,4193.0,4202.0,4180.0,4193.0,235,22033,22038
2023-03-02 14:00:00.000000000,1677736800000000000,4193.0,4201.0,4193.0,4199.0,127,22038,22017
2023-03-02 21:00:00.000000000,1677762000000000000,4200.0,4210.0,4191.0,4193.0,269,22017,22011
2023-03-02 22:00:00.000000000,1677765600000000000,4193.0,4200.0,4187.0,4193.0,344,22011,22085
2023-03-03 09:00:00.000000000,1677805200000000000,4193.0,4224.0,4193.0,4221.0,534,22085,22077
2023-03-03 10:00:00.000000000,1677808800000000000,4221.0,4231.0,4219.0,4227.0,231,22077,22088
2023-03-03 11:00:00.000000000,1677812400000000000,4227.0,4230.0,4217.0,4230.0,34,22088,22080
2023-03-03 13:00:00.000000000,1677819600000000000,4225.0,4235.0,4225.0,4229.0,123,22080,22070
2023-03-03 14:00:00.000000000,1677823200000000000,4229.0,4236.0,4228.0,4235.0,162,22070,22072
2023-03-03 21:00:00.000000000,1677848400000000000,4230.0,4232.0,4204.0,4209.0,404,22072,22065
2023-03-03 22:00:00.000000000,1677852000000000000,4209.0,4222.0,4209.0,4210.0,121,22065,22091
2023-03-06 09:00:00.000000000,1678064400000000000,4209.0,4209.0,4154.0,4165.0,816,22091,22175
2023-03-06 10:00:00.000000000,1678068000000000000,4165.0,4166.0,4150.0,4166.0,150,22175,22248
2023-03-06 11:00:00.000000000,1678071600000000000,4166.0,4167.0,4158.0,4165.0,71,22248,22241
2023-03-06 13:00:00.000000000,1678078800000000000,4165.0,4170.0,4159.0,4170.0,81,22241,22258
2023-03-06 14:00:00.000000000,1678082400000000000,4170.0,4186.0,4167.0,4184.0,474,22258,22279
2023-03-06 21:00:00.000000000,1678107600000000000,4177.0,4185.0,4168.0,4168.0,268,22279,22261
2023-03-06 22:00:00.000000000,1678111200000000000,4168.0,4180.0,4168.0,4174.0,65,22261,22238
2023-03-07 09:00:00.000000000,1678150800000000000,4174.0,4210.0,4173.0,4206.0,366,22238,22196
2023-03-07 10:00:00.000000000,1678154400000000000,4206.0,4214.0,4200.0,4207.0,131,22196,22191
2023-03-07 11:00:00.000000000,1678158000000000000,4207.0,4227.0,4201.0,4224.0,130,22191,22214
2023-03-07 13:00:00.000000000,1678165200000000000,4224.0,4230.0,4215.0,4223.0,221,22214,22188
2023-03-07 14:00:00.000000000,1678168800000000000,4223.0,4227.0,4208.0,4209.0,177,22188,22194
2023-03-07 21:00:00.000000000,1678194000000000000,4216.0,4222.0,4211.0,4215.0,175,22194,22212
2023-03-07 22:00:00.000000000,1678197600000000000,4215.0,4222.0,4212.0,4219.0,105,22212,22216
2023-03-08 09:00:00.000000000,1678237200000000000,4211.0,4219.0,4182.0,4216.0,379,22216,22135
2023-03-08 10:00:00.000000000,1678240800000000000,4216.0,4218.0,4207.0,4207.0,28,22135,22130
2023-03-08 11:00:00.000000000,1678244400000000000,4207.0,4213.0,4201.0,4205.0,63,22130,22109
2023-03-08 13:00:00.000000000,1678251600000000000,4209.0,4214.0,4198.0,4207.0,321,22109,22052
2023-03-08 14:00:00.000000000,1678255200000000000,4207.0,4207.0,4191.0,4196.0,317,22052,22066
2023-03-08 21:00:00.000000000,1678280400000000000,4198.0,4213.0,4198.0,4210.0,229,22066,22088
2023-03-08 22:00:00.000000000,1678284000000000000,4210.0,4210.0,4166.0,4183.0,441,22088,22206
2023-03-09 09:00:00.000000000,1678323600000000000,4183.0,4192.0,4177.0,4181.0,234,22206,22172
2023-03-09 10:00:00.000000000,1678327200000000000,4181.0,4189.0,4172.0,4174.0,102,22172,22170
2023-03-09 11:00:00.000000000,1678330800000000000,4174.0,4181.0,4165.0,4166.0,106,22170,22175
2023-03-09 13:00:00.000000000,1678338000000000000,4166.0,4212.0,4166.0,4203.0,549,22175,22116
2023-03-09 14:00:00.000000000,1678341600000000000,4203.0,4253.0,4201.0,4246.0,1096,22116,22306
2023-03-09 21:00:00.000000000,1678366800000000000,4256.0,4266.0,4247.0,4264.0,1004,22306,22403
2023-03-09 22:00:00.000000000,1678370400000000000,4264.0,4275.0,4260.0,4267.0,306,22403,22419
2023-03-10 09:00:00.000000000,1678410000000000000,4267.0,4268.0,4252.0,4255.0,262,22419,22459
2023-03-10 10:00:00.000000000,1678413600000000000,4255.0,4261.0,4249.0,4254.0,148,22459,22452
2023-03-10 11:00:00.000000000,1678417200000000000,4254.0,4256.0,4241.0,4247.0,192,22452,22452
2023-03-10 13:00:00.000000000,1678424400000000000,4247.0,4267.0,4247.0,4260.0,321,22452,22374
2023-03-10 14:00:00.000000000,1678428000000000000,4260.0,4272.0,4221.0,4228.0,669,22374,22307
2023-03-10 21:00:00.000000000,1678453200000000000,4231.0,4278.0,4231.0,4270.0,558,22307,22426
2023-03-10 22:00:00.000000000,1678456800000000000,4270.0,4276.0,4257.0,4275.0,294,22426,22470
2023-03-13 09:00:00.000000000,1678669200000000000,4275.0,4298.0,4261.0,4283.0,773,22470,22711
2023-03-13 10:00:00.000000000,1678672800000000000,4283.0,4296.0,4277.0,4292.0,197,22711,22764
2023-03-13 11:00:00.000000000,1678676400000000000,4292.0,4299.0,4290.0,4294.0,189,22764,22852
2023-03-13 13:00:00.000000000,1678683600000000000,4294.0,4294.0,4281.0,4285.0,109,22852,22865
2023-03-13 14:00:00.000000000,1678687200000000000,4285.0,4295.0,4284.0,4291.0,175,22865,22854
2023-03-13 21:00:00.000000000,1678712400000000000,4282.0,4284.0,4254.0,4281.0,1605,22854,23806
2023-03-13 22:00:00.000000000,1678716000000000000,4281.0,4298.0,4280.0,4290.0,390,23806,23947
2023-03-14 09:00:00.000000000,1678755600000000000,4290.0,4299.0,4278.0,4278.0,542,23947,23925
2023-03-14 10:00:00.000000000,1678759200000000000,4278.0,4287.0,4263.0,4268.0,372,23925,24011
2023-03-14 11:00:00.000000000,1678762800000000000,4268.0,4279.0,4263.0,4270.0,202,24011,24077
2023-03-14 13:00:00.000000000,1678770000000000000,4270.0,4305.0,4270.0,4302.0,1723,24077,24843
2023-03-14 14:00:00.000000000,1678773600000000000,4302.0,4341.0,4302.0,4318.0,3362,24843,26028
2023-03-14 21:00:00.000000000,1678798800000000000,4310.0,4336.0,4299.0,4324.0,6447,26028,31044
2023-03-14 22:00:00.000000000,1678802400000000000,4324.0,4331.0,4318.0,4319.0,563,31044,31280
2023-03-15 09:00:00.000000000,1678842000000000000,4325.0,4326.0,4314.0,4318.0,435,31280,31340
2023-03-15 10:00:00.000000000,1678845600000000000,4318.0,4336.0,4301.0,4307.0,552,31340,31401
2023-03-15 11:00:00.000000000,1678849200000000000,4307.0,4310.0,4295.0,4300.0,234,31401,31409
2023-03-15 13:00:00.000000000,1678856400000000000,4300.0,4307.0,4281.0,4285.0,576,31409,31325
2023-03-15 14:00:00.000000000,1678860000000000000,4285.0,4294.0,4268.0,4280.0,650,31325,31241
2023-03-15 21:00:00.000000000,1678885200000000000,4245.0,4257.0,4230.0,4241.0,2081,31241,31383
2023-03-15 22:00:00.000000000,1678888800000000000,4241.0,4245.0,4223.0,4238.0,711,31383,31163
2023-03-16 09:00:00.000000000,1678928400000000000,4239.0,4245.0,4207.0,4209.0,1406,31163,31151
2023-03-16 10:00:00.000000000,1678932000000000000,4209.0,4210.0,4154.0,4177.0,1693,31151,31249
2023-03-16 11:00:00.000000000,1678935600000000000,4177.0,4195.0,4176.0,4193.0,661,31249,31523
2023-03-16 13:00:00.000000000,1678942800000000000,4194.0,4208.0,4183.0,4187.0,767,31523,31520
2023-03-16 14:00:00.000000000,1678946400000000000,4187.0,4192.0,4154.0,4157.0,1190,31520,31486
2023-03-16 21:00:00.000000000,1678971600000000000,4157.0,4166.0,4131.0,4137.0,3523,31486,33392
2023-03-16 22:00:00.000000000,1678975200000000000,4137.0,4163.0,4126.0,4163.0,1152,33392,33364
2023-03-17 09:00:00.000000000,1679014800000000000,4160.0,4184.0,4160.0,4181.0,2003,33364,34329
2023-03-17 10:00:00.000000000,1679018400000000000,4181.0,4204.0,4176.0,4190.0,697,34329,34349
2023-03-17 11:00:00.000000000,1679022000000000000,4190.0,4210.0,4188.0,4210.0,563,34349,34361
2023-03-17 13:00:00.000000000,1679029200000000000,4210.0,4210.0,4191.0,4193.0,568,34361,34369
2023-03-17 14:00:00.000000000,1679032800000000000,4193.0,4195.0,4174.0,4195.0,1332,34369,34285
2023-03-17 21:00:00.000000000,1679058000000000000,4200.0,4228.0,4191.0,4191.0,1213,34285,34643
2023-03-17 22:00:00.000000000,1679061600000000000,4191.0,4197.0,4182.0,4191.0,362,34643,34578
2023-03-20 09:00:00.000000000,1679274000000000000,4191.0,4204.0,4145.0,4151.0,2377,34578,34789
2023-03-20 10:00:00.000000000,1679277600000000000,4151.0,4180.0,4151.0,4169.0,912,34789,35091
2023-03-20 11:00:00.000000000,1679281200000000000,4169.0,4170.0,4150.0,4160.0,259,35091,35092
2023-03-20 13:00:00.000000000,1679288400000000000,4160.0,4160.0,4147.0,4150.0,713,35092,35610
2023-03-20 14:00:00.000000000,1679292000000000000,4150.0,4154.0,4130.0,4135.0,815,35610,35596
2023-03-20 21:00:00.000000000,1679317200000000000,4135.0,4148.0,4125.0,4141.0,3154,35596,37834
2023-03-20 22:00:00.000000000,1679320800000000000,4141.0,4145.0,4117.0,4126.0,1051,37834,38036
2023-03-21 09:00:00.000000000,1679360400000000000,4126.0,4152.0,4126.0,4139.0,1179,38036,38038
2023-03-21 10:00:00.000000000,1679364000000000000,4139.0,4146.0,4102.0,4103.0,979,38038,38005
2023-03-21 11:00:00.000000000,1679367600000000000,4103.0,4113.0,4098.0,4108.0,357,38005,38087
2023-03-21 13:00:00.000000000,1679374800000000000,4109.0,4114.0,4083.0,4094.0,1485,38087,37432
2023-03-21 14:00:00.000000000,1679378400000000000,4094.0,4103.0,4088.0,4088.0,1056,37432,37212
2023-03-21 21:00:00.000000000,1679403600000000000,4099.0,4120.0,4087.0,4113.0,1639,37212,37188
2023-03-21 22:00:00.000000000,1679407200000000000,4113.0,4128.0,4098.0,4123.0,891,37188,37186
2023-03-22 09:00:00.000000000,1679446800000000000,4123.0,4131.0,4096.0,4100.0,1165,37186,37274
2023-03-22 10:00:00.000000000,1679450400000000000,4100.0,4106.0,4073.0,4077.0,1493,37274,37218
2023-03-22 11:00:00.000000000,1679454000000000000,4077.0,4085.0,4071.0,4075.0,413,37218,37274
2023-03-22 13:00:00.000000000,1679461200000000000,4075.0,4079.0,4067.0,4070.0,462,37274,37348
2023-03-22 14:00:00.000000000,1679464800000000000,4070.0,4101.0,4062.0,4091.0,1278,37348,37484
2023-03-22 21:00:00.000000000,1679490000000000000,4082.0,4103.0,4075.0,4078.0,965,37484,37789
2023-03-22 22:00:00.000000000,1679493600000000000,4078.0,4115.0,4078.0,4115.0,841,37789,37697
2023-03-23 09:00:00.000000000,1679533200000000000,4115.0,4124.0,4093.0,4114.0,1232,37697,37447
2023-03-23 10:00:00.000000000,1679536800000000000,4114.0,4119.0,4101.0,4109.0,461,37447,37267
2023-03-23 11:00:00.000000000,1679540400000000000,4109.0,4111.0,4086.0,4089.0,504,37267,37270
2023-03-23 13:00:00.000000000,1679547600000000000,4092.0,4092.0,4035.0,4042.0,2045,37270,37531
2023-03-23 14:00:00.000000000,1679551200000000000,4042.0,4057.0,4035.0,4038.0,1946,37531,37798
2023-03-23 21:00:00.000000000,1679576400000000000,4049.0,4049.0,4029.0,4040.0,1592,37798,37956
2023-03-23 22:00:00.000000000,1679580000000000000,4040.0,4052.0,4025.0,4046.0,1023,37956,37863
2023-03-24 09:00:00.000000000,1679619600000000000,4043.0,4043.0,4013.0,4020.0,1209,37863,37719
2023-03-24 10:00:00.000000000,1679623200000000000,4020.0,4056.0,4020.0,4049.0,755,37719,37693
2023-03-24 11:00:00.000000000,1679626800000000000,4049.0,4057.0,4034.0,4055.0,360,37693,37669
2023-03-24 13:00:00.000000000,1679634000000000000,4058.0,4072.0,4053.0,4060.0,807,37669,37735
2023-03-24 14:00:00.000000000,1679637600000000000,4060.0,4081.0,4055.0,4061.0,1232,37735,37865
2023-03-24 21:00:00.000000000,1679662800000000000,4051.0,4083.0,4024.0,4083.0,2897,37865,38793
2023-03-24 22:00:00.000000000,1679666400000000000,4083.0,4085.0,4043.0,4049.0,1130,38793,38667
2023-03-27 09:00:00.000000000,1679878800000000000,4050.0,4083.0,4047.0,4065.0,1050,38667,38789
2023-03-27 10:00:00.000000000,1679882400000000000,4065.0,4071.0,4052.0,4064.0,885,38789,38816
2023-03-27 11:00:00.000000000,1679886000000000000,4064.0,4069.0,4050.0,4053.0,204,38816,38785
2023-03-27 13:00:00.000000000,1679893200000000000,4053.0,4067.0,4051.0,4062.0,525,38785,38811
2023-03-27 14:00:00.000000000,1679896800000000000,4062.0,4074.0,4061.0,4065.0,844,38811,38942
2023-03-27 21:00:00.000000000,1679922000000000000,4065.0,4091.0,4065.0,4080.0,2521,38942,39898
2023-03-27 22:00:00.000000000,1679925600000000000,4080.0,4082.0,4064.0,4070.0,759,39898,39969
2023-03-28 09:00:00.000000000,1679965200000000000,4073.0,4098.0,4071.0,4098.0,1193,39969,40107
2023-03-28 10:00:00.000000000,1679968800000000000,4098.0,4106.0,4092.0,4102.0,835,40107,40117
2023-03-28 11:00:00.000000000,1679972400000000000,4102.0,4109.0,4096.0,4109.0,378,40117,40019
2023-03-28 13:00:00.000000000,1679979600000000000,4109.0,4109.0,4091.0,4093.0,585,40019,39937
2023-03-28 14:00:00.000000000,1679983200000000000,4093.0,4107.0,4089.0,4106.0,670,39937,39774
2023-03-28 21:00:00.000000000,1680008400000000000,4106.0,4130.0,4106.0,4129.0,2376,39774,39161
2023-03-28 22:00:00.000000000,1680012000000000000,4129.0,4129.0,4115.0,4122.0,1506,39161,38979
2023-03-29 09:00:00.000000000,1680051600000000000,4122.0,4124.0,4106.0,4122.0,865,38979,38934
2023-03-29 10:00:00.000000000,1680055200000000000,4122.0,4127.0,4109.0,4114.0,586,38934,38951
2023-03-29 11:00:00.000000000,1680058800000000000,4114.0,4119.0,4101.0,4101.0,404,38951,38938
2023-03-29 13:00:00.000000000,1680066000000000000,4101.0,4118.0,4101.0,4114.0,411,38938,38995
2023-03-29 14:00:00.000000000,1680069600000000000,4114.0,4123.0,4102.0,4120.0,1312,38995,39196
2023-03-29 21:00:00.000000000,1680094800000000000,4131.0,4142.0,4116.0,4128.0,4885,39196,42090
2023-03-29 22:00:00.000000000,1680098400000000000,4128.0,4133.0,4127.0,4132.0,1095,42090,41670
2023-03-30 09:00:00.000000000,1680138000000000000,4129.0,4133.0,4109.0,4112.0,2782,41670,39627
2023-03-30 10:00:00.000000000,1680141600000000000,4112.0,4125.0,4109.0,4109.0,1099,39627,39614
2023-03-30 11:00:00.000000000,1680145200000000000,4109.0,4135.0,4109.0,4135.0,346,39614,39614
2023-03-30 13:00:00.000000000,1680152400000000000,4133.0,4133.0,4101.0,4128.0,1379,39614,39599
2023-03-30 14:00:00.000000000,1680156000000000000,4128.0,4140.0,4108.0,4136.0,7455,39599,40918
2023-03-30 21:00:00.000000000,1680181200000000000,4140.0,4151.0,4134.0,4146.0,1303,40918,40982
2023-03-30 22:00:00.000000000,1680184800000000000,4146.0,4150.0,4137.0,4144.0,610,40982,40889
2023-03-31 09:00:00.000000000,1680224400000000000,4144.0,4176.0,4143.0,4173.0,2817,40889,40828
2023-03-31 10:00:00.000000000,1680228000000000000,4173.0,4181.0,4168.0,4169.0,1460,40828,40551
2023-03-31 11:00:00.000000000,1680231600000000000,4169.0,4171.0,4154.0,4157.0,1008,40551,40365
2023-03-31 13:00:00.000000000,1680238800000000000,4157.0,4164.0,4150.0,4159.0,1433,40365,40044
2023-03-31 14:00:00.000000000,1680242400000000000,4159.0,4164.0,4135.0,4140.0,1180,40044,39981
2023-03-31 21:00:00.000000000,1680267600000000000,4140.0,4144.0,4120.0,4140.0,2105,39981,39025
2023-03-31 22:00:00.000000000,1680271200000000000,4140.0,4142.0,4121.0,4121.0,1049,39025,38904
2023-04-03 09:00:00.000000000,1680483600000000000,4121.0,4135.0,4096.0,4096.0,3171,38904,39200
2023-04-03 10:00:00.000000000,1680487200000000000,4096.0,4099.0,4064.0,4065.0,2019,39200,39472
2023-04-03 11:00:00.000000000,1680490800000000000,4065.0,4076.0,4059.0,4069.0,888,39472,39518
2023-04-03 13:00:00.000000000,1680498000000000000,4069.0,4074.0,4051.0,4052.0,958,39518,39628
2023-04-03 14:00:00.000000000,1680501600000000000,4052.0,4063.0,4030.0,4032.0,2275,39628,40348
2023-04-03 21:00:00.000000000,1680526800000000000,4031.0,4051.0,4026.0,4034.0,2189,40348,40652
2023-04-03 22:00:00.000000000,1680530400000000000,4034.0,4045.0,4031.0,4038.0,412,40652,40641
2023-04-04 09:00:00.000000000,1680570000000000000,4038.0,4038.0,4000.0,4006.0,2676,40641,41421
2023-04-04 10:00:00.000000000,1680573600000000000,4006.0,4008.0,3994.0,3998.0,1141,41421,41581
2023-04-04 11:00:00.000000000,1680577200000000000,3998.0,4002.0,3991.0,3998.0,377,41581,41690
2023-04-04 13:00:00.000000000,1680584400000000000,3998.0,4011.0,3996.0,4004.0,595,41690,41623
2023-04-04 14:00:00.000000000,1680588000000000000,4004.0,4013.0,3992.0,3994.0,1423,41623,41678
2023-04-06 09:00:00.000000000,1680742800000000000,3996.0,4004.0,3959.0,3987.0,10016,41678,34352
2023-04-06 10:00:00.000000000,1680746400000000000,3987.0,4002.0,3978.0,3982.0,725,34352,34452
2023-04-06 11:00:00.000000000,1680750000000000000,3982.0,3988.0,3963.0,3967.0,1135,34452,34710
2023-04-06 13:00:00.000000000,1680757200000000000,3967.0,3973.0,3947.0,3954.0,1670,34710,35104
2023-04-06 14:00:00.000000000,1680760800000000000,3954.0,3981.0,3947.0,3958.0,1430,35104,34999
2023-04-06 21:00:00.000000000,1680786000000000000,3961.0,4008.0,3961.0,3985.0,3108,34999,34354
2023-04-06 22:00:00.000000000,1680789600000000000,3985.0,3998.0,3983.0,3998.0,838,34354,34267
2023-04-07 09:00:00.000000000,1680829200000000000,3998.0,4010.0,3993.0,3998.0,1568,34267,34015
2023-04-07 10:00:00.000000000,1680832800000000000,3998.0,4018.0,3995.0,4007.0,855,34015,33802
2023-04-07 11:00:00.000000000,1680836400000000000,4007.0,4010.0,3997.0,4004.0,351,33802,33701
2023-04-07 13:00:00.000000000,1680843600000000000,4004.0,4016.0,4004.0,4008.0,626,33701,33495
2023-04-07 14:00:00.000000000,1680847200000000000,4008.0,4013.0,3988.0,4002.0,686,33495,33471
2023-04-07 21:00:00.000000000,1680872400000000000,4005.0,4030.0,4005.0,4017.0,1838,33471,33063
2023-04-07 22:00:00.000000000,1680876000000000000,4017.0,4017.0,4000.0,4014.0,849,33063,33060
2023-04-10 09:00:00.000000000,1681088400000000000,4014.0,4014.0,3952.0,3956.0,2633,33060,33730
2023-04-10 10:00:00.000000000,1681092000000000000,3956.0,3962.0,3940.0,3942.0,1014,33730,34086
2023-04-10 11:00:00.000000000,1681095600000000000,3942.0,3944.0,3924.0,3924.0,633,34086,34295
2023-04-10 13:00:00.000000000,1681102800000000000,3925.0,3936.0,3914.0,3917.0,810,34295,34398
2023-04-10 14:00:00.000000000,1681106400000000000,3917.0,3938.0,3908.0,3936.0,1500,34398,34527
