datetime,datetime_nano,KQ.m@INE.nr.open,KQ.m@INE.nr.high,KQ.m@INE.nr.low,KQ.m@INE.nr.close,KQ.m@INE.nr.volume,KQ.m@INE.nr.open_oi,KQ.m@INE.nr.close_oi
2019-08-12 00:00:00.000000000,1565539200000000000,9810.0,10175.0,9720.0,9820.0,43809,0,9728
2019-08-13 00:00:00.000000000,1565625600000000000,9805.0,9980.0,9775.0,9855.0,9478,9728,8932
2019-08-14 00:00:00.000000000,1565712000000000000,9815.0,10220.0,9785.0,9995.0,18558,8932,11507
2019-08-15 00:00:00.000000000,1565798400000000000,9935.0,9980.0,9850.0,9865.0,6098,11507,11523
2019-08-16 00:00:00.000000000,1565884800000000000,9875.0,9940.0,9830.0,9875.0,5077,11523,11352
2019-08-19 00:00:00.000000000,1566144000000000000,9895.0,10080.0,9885.0,10030.0,6610,11352,12748
2019-08-20 00:00:00.000000000,1566230400000000000,9995.0,10035.0,9945.0,9975.0,2545,12748,12504
2019-08-21 00:00:00.000000000,1566316800000000000,9975.0,9975.0,9835.0,9890.0,4546,12504,11878
2019-08-22 00:00:00.000000000,1566403200000000000,9890.0,9925.0,9815.0,9910.0,1828,11878,11574
2019-08-23 00:00:00.000000000,1566489600000000000,9880.0,9905.0,9780.0,9815.0,3156,11574,10851
2019-08-26 00:00:00.000000000,1566748800000000000,9780.0,9940.0,9700.0,9915.0,5260,10851,10781
2019-08-27 00:00:00.000000000,1566835200000000000,9910.0,9980.0,9860.0,9900.0,2362,10781,10983
2019-08-28 00:00:00.000000000,1566921600000000000,9930.0,10095.0,9860.0,9970.0,7170,10983,12287
2019-08-29 00:00:00.000000000,1567008000000000000,9970.0,10030.0,9905.0,9940.0,2039,12287,12453
2019-08-30 00:00:00.000000000,1567094400000000000,9970.0,10080.0,9925.0,10065.0,3655,12453,12369
2019-09-02 00:00:00.000000000,1567353600000000000,10080.0,10195.0,10000.0,10045.0,6053,12369,12059
2019-09-03 00:00:00.000000000,1567440000000000000,10040.0,10135.0,10010.0,10135.0,2567,12059,12248
2019-09-04 00:00:00.000000000,1567526400000000000,10100.0,10475.0,9900.0,10395.0,9723,12248,13091
2019-09-05 00:00:00.000000000,1567612800000000000,10400.0,10455.0,10210.0,10310.0,3706,13091,13305
2019-09-06 00:00:00.000000000,1567699200000000000,10300.0,10400.0,10160.0,10190.0,5078,13305,13308
2019-09-09 00:00:00.000000000,1567958400000000000,10220.0,10300.0,10115.0,10265.0,2301,13308,13502
2019-09-10 00:00:00.000000000,1568044800000000000,10265.0,10315.0,10155.0,10270.0,2282,13502,13418
2019-09-11 00:00:00.000000000,1568131200000000000,10270.0,10270.0,10155.0,10220.0,2402,13418,13518
2019-09-12 00:00:00.000000000,1568217600000000000,10185.0,10250.0,10120.0,10145.0,2057,13518,13520
2019-09-16 00:00:00.000000000,1568563200000000000,10310.0,10380.0,10200.0,10255.0,2501,13520,13375
2019-09-17 00:00:00.000000000,1568649600000000000,10235.0,10415.0,10210.0,10255.0,3081,13375,13496
2019-09-18 00:00:00.000000000,1568736000000000000,10235.0,10260.0,10050.0,10145.0,3659,13496,12694
2019-09-19 00:00:00.000000000,1568822400000000000,10150.0,10195.0,10080.0,10105.0,1438,12694,12502
2019-09-20 00:00:00.000000000,1568908800000000000,10110.0,10120.0,10025.0,10100.0,2253,12502,12049
2019-09-23 00:00:00.000000000,1569168000000000000,10100.0,10265.0,10085.0,10210.0,2767,12049,12259
2019-09-24 00:00:00.000000000,1569254400000000000,10215.0,10240.0,10100.0,10100.0,1076,12259,12021
2019-09-25 00:00:00.000000000,1569340800000000000,10115.0,10125.0,10000.0,10025.0,3397,12021,11124
2019-09-26 00:00:00.000000000,1569427200000000000,10010.0,10060.0,9910.0,9910.0,2783,11124,10949
2019-09-27 00:00:00.000000000,1569513600000000000,9915.0,9930.0,9700.0,9785.0,6451,10949,10466
2019-09-30 00:00:00.000000000,1569772800000000000,9780.0,9875.0,9740.0,9745.0,2118,10466,10320
2019-10-08 00:00:00.000000000,1570464000000000000,9690.0,9850.0,9600.0,9680.0,2740,10320,10721
2019-10-09 00:00:00.000000000,1570550400000000000,9675.0,9790.0,9665.0,9770.0,2545,10721,11138
2019-10-10 00:00:00.000000000,1570636800000000000,9775.0,9880.0,9700.0,9860.0,2643,11138,11086
2019-10-11 00:00:00.000000000,1570723200000000000,9850.0,9865.0,9780.0,9860.0,3352,11086,11419
2019-10-14 00:00:00.000000000,1570982400000000000,9845.0,9990.0,9795.0,9975.0,2792,11419,11426
2019-10-15 00:00:00.000000000,1571068800000000000,9930.0,9975.0,9810.0,9820.0,1659,11426,11633
2019-10-16 00:00:00.000000000,1571155200000000000,9820.0,9920.0,9790.0,9820.0,2164,11633,11996
2019-10-17 00:00:00.000000000,1571241600000000000,9820.0,9950.0,9810.0,9845.0,2152,11996,12002
2019-10-18 00:00:00.000000000,1571328000000000000,9860.0,10070.0,9850.0,9980.0,2995,12002,12265
2019-10-21 00:00:00.000000000,1571587200000000000,9995.0,10010.0,9905.0,9960.0,1564,12265,12267
2019-10-22 00:00:00.000000000,1571673600000000000,9965.0,10145.0,9945.0,10020.0,6014,12267,13498
2019-10-23 00:00:00.000000000,1571760000000000000,10020.0,10150.0,9975.0,10015.0,4093,13498,13835
2019-10-24 00:00:00.000000000,1571846400000000000,9945.0,10035.0,9920.0,9990.0,2229,13835,13998
2019-10-25 00:00:00.000000000,1571932800000000000,9975.0,10040.0,9930.0,9985.0,2173,13998,14161
2019-10-28 00:00:00.000000000,1572192000000000000,9970.0,10085.0,9850.0,9920.0,3437,14161,14033
2019-10-29 00:00:00.000000000,1572278400000000000,9905.0,9975.0,9865.0,9945.0,1401,14033,13874
2019-10-30 00:00:00.000000000,1572364800000000000,9925.0,10085.0,9890.0,10085.0,3421,13874,14344
2019-10-31 00:00:00.000000000,1572451200000000000,10070.0,10165.0,10025.0,10075.0,4931,14344,14777
2019-11-01 00:00:00.000000000,1572537600000000000,10040.0,10080.0,9930.0,10040.0,2861,14777,14668
2019-11-04 00:00:00.000000000,1572796800000000000,10015.0,10060.0,9960.0,9990.0,1653,14668,14654
2019-11-05 00:00:00.000000000,1572883200000000000,9985.0,10230.0,9985.0,10225.0,5514,14654,15223
2019-11-06 00:00:00.000000000,1572969600000000000,10215.0,10260.0,10125.0,10165.0,2602,15223,14949
2019-11-07 00:00:00.000000000,1573056000000000000,10150.0,10240.0,10060.0,10130.0,4195,14949,15061
2019-11-08 00:00:00.000000000,1573142400000000000,10155.0,10220.0,10045.0,10165.0,5748,15061,15233
2019-11-11 00:00:00.000000000,1573401600000000000,10125.0,10235.0,10050.0,10120.0,3479,15233,15192
2019-11-12 00:00:00.000000000,1573488000000000000,10125.0,10325.0,10050.0,10310.0,5284,15192,15544
2019-11-13 00:00:00.000000000,1573574400000000000,10275.0,10325.0,10180.0,10225.0,4438,15544,15105
2019-11-14 00:00:00.000000000,1573660800000000000,10165.0,10475.0,10165.0,10465.0,5241,15105,15915
2019-11-15 00:00:00.000000000,1573747200000000000,10470.0,10485.0,10115.0,10120.0,4611,15915,16672
2019-11-18 00:00:00.000000000,1574006400000000000,10230.0,10420.0,10100.0,10385.0,4665,16672,17298
2019-11-19 00:00:00.000000000,1574092800000000000,10395.0,10430.0,10295.0,10360.0,6007,17298,16721
2019-11-20 00:00:00.000000000,1574179200000000000,10360.0,10850.0,10305.0,10780.0,11363,16721,17917
2019-11-21 00:00:00.000000000,1574265600000000000,10755.0,10845.0,10670.0,10785.0,13098,17917,19338
2019-11-22 00:00:00.000000000,1574352000000000000,10800.0,11105.0,10770.0,10845.0,17387,19338,18914
2019-11-25 00:00:00.000000000,1574611200000000000,10845.0,11640.0,10160.0,10970.0,17276,18914,18525
2019-11-26 00:00:00.000000000,1574697600000000000,10980.0,11035.0,10690.0,10825.0,14458,18525,21933
2019-11-27 00:00:00.000000000,1574784000000000000,10840.0,10945.0,10735.0,10790.0,13181,21933,22851
2019-11-28 00:00:00.000000000,1574870400000000000,10790.0,10850.0,10710.0,10785.0,8911,22851,23399
2019-11-29 00:00:00.000000000,1574956800000000000,10785.0,10790.0,10625.0,10650.0,8734,23399,23996
2019-12-02 00:00:00.000000000,1575216000000000000,10630.0,10825.0,10565.0,10690.0,7566,23996,24376
2019-12-03 00:00:00.000000000,1575302400000000000,10695.0,10865.0,10600.0,10810.0,7874,24376,24970
2019-12-04 00:00:00.000000000,1575388800000000000,10810.0,10920.0,10695.0,10905.0,7725,24970,25305
2019-12-05 00:00:00.000000000,1575475200000000000,10880.0,11285.0,10850.0,11185.0,16657,25305,26170
2019-12-06 00:00:00.000000000,1575561600000000000,11130.0,11345.0,11120.0,11325.0,14597,26170,27618
2019-12-09 00:00:00.000000000,1575820800000000000,11360.0,11465.0,11150.0,11230.0,12417,27618,26546
2019-12-10 00:00:00.000000000,1575907200000000000,11235.0,11390.0,11165.0,11245.0,12006,26546,26567
2019-12-11 00:00:00.000000000,1575993600000000000,11205.0,11320.0,11065.0,11315.0,9433,26567,26564
2019-12-12 00:00:00.000000000,1576080000000000000,11295.0,11350.0,11195.0,11290.0,8545,26564,26406
2019-12-13 00:00:00.000000000,1576166400000000000,11270.0,11450.0,11050.0,11090.0,17685,26406,25585
2019-12-16 00:00:00.000000000,1576425600000000000,11090.0,11155.0,10970.0,11010.0,13482,25585,25187
2019-12-17 00:00:00.000000000,1576512000000000000,11015.0,11210.0,11000.0,11165.0,8655,25187,25301
2019-12-18 00:00:00.000000000,1576598400000000000,11195.0,11215.0,10960.0,10970.0,6820,25301,25273
2019-12-19 00:00:00.000000000,1576684800000000000,10995.0,11020.0,10660.0,10760.0,11137,25273,24654
2019-12-20 00:00:00.000000000,1576771200000000000,10770.0,10890.0,10700.0,10815.0,7092,24654,24367
2019-12-23 00:00:00.000000000,1577030400000000000,10795.0,10855.0,10660.0,10705.0,10061,24367,23011
2019-12-24 00:00:00.000000000,1577116800000000000,10680.0,10820.0,10670.0,10780.0,4783,23011,22597
2019-12-25 00:00:00.000000000,1577203200000000000,10790.0,10855.0,10745.0,10775.0,7428,22597,22795
2019-12-26 00:00:00.000000000,1577289600000000000,10740.0,10780.0,10580.0,10740.0,9135,22795,20634
2019-12-27 00:00:00.000000000,1577376000000000000,10750.0,10830.0,10725.0,10780.0,6689,20634,18896
2019-12-30 00:00:00.000000000,1577635200000000000,10735.0,10975.0,10720.0,10810.0,7736,18896,18118
2019-12-31 00:00:00.000000000,1577721600000000000,10825.0,10885.0,10745.0,10790.0,3323,18118,17796
2020-01-02 00:00:00.000000000,1577894400000000000,10930.0,11030.0,10655.0,10680.0,7482,17796,15742
2020-01-03 00:00:00.000000000,1577980800000000000,10705.0,10810.0,10635.0,10705.0,5463,15742,16162
2020-01-06 00:00:00.000000000,1578240000000000000,10690.0,10995.0,10680.0,10980.0,10030,16162,17386
2020-01-07 00:00:00.000000000,1578326400000000000,10925.0,11040.0,10880.0,11015.0,9886,17386,18065
2020-01-08 00:00:00.000000000,1578412800000000000,11025.0,11105.0,10920.0,11080.0,11188,18065,18271
2020-01-09 00:00:00.000000000,1578499200000000000,11065.0,11095.0,10825.0,10850.0,11420,18271,18004
2020-01-10 00:00:00.000000000,1578585600000000000,10855.0,10970.0,10845.0,10935.0,6053,18004,18526
2020-01-13 00:00:00.000000000,1578844800000000000,10930.0,11190.0,10910.0,11160.0,11816,18526,19263
2020-01-14 00:00:00.000000000,1578931200000000000,11175.0,11210.0,10925.0,11045.0,12659,19263,19729
2020-01-15 00:00:00.000000000,1579017600000000000,11060.0,11130.0,10905.0,11050.0,13306,19729,19684
2020-01-16 00:00:00.000000000,1579104000000000000,11045.0,11085.0,10910.0,11010.0,10128,19684,19150
2020-01-17 00:00:00.000000000,1579190400000000000,11030.0,11195.0,10900.0,10980.0,15098,19150,19555
2020-01-20 00:00:00.000000000,1579449600000000000,10990.0,11040.0,10795.0,10815.0,12602,19555,19348
2020-01-21 00:00:00.000000000,1579536000000000000,10815.0,10875.0,10500.0,10560.0,14979,19348,18146
2020-01-22 00:00:00.000000000,1579622400000000000,10560.0,10630.0,10055.0,10360.0,17834,18146,16307
2020-01-23 00:00:00.000000000,1579708800000000000,10410.0,10450.0,10110.0,10110.0,9769,16307,16200
2020-02-03 00:00:00.000000000,1580659200000000000,9400.0,9785.0,9350.0,9350.0,1906,16200,15911
2020-02-04 00:00:00.000000000,1580745600000000000,8565.0,9310.0,8300.0,9285.0,9747,15911,15899
2020-02-05 00:00:00.000000000,1580832000000000000,9330.0,9560.0,9270.0,9445.0,11900,15899,17426
2020-02-06 00:00:00.000000000,1580918400000000000,9545.0,9650.0,9445.0,9630.0,9008,17426,18931
2020-02-07 00:00:00.000000000,1581004800000000000,9540.0,9665.0,9500.0,9540.0,7676,18931,19457
2020-02-10 00:00:00.000000000,1581264000000000000,9480.0,9605.0,9455.0,9540.0,8708,19457,19482
2020-02-11 00:00:00.000000000,1581350400000000000,9570.0,9685.0,9555.0,9640.0,11152,19482,19514
2020-02-12 00:00:00.000000000,1581436800000000000,9660.0,9700.0,9520.0,9660.0,9505,19514,19602
2020-02-13 00:00:00.000000000,1581523200000000000,9675.0,9710.0,9580.0,9620.0,7693,19602,19776
2020-02-14 00:00:00.000000000,1581609600000000000,9640.0,9660.0,9535.0,9645.0,7692,19776,19234
2020-02-17 00:00:00.000000000,1581868800000000000,9690.0,9875.0,9635.0,9855.0,6483,19234,18883
2020-02-18 00:00:00.000000000,1581955200000000000,9850.0,9885.0,9725.0,9780.0,6648,18883,18430
2020-02-19 00:00:00.000000000,1582041600000000000,9775.0,9800.0,9710.0,9740.0,3828,18430,18172
2020-02-20 00:00:00.000000000,1582128000000000000,9780.0,9830.0,9650.0,9805.0,5940,18172,17714
2020-02-21 00:00:00.000000000,1582214400000000000,9840.0,9920.0,9780.0,9860.0,6757,17714,17053
2020-02-24 00:00:00.000000000,1582473600000000000,9740.0,9840.0,9495.0,9580.0,10633,17053,15184
2020-02-25 00:00:00.000000000,1582560000000000000,9410.0,9775.0,9405.0,9715.0,7275,15184,14048
2020-02-26 00:00:00.000000000,1582646400000000000,9620.0,9675.0,9515.0,9535.0,5630,14048,11857
2020-02-27 00:00:00.000000000,1582732800000000000,9470.0,9600.0,9455.0,9480.0,3274,11857,10171
2020-02-28 00:00:00.000000000,1582819200000000000,9285.0,9595.0,8875.0,8900.0,6014,10171,9701
2020-03-02 00:00:00.000000000,1583078400000000000,9035.0,9375.0,8900.0,9300.0,5147,9701,8636
2020-03-03 00:00:00.000000000,1583164800000000000,9515.0,9535.0,9210.0,9250.0,2473,8636,7665
2020-03-04 00:00:00.000000000,1583251200000000000,9205.0,9310.0,9175.0,9290.0,1988,7665,6672
2020-03-05 00:00:00.000000000,1583337600000000000,9345.0,9360.0,9270.0,9280.0,2419,6672,5434
2020-03-06 00:00:00.000000000,1583424000000000000,9210.0,9265.0,9085.0,9115.0,816,5434,5138
2020-03-09 00:00:00.000000000,1583683200000000000,8520.0,8830.0,8520.0,8530.0,1798,5138,4741
2020-03-10 00:00:00.000000000,1583769600000000000,8710.0,8995.0,8575.0,8900.0,1957,4741,4445
2020-03-11 00:00:00.000000000,1583856000000000000,9045.0,9115.0,8845.0,8885.0,3977,4445,19958
2020-03-12 00:00:00.000000000,1583942400000000000,8875.0,8975.0,8650.0,8830.0,7473,19958,20454
2020-03-13 00:00:00.000000000,1584028800000000000,8690.0,8985.0,8525.0,8950.0,9829,20454,21515
2020-03-16 00:00:00.000000000,1584288000000000000,8815.0,8915.0,8655.0,8680.0,6509,21515,20638
2020-03-17 00:00:00.000000000,1584374400000000000,8700.0,8785.0,8535.0,8645.0,7372,20638,20511
2020-03-18 00:00:00.000000000,1584460800000000000,8645.0,8825.0,8305.0,8380.0,7688,20511,20441
2020-03-19 00:00:00.000000000,1584547200000000000,8400.0,8410.0,7905.0,8110.0,12606,20441,19607
2020-03-20 00:00:00.000000000,1584633600000000000,8355.0,8390.0,8080.0,8230.0,7136,19607,18744
2020-03-23 00:00:00.000000000,1584892800000000000,7810.0,7985.0,7760.0,7800.0,6250,18744,18211
2020-03-24 00:00:00.000000000,1584979200000000000,8000.0,8050.0,7750.0,7950.0,7476,18211,16383
2020-03-25 00:00:00.000000000,1585065600000000000,8060.0,8120.0,7920.0,8060.0,5911,16383,13629
2020-03-26 00:00:00.000000000,1585152000000000000,7950.0,8155.0,7825.0,7975.0,6735,13629,15736
2020-03-27 00:00:00.000000000,1585238400000000000,8035.0,8100.0,7850.0,7870.0,3843,15736,15841
2020-03-30 00:00:00.000000000,1585497600000000000,7635.0,7755.0,7555.0,7630.0,4366,15841,15968
2020-03-31 00:00:00.000000000,1585584000000000000,7815.0,7845.0,7645.0,7765.0,7562,15968,13182
2020-04-01 00:00:00.000000000,1585670400000000000,7735.0,7815.0,7345.0,7620.0,5928,13182,11963
2020-04-02 00:00:00.000000000,1585756800000000000,7485.0,7745.0,7400.0,7705.0,5284,11963,11287
2020-04-03 00:00:00.000000000,1585843200000000000,7750.0,7840.0,7560.0,7665.0,4512,11287,10881
2020-04-07 00:00:00.000000000,1586188800000000000,7835.0,7930.0,7745.0,7805.0,3535,10881,10736
2020-04-08 00:00:00.000000000,1586275200000000000,7715.0,8300.0,7685.0,8200.0,8132,10736,10950
2020-04-09 00:00:00.000000000,1586361600000000000,8230.0,8275.0,8080.0,8205.0,5825,10950,10444
2020-04-10 00:00:00.000000000,1586448000000000000,8055.0,8280.0,7975.0,8265.0,4120,10444,9730
2020-04-13 00:00:00.000000000,1586707200000000000,8285.0,8435.0,7960.0,8005.0,3993,9730,9289
2020-04-14 00:00:00.000000000,1586793600000000000,8195.0,8325.0,8150.0,8285.0,3783,9289,12022
2020-04-15 00:00:00.000000000,1586880000000000000,8230.0,8330.0,8185.0,8220.0,3417,12022,12330
2020-04-16 00:00:00.000000000,1586966400000000000,8245.0,8275.0,8020.0,8060.0,3124,12330,12299
2020-04-17 00:00:00.000000000,1587052800000000000,8180.0,8285.0,8130.0,8245.0,4892,12299,11717
2020-04-20 00:00:00.000000000,1587312000000000000,8185.0,8455.0,8120.0,8380.0,4560,11717,11895
2020-04-21 00:00:00.000000000,1587398400000000000,8285.0,8355.0,7900.0,8045.0,4890,11895,11582
2020-04-22 00:00:00.000000000,1587484800000000000,7870.0,7980.0,7790.0,7950.0,5130,11582,11388
2020-04-23 00:00:00.000000000,1587571200000000000,8020.0,8220.0,8000.0,8155.0,6670,11388,9568
2020-04-24 00:00:00.000000000,1587657600000000000,8185.0,8310.0,8105.0,8160.0,4739,9568,6847
2020-04-27 00:00:00.000000000,1587916800000000000,8100.0,8275.0,7920.0,8100.0,6784,6847,9408
2020-04-28 00:00:00.000000000,1588003200000000000,8110.0,8115.0,7920.0,8030.0,3952,9408,9844
2020-04-29 00:00:00.000000000,1588089600000000000,8095.0,8140.0,7950.0,7995.0,2232,9844,10119
2020-04-30 00:00:00.000000000,1588176000000000000,8065.0,8140.0,8030.0,8050.0,5116,10119,8642
2020-05-06 00:00:00.000000000,1588694400000000000,8150.0,8345.0,8045.0,8320.0,4457,8642,9383
2020-05-07 00:00:00.000000000,1588780800000000000,8280.0,8550.0,8235.0,8440.0,7136,9383,9685
2020-05-08 00:00:00.000000000,1588867200000000000,8580.0,8665.0,8400.0,8445.0,3918,9685,10867
2020-05-11 00:00:00.000000000,1589126400000000000,8465.0,8650.0,8200.0,8515.0,5540,10867,12507
2020-05-12 00:00:00.000000000,1589212800000000000,8450.0,8570.0,8275.0,8340.0,4757,12507,12415
2020-05-13 00:00:00.000000000,1589299200000000000,8390.0,8430.0,8200.0,8385.0,4187,12415,12766
2020-05-14 00:00:00.000000000,1589385600000000000,8415.0,8450.0,8190.0,8245.0,3489,12766,13199
2020-05-15 00:00:00.000000000,1589472000000000000,8265.0,8460.0,8220.0,8395.0,3430,13199,13413
2020-05-18 00:00:00.000000000,1589731200000000000,8375.0,8470.0,8285.0,8335.0,3831,13413,13871
2020-05-19 00:00:00.000000000,1589817600000000000,8385.0,8625.0,8365.0,8440.0,6502,13871,13821
2020-05-20 00:00:00.000000000,1589904000000000000,8465.0,8595.0,8430.0,8580.0,5095,13821,14384
2020-05-21 00:00:00.000000000,1589990400000000000,8560.0,8700.0,8470.0,8520.0,4884,14384,14472
2020-05-22 00:00:00.000000000,1590076800000000000,8520.0,8560.0,8280.0,8290.0,9079,14472,10620
2020-05-25 00:00:00.000000000,1590336000000000000,8320.0,8420.0,8300.0,8375.0,3856,10620,9099
2020-05-26 00:00:00.000000000,1590422400000000000,8365.0,8475.0,8320.0,8430.0,4175,9099,7497
2020-05-27 00:00:00.000000000,1590508800000000000,8455.0,8490.0,8340.0,8405.0,2412,7497,7254
2020-05-28 00:00:00.000000000,1590595200000000000,8405.0,8485.0,8295.0,8455.0,3974,7254,6629
2020-05-29 00:00:00.000000000,1590681600000000000,8645.0,8775.0,8450.0,8525.0,4138,6629,8380
2020-06-01 00:00:00.000000000,1590940800000000000,8565.0,8830.0,8510.0,8790.0,6613,8380,10814
2020-06-02 00:00:00.000000000,1591027200000000000,8795.0,8910.0,8715.0,8765.0,4377,10814,11483
2020-06-03 00:00:00.000000000,1591113600000000000,8765.0,8880.0,8715.0,8835.0,3045,11483,12467
2020-06-04 00:00:00.000000000,1591200000000000000,8825.0,8845.0,8660.0,8720.0,4251,12467,13427
2020-06-05 00:00:00.000000000,1591286400000000000,8725.0,9120.0,8695.0,9105.0,7191,13427,15001
2020-06-08 00:00:00.000000000,1591545600000000000,9100.0,9155.0,8980.0,9030.0,5008,15001,15453
2020-06-09 00:00:00.000000000,1591632000000000000,9055.0,9100.0,8960.0,9080.0,5245,15453,15627
2020-06-10 00:00:00.000000000,1591718400000000000,9030.0,9070.0,8965.0,8985.0,3601,15627,15928
2020-06-11 00:00:00.000000000,1591804800000000000,9025.0,9115.0,8870.0,8940.0,4933,15928,16302
2020-06-12 00:00:00.000000000,1591891200000000000,8875.0,8905.0,8650.0,8815.0,4866,16302,16709
2020-06-15 00:00:00.000000000,1592150400000000000,8830.0,8865.0,8625.0,8640.0,5292,16709,17451
2020-06-16 00:00:00.000000000,1592236800000000000,8675.0,8800.0,8650.0,8765.0,3194,17451,17770
2020-06-17 00:00:00.000000000,1592323200000000000,8780.0,8840.0,8640.0,8710.0,3606,17770,17970
2020-06-18 00:00:00.000000000,1592409600000000000,8745.0,8750.0,8670.0,8735.0,3089,17970,18116
2020-06-19 00:00:00.000000000,1592496000000000000,8730.0,8880.0,8695.0,8880.0,4157,18116,18385
2020-06-22 00:00:00.000000000,1592755200000000000,8870.0,8950.0,8725.0,8760.0,4302,18385,18356
2020-06-23 00:00:00.000000000,1592841600000000000,8785.0,8845.0,8725.0,8835.0,3953,18356,18131
2020-06-24 00:00:00.000000000,1592928000000000000,8845.0,8850.0,8740.0,8740.0,5418,18131,15407
2020-06-29 00:00:00.000000000,1593360000000000000,8660.0,8690.0,8445.0,8475.0,5114,15407,16526
2020-06-30 00:00:00.000000000,1593446400000000000,8510.0,8645.0,8500.0,8595.0,3930,16526,16729
2020-07-01 00:00:00.000000000,1593532800000000000,8570.0,8650.0,8555.0,8620.0,4337,16729,17606
2020-07-02 00:00:00.000000000,1593619200000000000,8575.0,8770.0,8550.0,8715.0,5757,17606,19433
2020-07-03 00:00:00.000000000,1593705600000000000,8720.0,8860.0,8705.0,8860.0,4812,19433,20068
2020-07-06 00:00:00.000000000,1593964800000000000,8830.0,8980.0,8760.0,8965.0,7076,20068,20429
2020-07-07 00:00:00.000000000,1594051200000000000,8955.0,9075.0,8855.0,8885.0,7913,20429,20487
2020-07-08 00:00:00.000000000,1594137600000000000,8915.0,9000.0,8865.0,8910.0,7088,20487,20637
2020-07-09 00:00:00.000000000,1594224000000000000,8910.0,9050.0,8830.0,8840.0,6998,20637,21244
2020-07-10 00:00:00.000000000,1594310400000000000,8875.0,8930.0,8635.0,8675.0,6415,21244,21150
2020-07-13 00:00:00.000000000,1594569600000000000,8710.0,8870.0,8685.0,8805.0,5116,21150,21104
2020-07-14 00:00:00.000000000,1594656000000000000,8780.0,8875.0,8695.0,8775.0,4779,21104,20989
2020-07-15 00:00:00.000000000,1594742400000000000,8745.0,8885.0,8720.0,8785.0,3965,20989,21132
2020-07-16 00:00:00.000000000,1594828800000000000,8820.0,8925.0,8575.0,8605.0,8431,21132,21325
2020-07-17 00:00:00.000000000,1594915200000000000,8645.0,8700.0,8585.0,8620.0,6118,21325,21264
2020-07-20 00:00:00.000000000,1595174400000000000,8645.0,8675.0,8520.0,8565.0,6109,21264,20551
2020-07-21 00:00:00.000000000,1595260800000000000,8615.0,8730.0,8575.0,8705.0,4741,20551,19736
2020-07-22 00:00:00.000000000,1595347200000000000,8730.0,8775.0,8620.0,8655.0,8198,19736,18560
2020-07-23 00:00:00.000000000,1595433600000000000,8625.0,8640.0,8510.0,8550.0,6156,18560,17613
2020-07-24 00:00:00.000000000,1595520000000000000,8565.0,8700.0,8490.0,8540.0,12120,17613,12225
2020-07-27 00:00:00.000000000,1595779200000000000,8540.0,8720.0,8535.0,8700.0,3660,12225,11176
2020-07-28 00:00:00.000000000,1595865600000000000,8770.0,8865.0,8715.0,8840.0,2124,11176,20239
2020-07-29 00:00:00.000000000,1595952000000000000,8820.0,8995.0,8760.0,8990.0,5387,20239,19958
2020-07-30 00:00:00.000000000,1596038400000000000,8985.0,9240.0,8950.0,9020.0,11893,19958,21022
2020-07-31 00:00:00.000000000,1596124800000000000,9020.0,9060.0,8795.0,8935.0,6253,21022,21471
2020-08-03 00:00:00.000000000,1596384000000000000,8975.0,9040.0,8900.0,9040.0,4120,21471,21955
2020-08-04 00:00:00.000000000,1596470400000000000,9035.0,9100.0,8950.0,8975.0,6091,21955,22459
2020-08-05 00:00:00.000000000,1596556800000000000,8985.0,9050.0,8915.0,9025.0,4269,22459,22371
2020-08-06 00:00:00.000000000,1596643200000000000,9090.0,9515.0,9020.0,9485.0,10617,22371,23530
2020-08-07 00:00:00.000000000,1596729600000000000,9475.0,9740.0,9435.0,9740.0,21885,23530,27346
2020-08-10 00:00:00.000000000,1596988800000000000,9680.0,9755.0,9315.0,9510.0,24325,27346,25354
2020-08-11 00:00:00.000000000,1597075200000000000,9565.0,9615.0,9205.0,9255.0,11952,25354,24207
2020-08-12 00:00:00.000000000,1597161600000000000,9310.0,9380.0,9110.0,9275.0,11804,24207,23594
2020-08-13 00:00:00.000000000,1597248000000000000,9335.0,9370.0,9190.0,9225.0,5887,23594,23896
2020-08-14 00:00:00.000000000,1597334400000000000,9235.0,9395.0,9200.0,9375.0,9127,23896,23645
2020-08-17 00:00:00.000000000,1597593600000000000,9420.0,9515.0,9300.0,9400.0,8376,23645,23323
2020-08-18 00:00:00.000000000,1597680000000000000,9420.0,9515.0,9385.0,9420.0,7109,23323,23141
2020-08-19 00:00:00.000000000,1597766400000000000,9405.0,9480.0,9360.0,9380.0,11068,23141,22088
2020-08-20 00:00:00.000000000,1597852800000000000,9415.0,9440.0,9260.0,9360.0,14340,22088,20329
2020-08-21 00:00:00.000000000,1597939200000000000,9380.0,9430.0,9250.0,9355.0,10264,20329,19080
2020-08-24 00:00:00.000000000,1598198400000000000,9320.0,9575.0,9240.0,9565.0,14160,19080,18416
2020-08-25 00:00:00.000000000,1598284800000000000,9590.0,9625.0,9425.0,9455.0,14402,18416,16550
2020-08-26 00:00:00.000000000,1598371200000000000,9470.0,9545.0,9405.0,9465.0,9100,16550,11111
2020-08-27 00:00:00.000000000,1598457600000000000,9645.0,9870.0,9575.0,9675.0,9500,11111,23431
2020-08-28 00:00:00.000000000,1598544000000000000,9705.0,9755.0,9585.0,9720.0,5284,23431,24156
2020-08-31 00:00:00.000000000,1598803200000000000,9770.0,9990.0,9735.0,9865.0,10744,24156,24912
2020-09-01 00:00:00.000000000,1598889600000000000,9860.0,9920.0,9780.0,9895.0,6223,24912,24945
2020-09-02 00:00:00.000000000,1598976000000000000,9885.0,10005.0,9810.0,9855.0,7752,24945,25430
2020-09-03 00:00:00.000000000,1599062400000000000,9810.0,9840.0,9590.0,9610.0,9784,25430,25409
2020-09-04 00:00:00.000000000,1599148800000000000,9595.0,9680.0,9420.0,9595.0,8158,25409,25798
2020-09-07 00:00:00.000000000,1599408000000000000,9605.0,9635.0,9410.0,9455.0,8856,25798,25167
2020-09-08 00:00:00.000000000,1599494400000000000,9470.0,9585.0,9445.0,9475.0,5638,25167,24556
2020-09-09 00:00:00.000000000,1599580800000000000,9360.0,9480.0,9100.0,9135.0,11022,24556,23857
2020-09-10 00:00:00.000000000,1599667200000000000,9185.0,9285.0,9150.0,9200.0,6687,23857,23464
2020-09-11 00:00:00.000000000,1599753600000000000,9220.0,9265.0,9160.0,9190.0,5109,23464,23131
2020-09-14 00:00:00.000000000,1600012800000000000,9185.0,9355.0,9180.0,9315.0,5221,23131,23018
2020-09-15 00:00:00.000000000,1600099200000000000,9320.0,9435.0,9280.0,9345.0,6087,23018,22918
2020-09-16 00:00:00.000000000,1600185600000000000,9385.0,9500.0,9295.0,9465.0,6176,22918,22569
2020-09-17 00:00:00.000000000,1600272000000000000,9470.0,9480.0,9265.0,9295.0,6767,22569,22945
2020-09-18 00:00:00.000000000,1600358400000000000,9335.0,9490.0,9245.0,9460.0,7531,22945,22581
2020-09-21 00:00:00.000000000,1600617600000000000,9450.0,9570.0,9365.0,9455.0,7877,22581,22658
2020-09-22 00:00:00.000000000,1600704000000000000,9400.0,9440.0,9080.0,9240.0,9648,22658,21803
2020-09-23 00:00:00.000000000,1600790400000000000,9280.0,9355.0,9130.0,9280.0,10105,21803,19089
2020-09-24 00:00:00.000000000,1600876800000000000,9280.0,9450.0,9260.0,9375.0,11213,19089,15736
2020-09-25 00:00:00.000000000,1600963200000000000,9375.0,9820.0,9305.0,9540.0,20684,15736,10460
2020-09-28 00:00:00.000000000,1601222400000000000,9710.0,9750.0,9575.0,9705.0,7988,10460,20995
2020-09-29 00:00:00.000000000,1601308800000000000,9730.0,9730.0,9500.0,9560.0,7205,20995,21301
2020-09-30 00:00:00.000000000,1601395200000000000,9555.0,9620.0,9355.0,9360.0,7848,21301,21346
2020-10-09 00:00:00.000000000,1602172800000000000,9530.0,9720.0,9500.0,9665.0,7947,21346,21661
2020-10-12 00:00:00.000000000,1602432000000000000,9640.0,10100.0,9640.0,9995.0,11962,21661,21861
2020-10-13 00:00:00.000000000,1602518400000000000,9980.0,10140.0,9885.0,10005.0,9095,21861,22640
2020-10-14 00:00:00.000000000,1602604800000000000,10050.0,10270.0,10015.0,10185.0,12918,22640,23234
2020-10-15 00:00:00.000000000,1602691200000000000,10195.0,10320.0,10055.0,10115.0,12075,23234,24085
2020-10-16 00:00:00.000000000,1602777600000000000,10090.0,10450.0,9945.0,10130.0,21368,24085,23822
2020-10-19 00:00:00.000000000,1603036800000000000,10150.0,10810.0,9970.0,10180.0,29570,23822,23828
2020-10-20 00:00:00.000000000,1603123200000000000,10160.0,10800.0,10060.0,10715.0,24667,23828,23630
2020-10-21 00:00:00.000000000,1603209600000000000,10780.0,10960.0,10525.0,10670.0,31577,23630,22052
2020-10-22 00:00:00.000000000,1603296000000000000,10725.0,11050.0,10620.0,10850.0,35036,22052,20183
2020-10-23 00:00:00.000000000,1603382400000000000,10895.0,11005.0,10785.0,10855.0,26637,20183,17479
2020-10-26 00:00:00.000000000,1603641600000000000,10875.0,11550.0,10870.0,11275.0,30442,17479,10556
2020-10-27 00:00:00.000000000,1603728000000000000,11605.0,11860.0,11505.0,11725.0,33094,10556,27508
2020-10-28 00:00:00.000000000,1603814400000000000,11830.0,12275.0,11775.0,12145.0,53113,27508,28591
2020-10-29 00:00:00.000000000,1603900800000000000,12000.0,12105.0,11280.0,11280.0,61498,28591,29602
2020-10-30 00:00:00.000000000,1603987200000000000,11050.0,11570.0,10850.0,10865.0,66269,29602,29621
2020-11-02 00:00:00.000000000,1604246400000000000,10910.0,11140.0,10420.0,10520.0,61818,29621,31333
2020-11-03 00:00:00.000000000,1604332800000000000,10470.0,10765.0,10470.0,10525.0,45622,31333,31772
2020-11-04 00:00:00.000000000,1604419200000000000,10545.0,10855.0,10350.0,10580.0,49461,31772,31456
2020-11-05 00:00:00.000000000,1604505600000000000,10625.0,10750.0,10360.0,10475.0,36308,31456,32611
2020-11-06 00:00:00.000000000,1604592000000000000,10690.0,10710.0,10390.0,10415.0,25578,32611,31237
2020-11-09 00:00:00.000000000,1604851200000000000,10460.0,10530.0,10055.0,10295.0,43654,31237,30121
2020-11-10 00:00:00.000000000,1604937600000000000,10480.0,10610.0,10265.0,10355.0,34631,30121,30556
2020-11-11 00:00:00.000000000,1605024000000000000,10370.0,10675.0,10310.0,10610.0,25162,30556,30025
2020-11-12 00:00:00.000000000,1605110400000000000,10585.0,10825.0,10505.0,10810.0,23356,30025,29955
2020-11-13 00:00:00.000000000,1605196800000000000,10790.0,10850.0,10540.0,10610.0,23932,29955,28919
2020-11-16 00:00:00.000000000,1605456000000000000,10610.0,10755.0,10545.0,10680.0,15503,28919,28671
2020-11-17 00:00:00.000000000,1605542400000000000,10790.0,10790.0,10385.0,10445.0,17495,28671,28125
2020-11-18 00:00:00.000000000,1605628800000000000,10400.0,10490.0,10275.0,10405.0,13052,28125,27949
2020-11-19 00:00:00.000000000,1605715200000000000,10430.0,10585.0,10360.0,10510.0,14141,27949,26900
2020-11-20 00:00:00.000000000,1605801600000000000,10440.0,10590.0,10350.0,10370.0,12203,26900,26061
2020-11-23 00:00:00.000000000,1606060800000000000,10435.0,10665.0,10395.0,10630.0,13016,26061,24143
2020-11-24 00:00:00.000000000,1606147200000000000,10640.0,10695.0,10385.0,10690.0,15395,24143,21163
2020-11-25 00:00:00.000000000,1606233600000000000,10675.0,10825.0,10585.0,10700.0,15771,21163,16411
2020-11-26 00:00:00.000000000,1606320000000000000,10700.0,10790.0,10570.0,10625.0,11565,16411,12669
2020-11-27 00:00:00.000000000,1606406400000000000,10615.0,11255.0,10600.0,11195.0,16792,12669,8909
2020-11-30 00:00:00.000000000,1606665600000000000,11280.0,11360.0,10980.0,11025.0,14545,8909,27769
2020-12-01 00:00:00.000000000,1606752000000000000,11110.0,11275.0,11015.0,11130.0,12119,27769,27517
2020-12-02 00:00:00.000000000,1606838400000000000,11180.0,11480.0,11070.0,11370.0,20200,27517,28246
2020-12-03 00:00:00.000000000,1606924800000000000,11360.0,11410.0,11050.0,11090.0,19394,28246,27409
2020-12-04 00:00:00.000000000,1607011200000000000,11105.0,11185.0,10545.0,10715.0,27358,27409,27805
2020-12-07 00:00:00.000000000,1607270400000000000,10715.0,11000.0,10700.0,10745.0,17639,27805,27685
2020-12-08 00:00:00.000000000,1607356800000000000,10725.0,10855.0,10505.0,10515.0,12510,27685,28240
2020-12-09 00:00:00.000000000,1607443200000000000,10530.0,10550.0,10250.0,10270.0,21010,28240,29468
2020-12-10 00:00:00.000000000,1607529600000000000,10320.0,10490.0,10230.0,10260.0,12544,29468,28686
2020-12-11 00:00:00.000000000,1607616000000000000,10250.0,10540.0,10215.0,10465.0,13925,28686,28431
2020-12-14 00:00:00.000000000,1607875200000000000,10465.0,10760.0,10370.0,10620.0,16991,28431,28608
2020-12-15 00:00:00.000000000,1607961600000000000,10625.0,10625.0,10405.0,10505.0,10749,28608,27181
2020-12-16 00:00:00.000000000,1608048000000000000,10580.0,10670.0,10335.0,10360.0,12383,27181,26624
2020-12-17 00:00:00.000000000,1608134400000000000,10395.0,10645.0,10385.0,10555.0,13593,26624,25003
2020-12-18 00:00:00.000000000,1608220800000000000,10515.0,10795.0,10480.0,10780.0,15205,25003,24045
2020-12-21 00:00:00.000000000,1608480000000000000,10810.0,11070.0,10665.0,10865.0,19375,24045,22277
2020-12-22 00:00:00.000000000,1608566400000000000,10765.0,10765.0,10060.0,10060.0,23927,22277,20294
2020-12-23 00:00:00.000000000,1608652800000000000,10160.0,10325.0,10090.0,10280.0,16142,20294,18638
2020-12-24 00:00:00.000000000,1608739200000000000,10320.0,10515.0,10235.0,10370.0,14045,18638,15752
2020-12-25 00:00:00.000000000,1608825600000000000,10350.0,10535.0,10295.0,10340.0,11600,15752,13165
2020-12-28 00:00:00.000000000,1609084800000000000,10355.0,10400.0,9980.0,10165.0,12855,13165,10460
2020-12-29 00:00:00.000000000,1609171200000000000,10315.0,10395.0,10000.0,10045.0,16097,10460,25908
2020-12-30 00:00:00.000000000,1609257600000000000,10075.0,10195.0,9910.0,10130.0,15462,25908,26642
2020-12-31 00:00:00.000000000,1609344000000000000,10125.0,10355.0,10030.0,10310.0,12213,26642,27264
2021-01-04 00:00:00.000000000,1609689600000000000,10450.0,10735.0,10405.0,10660.0,12432,27264,27517
2021-01-05 00:00:00.000000000,1609776000000000000,10580.0,10690.0,10425.0,10685.0,14435,27517,27859
2021-01-06 00:00:00.000000000,1609862400000000000,10725.0,10805.0,10515.0,10700.0,14412,27859,28599
2021-01-07 00:00:00.000000000,1609948800000000000,10670.0,11100.0,10450.0,11015.0,22413,28599,29967
2021-01-08 00:00:00.000000000,1610035200000000000,11000.0,11065.0,10800.0,10990.0,12354,29967,30425
2021-01-11 00:00:00.000000000,1610294400000000000,10965.0,11185.0,10290.0,10440.0,25747,30425,29833
2021-01-12 00:00:00.000000000,1610380800000000000,10495.0,10610.0,10330.0,10530.0,13522,29833,29567
2021-01-13 00:00:00.000000000,1610467200000000000,10600.0,10690.0,10465.0,10670.0,15910,29567,29109
2021-01-14 00:00:00.000000000,1610553600000000000,10620.0,10715.0,10405.0,10645.0,16136,29109,28545
2021-01-15 00:00:00.000000000,1610640000000000000,10660.0,11085.0,10640.0,10945.0,19843,28545,29202
2021-01-18 00:00:00.000000000,1610899200000000000,10920.0,11160.0,10820.0,11020.0,17211,29202,29106
2021-01-19 00:00:00.000000000,1610985600000000000,10970.0,11005.0,10705.0,10820.0,13911,29106,28303
2021-01-20 00:00:00.000000000,1611072000000000000,10880.0,10990.0,10745.0,10850.0,12030,28303,27436
2021-01-21 00:00:00.000000000,1611158400000000000,10815.0,11160.0,10725.0,10890.0,17892,27436,26377
2021-01-22 00:00:00.000000000,1611244800000000000,10870.0,10930.0,10535.0,10635.0,20135,26377,24277
2021-01-25 00:00:00.000000000,1611504000000000000,10580.0,10710.0,10455.0,10505.0,16224,24277,22147
2021-01-26 00:00:00.000000000,1611590400000000000,10540.0,10700.0,10390.0,10390.0,19968,22147,16462
2021-01-27 00:00:00.000000000,1611676800000000000,10450.0,10675.0,10415.0,10595.0,12156,16462,13388
2021-01-28 00:00:00.000000000,1611763200000000000,10540.0,10590.0,10285.0,10450.0,11450,13388,11908
2021-01-29 00:00:00.000000000,1611849600000000000,10525.0,10690.0,10520.0,10660.0,11607,11908,9933
2021-02-01 00:00:00.000000000,1612108800000000000,10720.0,10920.0,10705.0,10850.0,18531,9933,26552
2021-02-02 00:00:00.000000000,1612195200000000000,10820.0,10935.0,10590.0,10675.0,20711,26552,28047
2021-02-03 00:00:00.000000000,1612281600000000000,10715.0,10745.0,10505.0,10515.0,19307,28047,28922
2021-02-04 00:00:00.000000000,1612368000000000000,10600.0,10845.0,10520.0,10810.0,21193,28922,29155
2021-02-05 00:00:00.000000000,1612454400000000000,10780.0,10975.0,10760.0,10920.0,23035,29155,30372
2021-02-08 00:00:00.000000000,1612713600000000000,10940.0,11130.0,10805.0,10920.0,23565,30372,30176
2021-02-09 00:00:00.000000000,1612800000000000000,10925.0,11110.0,10800.0,11000.0,20859,30176,28950
2021-02-10 00:00:00.000000000,1612886400000000000,10910.0,10945.0,10630.0,10800.0,19699,28950,27886
2021-02-18 00:00:00.000000000,1613577600000000000,11180.0,11430.0,10975.0,11140.0,24135,27886,27199
2021-02-19 00:00:00.000000000,1613664000000000000,11190.0,11615.0,11180.0,11560.0,31066,27199,26261
2021-02-22 00:00:00.000000000,1613923200000000000,11560.0,12100.0,11465.0,11765.0,38571,26261,25521
2021-02-23 00:00:00.000000000,1614009600000000000,11745.0,12330.0,11645.0,11950.0,37350,25521,20876
2021-02-24 00:00:00.000000000,1614096000000000000,11855.0,12205.0,11790.0,12130.0,27520,20876,14731
2021-02-25 00:00:00.000000000,1614182400000000000,12230.0,12960.0,12220.0,12955.0,23260,14731,13072
2021-02-26 00:00:00.000000000,1614268800000000000,12955.0,13040.0,11925.0,11950.0,41191,13072,10048
2021-03-01 00:00:00.000000000,1614528000000000000,12010.0,12225.0,11685.0,11950.0,42827,10048,34269
2021-03-02 00:00:00.000000000,1614614400000000000,12010.0,12150.0,11425.0,11630.0,31917,34269,35295
2021-03-03 00:00:00.000000000,1614700800000000000,11725.0,11845.0,11570.0,11810.0,22572,35295,36336
2021-03-04 00:00:00.000000000,1614787200000000000,11925.0,12000.0,11540.0,11680.0,34156,36336,36804
2021-03-05 00:00:00.000000000,1614873600000000000,11640.0,11980.0,11505.0,11930.0,39061,36804,37569
2021-03-08 00:00:00.000000000,1615132800000000000,11995.0,12425.0,11715.0,11755.0,40796,37569,38170
2021-03-09 00:00:00.000000000,1615219200000000000,11780.0,12030.0,11675.0,11690.0,33323,38170,37172
2021-03-10 00:00:00.000000000,1615305600000000000,11750.0,12230.0,11610.0,12200.0,40664,37172,38888
2021-03-11 00:00:00.000000000,1615392000000000000,12190.0,12210.0,11730.0,12160.0,35950,38888,38450
2021-03-12 00:00:00.000000000,1615478400000000000,12160.0,12300.0,12000.0,12030.0,27876,38450,37860
2021-03-15 00:00:00.000000000,1615737600000000000,12030.0,12220.0,11775.0,11885.0,30126,37860,36335
2021-03-16 00:00:00.000000000,1615824000000000000,11900.0,12065.0,11805.0,11900.0,26625,36335,34490
2021-03-17 00:00:00.000000000,1615910400000000000,11885.0,12265.0,11850.0,12195.0,28656,34490,34177
2021-03-18 00:00:00.000000000,1615996800000000000,12145.0,12485.0,12060.0,12170.0,30928,34177,33592
2021-03-19 00:00:00.000000000,1616083200000000000,12170.0,12315.0,11570.0,11645.0,42841,33592,30601
2021-03-22 00:00:00.000000000,1616342400000000000,11690.0,11925.0,11665.0,11855.0,24938,30601,29585
2021-03-23 00:00:00.000000000,1616428800000000000,11860.0,11870.0,11535.0,11690.0,21328,29585,28539
2021-03-24 00:00:00.000000000,1616515200000000000,11625.0,11640.0,11110.0,11550.0,26484,28539,27359
2021-03-25 00:00:00.000000000,1616601600000000000,11570.0,11605.0,11255.0,11305.0,15028,27359,26123
2021-03-26 00:00:00.000000000,1616688000000000000,11205.0,11270.0,11020.0,11245.0,23845,26123,18957
2021-03-29 00:00:00.000000000,1616947200000000000,11270.0,11320.0,11005.0,11090.0,21789,18957,15547
2021-03-30 00:00:00.000000000,1617033600000000000,11130.0,11175.0,10930.0,11085.0,16680,15547,11534
2021-03-31 00:00:00.000000000,1617120000000000000,11090.0,11115.0,10535.0,10710.0,17144,11534,9368
2021-04-01 00:00:00.000000000,1617206400000000000,10895.0,11120.0,10875.0,11070.0,14019,9368,33851
2021-04-02 00:00:00.000000000,1617292800000000000,11045.0,11415.0,11010.0,11275.0,17444,33851,33998
2021-04-06 00:00:00.000000000,1617638400000000000,11215.0,11295.0,11150.0,11220.0,8195,33998,34363
2021-04-07 00:00:00.000000000,1617724800000000000,11295.0,11480.0,11165.0,11225.0,16252,34363,34962
2021-04-08 00:00:00.000000000,1617811200000000000,11230.0,11285.0,10910.0,10985.0,15367,34962,35157
2021-04-09 00:00:00.000000000,1617897600000000000,11000.0,11085.0,10780.0,10820.0,16322,35157,34642
2021-04-12 00:00:00.000000000,1618156800000000000,10860.0,10880.0,10345.0,10490.0,23083,34642,35170
2021-04-13 00:00:00.000000000,1618243200000000000,10545.0,10620.0,10370.0,10585.0,13266,35170,34435
2021-04-14 00:00:00.000000000,1618329600000000000,10610.0,10720.0,10495.0,10655.0,14420,34435,33941
2021-04-15 00:00:00.000000000,1618416000000000000,10665.0,10870.0,10630.0,10855.0,17915,33941,33704
2021-04-16 00:00:00.000000000,1618502400000000000,10855.0,11015.0,10755.0,10865.0,17159,33704,32700
2021-04-19 00:00:00.000000000,1618761600000000000,10840.0,10880.0,10470.0,10840.0,23368,32700,32509
2021-04-20 00:00:00.000000000,1618848000000000000,10820.0,11055.0,10785.0,11010.0,23293,32509,30564
2021-04-21 00:00:00.000000000,1618934400000000000,11020.0,11040.0,10860.0,11010.0,15414,30564,30411
2021-04-22 00:00:00.000000000,1619020800000000000,10945.0,11195.0,10900.0,11055.0,19883,30411,29974
2021-04-23 00:00:00.000000000,1619107200000000000,11100.0,11230.0,11020.0,11230.0,19324,29974,28024
2021-04-26 00:00:00.000000000,1619366400000000000,11195.0,11300.0,10920.0,11005.0,29293,28024,20575
2021-04-27 00:00:00.000000000,1619452800000000000,11000.0,11020.0,10780.0,10970.0,20023,20575,16924
2021-04-28 00:00:00.000000000,1619539200000000000,11025.0,11150.0,10880.0,11095.0,14149,16924,15000
2021-04-29 00:00:00.000000000,1619625600000000000,11120.0,11300.0,11110.0,11165.0,17093,15000,13006
2021-04-30 00:00:00.000000000,1619712000000000000,11230.0,11390.0,10080.0,11110.0,13791,13006,11715
2021-05-06 00:00:00.000000000,1620230400000000000,11310.0,11600.0,11300.0,11585.0,12306,11715,29344
2021-05-07 00:00:00.000000000,1620316800000000000,11575.0,11880.0,11565.0,11660.0,21971,29344,31533
2021-05-10 00:00:00.000000000,1620576000000000000,11605.0,11890.0,11490.0,11730.0,28959,31533,32940
2021-05-11 00:00:00.000000000,1620662400000000000,11710.0,11720.0,11325.0,11410.0,28636,32940,33477
2021-05-12 00:00:00.000000000,1620748800000000000,11400.0,11550.0,11265.0,11525.0,21179,33477,33080
2021-05-13 00:00:00.000000000,1620835200000000000,11495.0,11610.0,11000.0,11025.0,34943,33080,33893
2021-05-14 00:00:00.000000000,1620921600000000000,11050.0,11080.0,10470.0,10740.0,37231,33893,32126
2021-05-17 00:00:00.000000000,1621180800000000000,10785.0,10895.0,10740.0,10850.0,18702,32126,32146
2021-05-18 00:00:00.000000000,1621267200000000000,10840.0,10865.0,10700.0,10790.0,15555,32146,32557
2021-05-19 00:00:00.000000000,1621353600000000000,10805.0,10825.0,10570.0,10675.0,20451,32557,32583
2021-05-20 00:00:00.000000000,1621440000000000000,10640.0,10835.0,10435.0,10815.0,22837,32583,32496
2021-05-21 00:00:00.000000000,1621526400000000000,10765.0,11140.0,10655.0,11055.0,25016,32496,31788
2021-05-24 00:00:00.000000000,1621785600000000000,11060.0,11200.0,10895.0,11070.0,24212,31788,29545
2021-05-25 00:00:00.000000000,1621872000000000000,11085.0,11175.0,11020.0,11155.0,15287,29545,27211
2021-05-26 00:00:00.000000000,1621958400000000000,11165.0,11275.0,11055.0,11185.0,22895,27211,18634
2021-05-27 00:00:00.000000000,1622044800000000000,11160.0,11230.0,11025.0,11080.0,20048,18634,14019
2021-05-28 00:00:00.000000000,1622131200000000000,11020.0,11330.0,10990.0,11030.0,15912,14019,12886
2021-05-31 00:00:00.000000000,1622390400000000000,11040.0,11085.0,10715.0,10815.0,13906,12886,11206
2021-06-01 00:00:00.000000000,1622476800000000000,10850.0,10855.0,10665.0,10760.0,11598,11206,10269
2021-06-02 00:00:00.000000000,1622563200000000000,10790.0,10805.0,10415.0,10530.0,11974,10269,9204
2021-06-03 00:00:00.000000000,1622649600000000000,10745.0,10900.0,10670.0,10895.0,17888,9204,29308
2021-06-04 00:00:00.000000000,1622736000000000000,10850.0,10940.0,10595.0,10875.0,17071,29308,29568
2021-06-07 00:00:00.000000000,1622995200000000000,10885.0,10955.0,10635.0,10670.0,18264,29568,30439
2021-06-08 00:00:00.000000000,1623081600000000000,10670.0,10755.0,10455.0,10710.0,23970,30439,30427
2021-06-09 00:00:00.000000000,1623168000000000000,10675.0,10825.0,10670.0,10745.0,14946,30427,29689
2021-06-10 00:00:00.000000000,1623254400000000000,10700.0,10755.0,10460.0,10460.0,17162,29689,30843
2021-06-11 00:00:00.000000000,1623340800000000000,10470.0,10580.0,10300.0,10450.0,20908,30843,30987
2021-06-15 00:00:00.000000000,1623686400000000000,10455.0,10495.0,10210.0,10405.0,16225,30987,31525
2021-06-16 00:00:00.000000000,1623772800000000000,10390.0,10570.0,10385.0,10520.0,13782,31525,30739
2021-06-17 00:00:00.000000000,1623859200000000000,10520.0,10645.0,10460.0,10530.0,14508,30739,30559
2021-06-18 00:00:00.000000000,1623945600000000000,10495.0,10600.0,10255.0,10495.0,24003,30559,30373
2021-06-21 00:00:00.000000000,1624204800000000000,10495.0,10565.0,10260.0,10290.0,19054,30373,31832
2021-06-22 00:00:00.000000000,1624291200000000000,10290.0,10395.0,10235.0,10305.0,18041,31832,31242
2021-06-23 00:00:00.000000000,1624377600000000000,10295.0,10660.0,10260.0,10570.0,22797,31242,28090
2021-06-24 00:00:00.000000000,1624464000000000000,10580.0,10700.0,10550.0,10670.0,13763,28090,27490
2021-06-25 00:00:00.000000000,1624550400000000000,10640.0,10825.0,10610.0,10795.0,23336,27490,24106
2021-06-28 00:00:00.000000000,1624809600000000000,10805.0,10825.0,10670.0,10770.0,27123,24106,14295
2021-06-29 00:00:00.000000000,1624896000000000000,10760.0,10790.0,10420.0,10470.0,21907,14295,11322
2021-06-30 00:00:00.000000000,1624982400000000000,10490.0,10520.0,10275.0,10340.0,13213,11322,11505
2021-07-01 00:00:00.000000000,1625068800000000000,10350.0,10360.0,10090.0,10150.0,13922,11505,10837
2021-07-02 00:00:00.000000000,1625155200000000000,10295.0,10380.0,10220.0,10305.0,15313,10837,23374
2021-07-05 00:00:00.000000000,1625414400000000000,10340.0,10705.0,10320.0,10690.0,24716,23374,22564
2021-07-06 00:00:00.000000000,1625500800000000000,10675.0,10870.0,10610.0,10830.0,17482,22564,22252
2021-07-07 00:00:00.000000000,1625587200000000000,10800.0,10890.0,10570.0,10825.0,18928,22252,21764
2021-07-08 00:00:00.000000000,1625673600000000000,10800.0,10830.0,10640.0,10725.0,15014,21764,21839
2021-07-09 00:00:00.000000000,1625760000000000000,10725.0,10950.0,10590.0,10660.0,19335,21839,21503
2021-07-12 00:00:00.000000000,1626019200000000000,10710.0,10880.0,10605.0,10670.0,13890,21503,21634
2021-07-13 00:00:00.000000000,1626105600000000000,10650.0,10660.0,10500.0,10610.0,10659,21634,21947
2021-07-14 00:00:00.000000000,1626192000000000000,10640.0,10655.0,10440.0,10610.0,9517,21947,22297
2021-07-15 00:00:00.000000000,1626278400000000000,10630.0,10825.0,10555.0,10765.0,15181,22297,22224
2021-07-16 00:00:00.000000000,1626364800000000000,10720.0,10975.0,10700.0,10920.0,15283,22224,22931
2021-07-19 00:00:00.000000000,1626624000000000000,10930.0,11030.0,10840.0,10890.0,13161,22931,23010
2021-07-20 00:00:00.000000000,1626710400000000000,10775.0,10800.0,10295.0,10330.0,28354,23010,21823
2021-07-21 00:00:00.000000000,1626796800000000000,10385.0,10570.0,10370.0,10515.0,12110,21823,20661
2021-07-22 00:00:00.000000000,1626883200000000000,10555.0,10685.0,10500.0,10615.0,7966,20661,19790
2021-07-23 00:00:00.000000000,1626969600000000000,10660.0,10835.0,10635.0,10760.0,11607,19790,19518
2021-07-26 00:00:00.000000000,1627228800000000000,10705.0,10880.0,10690.0,10775.0,11181,19518,17930
2021-07-27 00:00:00.000000000,1627315200000000000,10775.0,10960.0,10710.0,10760.0,13135,17930,15863
2021-07-28 00:00:00.000000000,1627401600000000000,10750.0,10905.0,10645.0,10845.0,12189,15863,14065
2021-07-29 00:00:00.000000000,1627488000000000000,10895.0,10995.0,10785.0,10995.0,9325,14065,13147
2021-07-30 00:00:00.000000000,1627574400000000000,11000.0,11175.0,10970.0,11090.0,12571,13147,12297
2021-08-02 00:00:00.000000000,1627833600000000000,11030.0,11190.0,10875.0,11150.0,11827,12297,11014
2021-08-03 00:00:00.000000000,1627920000000000000,11290.0,11340.0,11135.0,11160.0,8261,11014,15892
2021-08-04 00:00:00.000000000,1628006400000000000,11130.0,11305.0,11025.0,11265.0,11171,15892,18288
2021-08-05 00:00:00.000000000,1628092800000000000,11240.0,11295.0,11120.0,11130.0,8975,18288,18224
2021-08-06 00:00:00.000000000,1628179200000000000,11165.0,11425.0,11145.0,11425.0,12030,18224,20052
2021-08-09 00:00:00.000000000,1628438400000000000,11600.0,11860.0,11250.0,11385.0,19093,20052,19371
2021-08-10 00:00:00.000000000,1628524800000000000,11355.0,11545.0,11305.0,11470.0,10678,19371,19431
2021-08-11 00:00:00.000000000,1628611200000000000,11470.0,11485.0,11315.0,11475.0,8823,19431,19508
2021-08-12 00:00:00.000000000,1628697600000000000,11470.0,11500.0,11290.0,11360.0,11208,19508,19509
2021-08-13 00:00:00.000000000,1628784000000000000,11365.0,11615.0,11330.0,11585.0,13935,19509,20141
2021-08-16 00:00:00.000000000,1629043200000000000,11570.0,11740.0,11515.0,11555.0,12582,20141,20846
2021-08-17 00:00:00.000000000,1629129600000000000,11550.0,11825.0,11515.0,11795.0,13823,20846,22894
2021-08-18 00:00:00.000000000,1629216000000000000,11800.0,11870.0,11655.0,11830.0,12997,22894,22369
2021-08-19 00:00:00.000000000,1629302400000000000,11820.0,11890.0,11395.0,11435.0,20624,22369,20015
2021-08-20 00:00:00.000000000,1629388800000000000,11330.0,11415.0,11205.0,11230.0,16104,20015,18126
2021-08-23 00:00:00.000000000,1629648000000000000,11245.0,11310.0,11150.0,11305.0,11256,18126,17304
2021-08-24 00:00:00.000000000,1629734400000000000,11355.0,11390.0,11235.0,11255.0,8993,17304,16469
2021-08-25 00:00:00.000000000,1629820800000000000,11275.0,11325.0,11155.0,11270.0,8777,16469,15988
2021-08-26 00:00:00.000000000,1629907200000000000,11280.0,11325.0,10900.0,10900.0,12717,15988,14816
2021-08-27 00:00:00.000000000,1629993600000000000,10910.0,10960.0,10625.0,10695.0,16188,14816,13918
2021-08-30 00:00:00.000000000,1630252800000000000,10730.0,10830.0,10700.0,10750.0,8095,13918,13076
2021-08-31 00:00:00.000000000,1630339200000000000,10755.0,10775.0,10580.0,10705.0,9730,13076,11562
2021-09-01 00:00:00.000000000,1630425600000000000,10755.0,10800.0,10560.0,10715.0,9261,11562,10011
2021-09-02 00:00:00.000000000,1630512000000000000,10720.0,10760.0,10550.0,10610.0,7165,10011,9207
2021-09-03 00:00:00.000000000,1630598400000000000,10725.0,10845.0,10660.0,10825.0,13276,9207,19532
2021-09-06 00:00:00.000000000,1630857600000000000,10835.0,10930.0,10790.0,10840.0,12415,19532,19889
2021-09-07 00:00:00.000000000,1630944000000000000,10845.0,10900.0,10720.0,10775.0,10244,19889,20140
2021-09-08 00:00:00.000000000,1631030400000000000,10765.0,10800.0,10015.0,10410.0,26341,20140,20558
2021-09-09 00:00:00.000000000,1631116800000000000,10455.0,10525.0,10365.0,10470.0,13614,20558,20286
2021-09-10 00:00:00.000000000,1631203200000000000,10490.0,10650.0,10450.0,10595.0,12061,20286,19305
2021-09-13 00:00:00.000000000,1631462400000000000,10595.0,10865.0,10585.0,10845.0,14375,19305,18294
2021-09-14 00:00:00.000000000,1631548800000000000,10825.0,11260.0,10780.0,11135.0,24102,18294,15052
2021-09-15 00:00:00.000000000,1631635200000000000,11155.0,11235.0,11015.0,11140.0,13334,15052,13498
2021-09-16 00:00:00.000000000,1631721600000000000,11135.0,11245.0,11055.0,11195.0,13090,13498,13127
2021-09-17 00:00:00.000000000,1631808000000000000,11190.0,11320.0,11105.0,11165.0,17636,13127,12067
2021-09-22 00:00:00.000000000,1632240000000000000,11060.0,11065.0,10740.0,10805.0,10527,12067,11493
2021-09-23 00:00:00.000000000,1632326400000000000,10840.0,10890.0,10780.0,10815.0,6492,11493,11395
2021-09-24 00:00:00.000000000,1632412800000000000,10810.0,10865.0,10665.0,10810.0,7723,11395,10629
2021-09-27 00:00:00.000000000,1632672000000000000,10825.0,11235.0,10805.0,11180.0,16710,10629,9444
2021-09-28 00:00:00.000000000,1632758400000000000,11085.0,11260.0,11045.0,11175.0,11635,9444,15121
2021-09-29 00:00:00.000000000,1632844800000000000,11175.0,11180.0,10975.0,11140.0,15786,15121,14657
2021-09-30 00:00:00.000000000,1632931200000000000,11120.0,11430.0,11045.0,11390.0,18729,14657,14779
2021-10-08 00:00:00.000000000,1633622400000000000,11665.0,11800.0,11470.0,11555.0,13494,14779,15110
2021-10-11 00:00:00.000000000,1633881600000000000,11545.0,12020.0,11490.0,11935.0,16568,15110,15622
2021-10-12 00:00:00.000000000,1633968000000000000,11935.0,12200.0,11795.0,11960.0,22050,15622,14910
2021-10-13 00:00:00.000000000,1634054400000000000,11920.0,12040.0,11250.0,11560.0,20583,14910,14496
2021-10-14 00:00:00.000000000,1634140800000000000,11610.0,11845.0,11540.0,11645.0,13660,14496,14145
2021-10-15 00:00:00.000000000,1634227200000000000,11625.0,11835.0,11495.0,11820.0,15848,14145,13654
2021-10-18 00:00:00.000000000,1634486400000000000,11845.0,11935.0,11425.0,11690.0,21390,13654,12631
2021-10-19 00:00:00.000000000,1634572800000000000,11680.0,12555.0,11640.0,12235.0,28308,12631,12924
2021-10-20 00:00:00.000000000,1634659200000000000,12200.0,12295.0,11800.0,12190.0,21488,12924,12222
2021-10-21 00:00:00.000000000,1634745600000000000,12020.0,12680.0,11800.0,11910.0,27021,12222,11463
2021-10-22 00:00:00.000000000,1634832000000000000,11905.0,11990.0,11375.0,11580.0,24680,11463,10170
2021-10-25 00:00:00.000000000,1635091200000000000,11890.0,11890.0,11150.0,11600.0,29990,10170,28777
2021-10-26 00:00:00.000000000,1635177600000000000,11605.0,11800.0,11425.0,11780.0,31558,28777,22963
2021-10-27 00:00:00.000000000,1635264000000000000,11800.0,11990.0,11610.0,11720.0,34817,22963,22068
2021-10-28 00:00:00.000000000,1635350400000000000,11730.0,11945.0,11505.0,11940.0,42692,22068,22048
2021-10-29 00:00:00.000000000,1635436800000000000,11910.0,12100.0,11590.0,11690.0,31913,22048,22993
2021-11-01 00:00:00.000000000,1635696000000000000,11650.0,11725.0,11420.0,11440.0,24564,22993,23300
2021-11-02 00:00:00.000000000,1635782400000000000,11475.0,11555.0,11045.0,11320.0,26014,23300,22089
2021-11-03 00:00:00.000000000,1635868800000000000,11320.0,11530.0,11310.0,11470.0,16902,22089,21844
2021-11-04 00:00:00.000000000,1635955200000000000,11420.0,11450.0,10875.0,10940.0,28474,21844,22187
2021-11-05 00:00:00.000000000,1636041600000000000,11030.0,11085.0,10910.0,11035.0,16196,22187,21402
2021-11-08 00:00:00.000000000,1636300800000000000,11060.0,11210.0,10805.0,11145.0,18017,21402,21004
2021-11-09 00:00:00.000000000,1636387200000000000,11165.0,11225.0,10955.0,11085.0,17969,21004,21290
2021-11-10 00:00:00.000000000,1636473600000000000,11125.0,11220.0,10965.0,11075.0,20826,21290,21197
2021-11-11 00:00:00.000000000,1636560000000000000,11080.0,11200.0,10990.0,11175.0,18599,21197,20911
2021-11-12 00:00:00.000000000,1636646400000000000,11175.0,11400.0,11160.0,11380.0,22227,20911,20825
2021-11-15 00:00:00.000000000,1636905600000000000,11385.0,11710.0,11290.0,11615.0,28819,20825,20858
2021-11-16 00:00:00.000000000,1636992000000000000,11595.0,11815.0,11530.0,11700.0,17399,20858,20767
2021-11-17 00:00:00.000000000,1637078400000000000,11685.0,11700.0,11495.0,11580.0,13748,20767,20863
2021-11-18 00:00:00.000000000,1637164800000000000,11570.0,11595.0,11375.0,11375.0,14414,20863,20236
2021-11-19 00:00:00.000000000,1637251200000000000,11395.0,11810.0,11345.0,11785.0,24128,20236,20249
2021-11-22 00:00:00.000000000,1637510400000000000,11695.0,12200.0,11660.0,12150.0,25439,20249,19206
2021-11-23 00:00:00.000000000,1637596800000000000,12135.0,12235.0,12030.0,12090.0,17473,19206,17778
2021-11-24 00:00:00.000000000,1637683200000000000,12060.0,12280.0,11955.0,12230.0,24745,17778,23619
2021-11-25 00:00:00.000000000,1637769600000000000,12255.0,12440.0,12235.0,12385.0,41348,23619,24661
2021-11-26 00:00:00.000000000,1637856000000000000,12390.0,12410.0,11835.0,11915.0,34277,24661,22924
2021-11-29 00:00:00.000000000,1638115200000000000,11875.0,12235.0,11750.0,12215.0,33443,22924,24975
2021-11-30 00:00:00.000000000,1638201600000000000,12235.0,12240.0,11450.0,11800.0,33633,24975,25828
2021-12-01 00:00:00.000000000,1638288000000000000,11815.0,12070.0,11810.0,11980.0,23437,25828,27090
2021-12-02 00:00:00.000000000,1638374400000000000,12020.0,12025.0,11580.0,11615.0,34148,27090,27093
2021-12-03 00:00:00.000000000,1638460800000000000,11600.0,11700.0,10820.0,11440.0,31584,27093,26237
2021-12-06 00:00:00.000000000,1638720000000000000,11450.0,11490.0,11235.0,11345.0,26493,26237,25032
2021-12-07 00:00:00.000000000,1638806400000000000,11370.0,11505.0,11205.0,11240.0,22031,25032,24436
2021-12-08 00:00:00.000000000,1638892800000000000,11270.0,11440.0,11210.0,11300.0,20084,24436,23893
2021-12-09 00:00:00.000000000,1638979200000000000,11300.0,11300.0,11000.0,11175.0,27949,23893,24321
2021-12-10 00:00:00.000000000,1639065600000000000,11200.0,11360.0,11180.0,11300.0,20991,24321,24678
2021-12-13 00:00:00.000000000,1639324800000000000,11320.0,11500.0,11300.0,11470.0,16290,24678,24937
2021-12-14 00:00:00.000000000,1639411200000000000,11435.0,11525.0,11345.0,11490.0,17934,24937,23492
2021-12-15 00:00:00.000000000,1639497600000000000,11485.0,11565.0,11275.0,11280.0,18132,23492,21694
2021-12-16 00:00:00.000000000,1639584000000000000,11265.0,11435.0,11205.0,11415.0,16988,21694,20187
2021-12-17 00:00:00.000000000,1639670400000000000,11555.0,11585.0,11310.0,11325.0,20860,20187,26780
2021-12-20 00:00:00.000000000,1639929600000000000,11335.0,11355.0,11025.0,11065.0,31771,26780,30277
2021-12-21 00:00:00.000000000,1640016000000000000,11105.0,11190.0,11080.0,11150.0,17903,30277,31080
2021-12-22 00:00:00.000000000,1640102400000000000,11130.0,11310.0,11130.0,11270.0,17942,31080,31102
2021-12-23 00:00:00.000000000,1640188800000000000,11270.0,11385.0,11245.0,11380.0,17856,31102,30291
2021-12-24 00:00:00.000000000,1640275200000000000,11365.0,11405.0,11175.0,11180.0,25435,30291,30052
2021-12-27 00:00:00.000000000,1640534400000000000,11170.0,11275.0,11000.0,11250.0,26406,30052,29012
2021-12-28 00:00:00.000000000,1640620800000000000,11260.0,11645.0,11210.0,11545.0,27521,29012,28654
2021-12-29 00:00:00.000000000,1640707200000000000,11530.0,11595.0,11465.0,11575.0,17353,28654,28156
2021-12-30 00:00:00.000000000,1640793600000000000,11575.0,11715.0,11535.0,11625.0,24081,28156,26283
2021-12-31 00:00:00.000000000,1640880000000000000,11625.0,11725.0,11595.0,11715.0,15744,26283,25880
2022-01-04 00:00:00.000000000,1641225600000000000,11760.0,11840.0,11535.0,11595.0,15074,25880,25474
2022-01-05 00:00:00.000000000,1641312000000000000,11635.0,11875.0,11575.0,11710.0,21741,25474,24724
2022-01-06 00:00:00.000000000,1641398400000000000,11720.0,11740.0,11470.0,11470.0,20433,24724,25694
2022-01-07 00:00:00.000000000,1641484800000000000,11495.0,11875.0,11480.0,11780.0,19626,25694,25045
2022-01-10 00:00:00.000000000,1641744000000000000,11805.0,11990.0,11695.0,11935.0,23877,25045,24640
2022-01-11 00:00:00.000000000,1641830400000000000,11915.0,12000.0,11790.0,11965.0,16897,24640,25010
2022-01-12 00:00:00.000000000,1641916800000000000,11970.0,12070.0,11870.0,12045.0,18065,25010,24847
2022-01-13 00:00:00.000000000,1642003200000000000,12065.0,12190.0,11885.0,11900.0,18932,24847,23959
2022-01-14 00:00:00.000000000,1642089600000000000,11900.0,12265.0,11850.0,12190.0,16928,23959,24162
2022-01-17 00:00:00.000000000,1642348800000000000,12160.0,12205.0,11780.0,11925.0,22863,24162,22302
2022-01-18 00:00:00.000000000,1642435200000000000,11935.0,12130.0,11800.0,11945.0,19281,22302,19603
2022-01-19 00:00:00.000000000,1642521600000000000,12080.0,12380.0,12040.0,12100.0,31185,19603,32267
2022-01-20 00:00:00.000000000,1642608000000000000,12135.0,12245.0,12025.0,12095.0,27185,32267,34171
2022-01-21 00:00:00.000000000,1642694400000000000,12090.0,12140.0,11745.0,11785.0,32926,34171,33373
2022-01-24 00:00:00.000000000,1642953600000000000,11805.0,11820.0,11550.0,11575.0,28283,33373,33482
2022-01-25 00:00:00.000000000,1643040000000000000,11580.0,11635.0,11490.0,11570.0,22568,33482,31845
2022-01-26 00:00:00.000000000,1643126400000000000,11595.0,11730.0,11530.0,11580.0,21334,31845,29032
2022-01-27 00:00:00.000000000,1643212800000000000,11585.0,11650.0,11305.0,11315.0,25687,29032,29979
2022-01-28 00:00:00.000000000,1643299200000000000,11345.0,11505.0,11155.0,11405.0,26715,29979,29791
2022-02-07 00:00:00.000000000,1644163200000000000,11595.0,11825.0,11535.0,11700.0,17296,29791,29791
2022-02-08 00:00:00.000000000,1644249600000000000,11710.0,11865.0,11650.0,11810.0,18737,29791,30986
2022-02-09 00:00:00.000000000,1644336000000000000,11745.0,11940.0,11720.0,11910.0,21935,30986,28397
2022-02-10 00:00:00.000000000,1644422400000000000,11880.0,12020.0,11790.0,12015.0,16741,28397,27647
2022-02-11 00:00:00.000000000,1644508800000000000,12035.0,12040.0,11770.0,11770.0,20475,27647,26465
2022-02-14 00:00:00.000000000,1644768000000000000,11825.0,12025.0,11785.0,11950.0,17848,26465,26709
2022-02-15 00:00:00.000000000,1644854400000000000,11935.0,11950.0,11520.0,11730.0,33093,26709,23218
2022-02-16 00:00:00.000000000,1644940800000000000,11730.0,11790.0,11635.0,11720.0,20108,23218,20540
2022-02-17 00:00:00.000000000,1645027200000000000,11855.0,11860.0,11570.0,11655.0,32421,20540,29448
2022-02-18 00:00:00.000000000,1645113600000000000,11625.0,12170.0,11615.0,12040.0,53650,29448,38676
2022-02-21 00:00:00.000000000,1645372800000000000,12000.0,12080.0,11960.0,11960.0,35590,38676,41099
2022-02-22 00:00:00.000000000,1645459200000000000,11955.0,11975.0,11655.0,11760.0,43803,41099,40546
2022-02-23 00:00:00.000000000,1645545600000000000,11780.0,11900.0,11780.0,11825.0,26755,40546,42093
2022-02-24 00:00:00.000000000,1645632000000000000,11845.0,12070.0,11795.0,11875.0,41465,42093,42887
2022-02-25 00:00:00.000000000,1645718400000000000,11935.0,12075.0,11715.0,11825.0,54919,42887,44077
2022-02-28 00:00:00.000000000,1645977600000000000,11820.0,11835.0,11655.0,11755.0,37180,44077,44731
2022-03-01 00:00:00.000000000,1646064000000000000,11750.0,11760.0,11420.0,11530.0,44904,44731,45640
2022-03-02 00:00:00.000000000,1646150400000000000,11580.0,11840.0,11550.0,11720.0,38972,45640,43449
2022-03-03 00:00:00.000000000,1646236800000000000,11735.0,11900.0,11675.0,11760.0,35454,43449,42463
2022-03-04 00:00:00.000000000,1646323200000000000,11705.0,11755.0,11335.0,11445.0,52923,42463,44119
2022-03-07 00:00:00.000000000,1646582400000000000,11500.0,11645.0,11400.0,11545.0,41192,44119,42895
2022-03-08 00:00:00.000000000,1646668800000000000,11550.0,11620.0,11345.0,11385.0,37971,42895,42148
2022-03-09 00:00:00.000000000,1646755200000000000,11410.0,11875.0,11380.0,11790.0,59158,42148,40160
2022-03-10 00:00:00.000000000,1646841600000000000,11750.0,11895.0,11625.0,11700.0,39392,40160,39121
2022-03-11 00:00:00.000000000,1646928000000000000,11675.0,11735.0,11395.0,11470.0,31535,39121,39567
2022-03-14 00:00:00.000000000,1647187200000000000,11480.0,11495.0,11120.0,11165.0,34985,39567,40349
2022-03-15 00:00:00.000000000,1647273600000000000,11195.0,11240.0,11030.0,11050.0,27780,40349,40011
2022-03-16 00:00:00.000000000,1647360000000000000,11065.0,11120.0,10885.0,11020.0,25271,40011,40280
2022-03-17 00:00:00.000000000,1647446400000000000,11045.0,11065.0,10850.0,11010.0,24791,40280,40962
2022-03-18 00:00:00.000000000,1647532800000000000,11050.0,11170.0,11020.0,11145.0,21369,40962,38391
2022-03-21 00:00:00.000000000,1647792000000000000,11150.0,11185.0,10900.0,11185.0,23268,38391,37061
2022-03-22 00:00:00.000000000,1647878400000000000,11185.0,11190.0,11075.0,11110.0,19200,37061,36170
2022-03-23 00:00:00.000000000,1647964800000000000,11125.0,11160.0,11015.0,11050.0,21159,36170,35572
2022-03-24 00:00:00.000000000,1648051200000000000,11105.0,11215.0,11075.0,11135.0,24679,35572,34112
2022-03-25 00:00:00.000000000,1648137600000000000,11170.0,11285.0,11090.0,11225.0,27647,34112,30247
2022-03-28 00:00:00.000000000,1648396800000000000,11170.0,11255.0,10990.0,11195.0,38429,30247,23249
2022-03-29 00:00:00.000000000,1648483200000000000,11155.0,11230.0,11140.0,11205.0,21252,23249,19740
2022-03-30 00:00:00.000000000,1648569600000000000,11180.0,11420.0,11070.0,11360.0,29200,19740,15022
2022-03-31 00:00:00.000000000,1648656000000000000,11360.0,11460.0,11335.0,11425.0,22966,15022,11329
2022-04-01 00:00:00.000000000,1648742400000000000,11425.0,11515.0,11350.0,11375.0,16993,11329,9972
2022-04-06 00:00:00.000000000,1649174400000000000,11460.0,11520.0,11380.0,11440.0,10442,9972,9140
2022-04-07 00:00:00.000000000,1649260800000000000,11510.0,11550.0,11185.0,11275.0,27950,9140,44041
2022-04-08 00:00:00.000000000,1649347200000000000,11240.0,11355.0,11225.0,11340.0,21645,44041,43763
2022-04-11 00:00:00.000000000,1649606400000000000,11355.0,11450.0,11255.0,11335.0,24136,43763,42741
2022-04-12 00:00:00.000000000,1649692800000000000,11280.0,11375.0,11230.0,11275.0,23602,42741,43569
2022-04-13 00:00:00.000000000,1649779200000000000,11285.0,11315.0,11095.0,11140.0,30737,43569,44432
2022-04-14 00:00:00.000000000,1649865600000000000,11160.0,11320.0,11150.0,11255.0,21276,44432,42869
2022-04-15 00:00:00.000000000,1649952000000000000,11260.0,11295.0,11160.0,11185.0,21569,42869,42024
2022-04-18 00:00:00.000000000,1650211200000000000,11205.0,11425.0,11180.0,11335.0,32022,42024,36744
2022-04-19 00:00:00.000000000,1650297600000000000,11350.0,11410.0,11310.0,11350.0,19968,36744,35610
2022-04-20 00:00:00.000000000,1650384000000000000,11335.0,11360.0,11150.0,11210.0,24533,35610,36798
2022-04-21 00:00:00.000000000,1650470400000000000,11210.0,11220.0,11075.0,11135.0,25369,36798,37978
2022-04-22 00:00:00.000000000,1650556800000000000,11145.0,11195.0,10935.0,10960.0,29770,37978,39108
2022-04-25 00:00:00.000000000,1650816000000000000,10975.0,11020.0,10700.0,10710.0,35569,39108,38067
2022-04-26 00:00:00.000000000,1650902400000000000,10730.0,10810.0,10610.0,10710.0,34589,38067,31716
2022-04-27 00:00:00.000000000,1650988800000000000,10800.0,10915.0,10595.0,10685.0,30952,31716,30735
2022-04-28 00:00:00.000000000,1651075200000000000,10675.0,10715.0,10575.0,10590.0,28860,30735,26666
2022-04-29 00:00:00.000000000,1651161600000000000,10620.0,11025.0,10615.0,10955.0,38805,26666,18500
2022-05-05 00:00:00.000000000,1651680000000000000,11025.0,11090.0,10810.0,10875.0,15324,18500,16819
2022-05-06 00:00:00.000000000,1651766400000000000,10955.0,10990.0,10735.0,10765.0,32065,16819,44879
2022-05-09 00:00:00.000000000,1652025600000000000,10765.0,10795.0,10500.0,10535.0,38596,44879,49871
2022-05-10 00:00:00.000000000,1652112000000000000,10550.0,10895.0,10535.0,10845.0,44115,49871,46457
2022-05-11 00:00:00.000000000,1652198400000000000,10870.0,10900.0,10730.0,10810.0,29386,46457,47264
2022-05-12 00:00:00.000000000,1652284800000000000,10820.0,10940.0,10720.0,10790.0,34197,47264,47172
2022-05-13 00:00:00.000000000,1652371200000000000,10810.0,10910.0,10790.0,10850.0,27804,47172,47439
2022-05-16 00:00:00.000000000,1652630400000000000,10895.0,11135.0,10850.0,11060.0,29361,47439,45326
2022-05-17 00:00:00.000000000,1652716800000000000,11080.0,11145.0,11025.0,11075.0,17382,45326,44188
2022-05-18 00:00:00.000000000,1652803200000000000,11070.0,11205.0,10995.0,11075.0,29745,44188,42464
2022-05-19 00:00:00.000000000,1652889600000000000,11065.0,11170.0,10960.0,11160.0,25761,42464,40301
2022-05-20 00:00:00.000000000,1652976000000000000,11110.0,11275.0,11110.0,11230.0,24633,40301,40009
2022-05-23 00:00:00.000000000,1653235200000000000,11190.0,11230.0,11060.0,11195.0,27761,40009,38362
2022-05-24 00:00:00.000000000,1653321600000000000,11200.0,11345.0,11170.0,11175.0,27279,38362,35883
2022-05-25 00:00:00.000000000,1653408000000000000,11215.0,11255.0,11135.0,11245.0,21639,35883,34144
2022-05-26 00:00:00.000000000,1653494400000000000,11260.0,11380.0,11220.0,11380.0,27925,34144,24529
2022-05-27 00:00:00.000000000,1653580800000000000,11395.0,11445.0,11355.0,11405.0,24309,24529,18594
2022-05-30 00:00:00.000000000,1653840000000000000,11415.0,11575.0,11365.0,11400.0,22748,18594,14622
2022-05-31 00:00:00.000000000,1653926400000000000,11415.0,11595.0,11360.0,11530.0,22408,14622,34349
2022-06-01 00:00:00.000000000,1654012800000000000,11545.0,11690.0,11385.0,11690.0,34727,34349,36219
2022-06-02 00:00:00.000000000,1654099200000000000,11655.0,11735.0,11525.0,11690.0,34131,36219,37104
2022-06-06 00:00:00.000000000,1654444800000000000,11750.0,11750.0,11590.0,11660.0,20973,37104,36740
2022-06-07 00:00:00.000000000,1654531200000000000,11645.0,11665.0,11430.0,11475.0,21589,36740,35653
2022-06-08 00:00:00.000000000,1654617600000000000,11480.0,11545.0,11435.0,11535.0,22384,35653,35533
2022-06-09 00:00:00.000000000,1654704000000000000,11545.0,11845.0,11540.0,11660.0,37072,35533,36339
2022-06-10 00:00:00.000000000,1654790400000000000,11650.0,11740.0,11575.0,11605.0,30088,36339,35031
2022-06-13 00:00:00.000000000,1655049600000000000,11600.0,11635.0,11210.0,11275.0,43423,35031,33159
2022-06-14 00:00:00.000000000,1655136000000000000,11315.0,11320.0,11175.0,11220.0,33717,33159,32969
2022-06-15 00:00:00.000000000,1655222400000000000,11255.0,11280.0,11140.0,11155.0,27983,32969,33288
2022-06-16 00:00:00.000000000,1655308800000000000,11160.0,11205.0,11075.0,11130.0,33046,33288,34427
2022-06-17 00:00:00.000000000,1655395200000000000,11135.0,11160.0,10990.0,11100.0,38658,34427,33919
2022-06-20 00:00:00.000000000,1655654400000000000,11120.0,11190.0,11020.0,11165.0,44228,33919,33263
2022-06-21 00:00:00.000000000,1655740800000000000,11175.0,11180.0,10935.0,11065.0,37799,33263,34097
2022-06-22 00:00:00.000000000,1655827200000000000,11070.0,11125.0,10865.0,10900.0,27175,34097,33315
2022-06-23 00:00:00.000000000,1655913600000000000,10930.0,11160.0,10920.0,11135.0,32700,33315,29198
2022-06-24 00:00:00.000000000,1656000000000000000,11135.0,11260.0,11080.0,11215.0,33614,29198,24782
2022-06-27 00:00:00.000000000,1656259200000000000,11205.0,11335.0,11050.0,11205.0,29483,24782,13762
2022-06-28 00:00:00.000000000,1656345600000000000,11165.0,11300.0,11050.0,11270.0,50210,13762,45322
2022-06-29 00:00:00.000000000,1656432000000000000,11225.0,11270.0,11055.0,11210.0,42188,45322,45230
2022-06-30 00:00:00.000000000,1656518400000000000,11245.0,11260.0,11065.0,11220.0,43030,45230,45409
2022-07-01 00:00:00.000000000,1656604800000000000,11230.0,11385.0,11030.0,11330.0,66976,45409,47115
2022-07-04 00:00:00.000000000,1656864000000000000,11330.0,11445.0,11295.0,11345.0,54573,47115,48877
2022-07-05 00:00:00.000000000,1656950400000000000,11340.0,11380.0,11135.0,11215.0,48251,48877,49397
2022-07-06 00:00:00.000000000,1657036800000000000,11165.0,11175.0,10885.0,10990.0,67452,49397,50148
2022-07-07 00:00:00.000000000,1657123200000000000,10860.0,11045.0,10860.0,10975.0,51087,50148,51588
2022-07-08 00:00:00.000000000,1657209600000000000,11010.0,11140.0,10990.0,11050.0,43724,51588,50878
2022-07-11 00:00:00.000000000,1657468800000000000,11055.0,11105.0,10955.0,11020.0,49523,50878,50691
2022-07-12 00:00:00.000000000,1657555200000000000,11005.0,11235.0,10925.0,11100.0,53919,50691,50526
2022-07-13 00:00:00.000000000,1657641600000000000,11030.0,11075.0,10530.0,10650.0,84769,50526,52507
2022-07-14 00:00:00.000000000,1657728000000000000,10635.0,10665.0,10465.0,10550.0,59782,52507,54102
2022-07-15 00:00:00.000000000,1657814400000000000,10550.0,10560.0,10335.0,10360.0,59955,54102,53356
2022-07-18 00:00:00.000000000,1658073600000000000,10415.0,10750.0,10400.0,10695.0,56695,53356,52264
2022-07-19 00:00:00.000000000,1658160000000000000,10795.0,10840.0,10725.0,10770.0,39130,52264,52592
2022-07-20 00:00:00.000000000,1658246400000000000,10750.0,10900.0,10640.0,10825.0,47117,52592,52562
2022-07-21 00:00:00.000000000,1658332800000000000,10850.0,10980.0,10820.0,10830.0,43182,52562,49693
2022-07-22 00:00:00.000000000,1658419200000000000,10760.0,10850.0,10665.0,10665.0,49125,49693,46343
2022-07-25 00:00:00.000000000,1658678400000000000,10645.0,10905.0,10600.0,10755.0,51378,46343,44294
2022-07-26 00:00:00.000000000,1658764800000000000,10815.0,10835.0,10575.0,10790.0,30736,44294,32288
2022-07-27 00:00:00.000000000,1658851200000000000,10965.0,10965.0,10705.0,10780.0,24006,32288,23260
2022-07-28 00:00:00.000000000,1658937600000000000,10540.0,10685.0,10455.0,10550.0,40094,23260,45661
2022-07-29 00:00:00.000000000,1659024000000000000,10555.0,10770.0,10520.0,10610.0,40048,45661,47135
2022-08-01 00:00:00.000000000,1659283200000000000,10590.0,10755.0,10435.0,10470.0,38948,47135,50275
2022-08-02 00:00:00.000000000,1659369600000000000,10415.0,10555.0,10325.0,10530.0,40361,50275,48928
2022-08-03 00:00:00.000000000,1659456000000000000,10510.0,10530.0,10365.0,10445.0,32675,48928,49496
2022-08-04 00:00:00.000000000,1659542400000000000,10445.0,10585.0,10210.0,10375.0,46073,49496,51368
2022-08-05 00:00:00.000000000,1659628800000000000,10430.0,10490.0,10250.0,10470.0,34947,51368,50949
2022-08-08 00:00:00.000000000,1659888000000000000,10445.0,10725.0,10370.0,10675.0,37543,50949,48855
2022-08-09 00:00:00.000000000,1659974400000000000,10600.0,10705.0,10595.0,10645.0,20628,48855,48639
2022-08-10 00:00:00.000000000,1660060800000000000,10645.0,10675.0,10370.0,10420.0,32232,48639,49486
2022-08-11 00:00:00.000000000,1660147200000000000,10420.0,10495.0,10315.0,10400.0,27946,49486,51003
2022-08-12 00:00:00.000000000,1660233600000000000,10405.0,10485.0,10335.0,10380.0,25387,51003,51955
2022-08-15 00:00:00.000000000,1660492800000000000,10335.0,10385.0,10150.0,10185.0,36107,51955,55253
2022-08-16 00:00:00.000000000,1660579200000000000,10110.0,10220.0,9975.0,10210.0,42546,55253,54796
2022-08-17 00:00:00.000000000,1660665600000000000,10295.0,10355.0,10170.0,10275.0,31432,54796,51293
2022-08-18 00:00:00.000000000,1660752000000000000,10260.0,10355.0,10220.0,10260.0,21417,51293,48983
2022-08-19 00:00:00.000000000,1660838400000000000,10285.0,10310.0,10075.0,10150.0,26168,48983,48130
2022-08-22 00:00:00.000000000,1661097600000000000,10060.0,10275.0,10055.0,10235.0,20477,48130,47197
2022-08-23 00:00:00.000000000,1661184000000000000,10215.0,10305.0,10200.0,10230.0,21308,47197,45303
2022-08-24 00:00:00.000000000,1661270400000000000,10230.0,10290.0,10085.0,10115.0,21851,45303,44333
2022-08-25 00:00:00.000000000,1661356800000000000,10115.0,10155.0,10005.0,10085.0,23096,44333,43624
2022-08-26 00:00:00.000000000,1661443200000000000,10040.0,10100.0,9865.0,10100.0,35573,43624,29472
2022-08-29 00:00:00.000000000,1661702400000000000,10105.0,10245.0,10105.0,10165.0,30304,29472,18723
2022-08-30 00:00:00.000000000,1661788800000000000,10080.0,10165.0,9855.0,9915.0,38939,18723,52235
2022-08-31 00:00:00.000000000,1661875200000000000,9870.0,9915.0,9775.0,9805.0,31846,52235,56805
2022-09-01 00:00:00.000000000,1661961600000000000,9735.0,9800.0,9605.0,9605.0,34149,56805,59948
2022-09-02 00:00:00.000000000,1662048000000000000,9595.0,9600.0,9375.0,9440.0,38287,59948,61998
2022-09-05 00:00:00.000000000,1662307200000000000,9460.0,9565.0,9430.0,9520.0,27066,61998,63039
2022-09-06 00:00:00.000000000,1662393600000000000,9510.0,9520.0,9250.0,9370.0,39751,63039,66139
2022-09-07 00:00:00.000000000,1662480000000000000,9320.0,9340.0,9185.0,9245.0,32338,66139,67215
2022-09-08 00:00:00.000000000,1662566400000000000,9280.0,9505.0,9270.0,9380.0,42250,67215,63800
2022-09-09 00:00:00.000000000,1662652800000000000,9375.0,9395.0,9245.0,9375.0,36876,63800,63763
2022-09-13 00:00:00.000000000,1662998400000000000,9435.0,9605.0,9395.0,9525.0,33693,63763,60019
2022-09-14 00:00:00.000000000,1663084800000000000,9530.0,9625.0,9430.0,9485.0,37348,60019,59130
2022-09-15 00:00:00.000000000,1663171200000000000,9510.0,9670.0,9500.0,9590.0,34280,59130,58809
2022-09-16 00:00:00.000000000,1663257600000000000,9630.0,9685.0,9525.0,9610.0,31665,58809,58217
2022-09-19 00:00:00.000000000,1663516800000000000,9610.0,9670.0,9485.0,9515.0,34188,58217,58388
2022-09-20 00:00:00.000000000,1663603200000000000,9445.0,9755.0,9410.0,9655.0,37180,58388,55354
2022-09-21 00:00:00.000000000,1663689600000000000,9615.0,9750.0,9470.0,9745.0,35882,55354,52189
2022-09-22 00:00:00.000000000,1663776000000000000,9760.0,9850.0,9720.0,9805.0,35131,52189,50500
2022-09-23 00:00:00.000000000,1663862400000000000,9795.0,9875.0,9715.0,9755.0,37165,50500,47368
2022-09-26 00:00:00.000000000,1664121600000000000,9730.0,9930.0,9690.0,9770.0,38530,47368,33673
2022-09-27 00:00:00.000000000,1664208000000000000,9795.0,10050.0,9780.0,10025.0,37530,33673,22793
2022-09-28 00:00:00.000000000,1664294400000000000,10025.0,10110.0,9965.0,10045.0,22122,22793,16545
2022-09-29 00:00:00.000000000,1664380800000000000,10085.0,10140.0,9990.0,10115.0,31131,16545,44459
2022-09-30 00:00:00.000000000,1664467200000000000,10080.0,10205.0,9905.0,9990.0,34857,44459,44786
2022-10-10 00:00:00.000000000,1665331200000000000,10210.0,10320.0,10005.0,10025.0,28813,44786,44685
2022-10-11 00:00:00.000000000,1665417600000000000,10060.0,10140.0,9920.0,9945.0,32990,44685,45407
2022-10-12 00:00:00.000000000,1665504000000000000,9965.0,9970.0,9800.0,9885.0,33005,45407,45677
2022-10-13 00:00:00.000000000,1665590400000000000,9885.0,9890.0,9740.0,9770.0,28411,45677,46797
2022-10-14 00:00:00.000000000,1665676800000000000,9740.0,9815.0,9590.0,9730.0,30712,46797,48398
2022-10-17 00:00:00.000000000,1665936000000000000,9735.0,9815.0,9665.0,9700.0,28342,48398,50064
2022-10-18 00:00:00.000000000,1666022400000000000,9730.0,9755.0,9580.0,9680.0,35002,50064,48542
2022-10-19 00:00:00.000000000,1666108800000000000,9690.0,9780.0,9655.0,9690.0,25638,48542,46578
2022-10-20 00:00:00.000000000,1666195200000000000,9690.0,9700.0,9425.0,9440.0,38289,46578,47278
2022-10-21 00:00:00.000000000,1666281600000000000,9465.0,9530.0,9380.0,9425.0,29137,47278,48051
2022-10-24 00:00:00.000000000,1666540800000000000,9420.0,9460.0,9385.0,9395.0,30002,48051,46366
2022-10-25 00:00:00.000000000,1666627200000000000,9375.0,9505.0,9340.0,9435.0,32415,46366,43114
2022-10-26 00:00:00.000000000,1666713600000000000,9415.0,9455.0,9260.0,9260.0,38819,43114,25018
2022-10-27 00:00:00.000000000,1666800000000000000,9240.0,9360.0,9185.0,9215.0,23026,25018,18111
2022-10-28 00:00:00.000000000,1666886400000000000,9080.0,9135.0,8885.0,8915.0,48929,18111,60204
2022-10-31 00:00:00.000000000,1667145600000000000,8935.0,8960.0,8695.0,8820.0,46722,60204,61603
2022-11-01 00:00:00.000000000,1667232000000000000,8800.0,9150.0,8775.0,9105.0,48042,61603,61996
2022-11-02 00:00:00.000000000,1667318400000000000,9120.0,9255.0,9045.0,9225.0,43154,61996,59991
2022-11-03 00:00:00.000000000,1667404800000000000,9205.0,9315.0,9185.0,9280.0,31516,59991,58416
2022-11-04 00:00:00.000000000,1667491200000000000,9240.0,9540.0,9205.0,9495.0,46332,58416,56112
2022-11-07 00:00:00.000000000,1667750400000000000,9480.0,9640.0,9460.0,9515.0,39307,56112,54801
2022-11-08 00:00:00.000000000,1667836800000000000,9540.0,9800.0,9515.0,9765.0,46174,54801,54613
2022-11-09 00:00:00.000000000,1667923200000000000,9740.0,9800.0,9705.0,9775.0,34206,54613,52977
2022-11-10 00:00:00.000000000,1668009600000000000,9715.0,9720.0,9530.0,9560.0,51705,52977,53479
2022-11-11 00:00:00.000000000,1668096000000000000,9540.0,9715.0,9425.0,9595.0,57739,53479,51543
2022-11-14 00:00:00.000000000,1668355200000000000,9630.0,9700.0,9495.0,9580.0,48347,51543,49631
2022-11-15 00:00:00.000000000,1668441600000000000,9580.0,9695.0,9545.0,9620.0,36289,49631,49649
2022-11-16 00:00:00.000000000,1668528000000000000,9635.0,9680.0,9480.0,9650.0,35590,49649,49745
2022-11-17 00:00:00.000000000,1668614400000000000,9630.0,9755.0,9545.0,9710.0,46244,49745,47700
2022-11-18 00:00:00.000000000,1668700800000000000,9700.0,9735.0,9625.0,9670.0,31601,47700,47624
2022-11-21 00:00:00.000000000,1668960000000000000,9650.0,9660.0,9245.0,9320.0,52677,47624,46600
2022-11-22 00:00:00.000000000,1669046400000000000,9315.0,9610.0,9300.0,9525.0,50525,46600,44208
2022-11-23 00:00:00.000000000,1669132800000000000,9555.0,9620.0,9475.0,9550.0,34830,44208,42594
2022-11-24 00:00:00.000000000,1669219200000000000,9530.0,9595.0,9440.0,9455.0,38344,42594,40533
2022-11-25 00:00:00.000000000,1669305600000000000,9485.0,9545.0,9385.0,9500.0,33327,40533,38301
2022-11-28 00:00:00.000000000,1669564800000000000,9505.0,9670.0,9500.0,9520.0,37444,38301,23667
2022-11-29 00:00:00.000000000,1669651200000000000,9565.0,9680.0,9515.0,9610.0,41905,23667,34544
2022-11-30 00:00:00.000000000,1669737600000000000,9610.0,9665.0,9485.0,9635.0,37608,34544,33728
2022-12-01 00:00:00.000000000,1669824000000000000,9675.0,9870.0,9670.0,9780.0,51405,33728,35827
2022-12-02 00:00:00.000000000,1669910400000000000,9760.0,9845.0,9670.0,9830.0,36533,35827,36888
2022-12-05 00:00:00.000000000,1670169600000000000,9840.0,9880.0,9735.0,9795.0,40954,36888,36015
2022-12-06 00:00:00.000000000,1670256000000000000,9800.0,9905.0,9725.0,9835.0,37654,36015,36593
2022-12-07 00:00:00.000000000,1670342400000000000,9820.0,9985.0,9815.0,9840.0,44495,36593,36627
2022-12-08 00:00:00.000000000,1670428800000000000,9840.0,9970.0,9765.0,9960.0,38604,36627,35746
2022-12-09 00:00:00.000000000,1670515200000000000,9970.0,10030.0,9915.0,10010.0,37371,35746,33767
2022-12-12 00:00:00.000000000,1670774400000000000,9970.0,10000.0,9825.0,9855.0,38677,33767,31655
2022-12-13 00:00:00.000000000,1670860800000000000,9850.0,9905.0,9745.0,9880.0,32674,31655,30282
2022-12-14 00:00:00.000000000,1670947200000000000,9885.0,10040.0,9880.0,10025.0,35385,30282,26676
2022-12-15 00:00:00.000000000,1671033600000000000,10015.0,10020.0,9820.0,9905.0,32330,26676,24363
2022-12-16 00:00:00.000000000,1671120000000000000,9905.0,10095.0,9875.0,9990.0,40876,24363,22198
2022-12-19 00:00:00.000000000,1671379200000000000,10045.0,10070.0,9715.0,9810.0,58631,22198,49919
2022-12-20 00:00:00.000000000,1671465600000000000,9835.0,9845.0,9595.0,9710.0,47780,49919,50579
2022-12-21 00:00:00.000000000,1671552000000000000,9695.0,9770.0,9635.0,9720.0,43109,50579,52380
2022-12-22 00:00:00.000000000,1671638400000000000,9720.0,9750.0,9520.0,9570.0,41680,52380,53820
2022-12-23 00:00:00.000000000,1671724800000000000,9610.0,9635.0,9380.0,9440.0,51165,53820,55998
2022-12-26 00:00:00.000000000,1671984000000000000,9445.0,9600.0,9435.0,9565.0,41186,55998,44282
2022-12-27 00:00:00.000000000,1672070400000000000,9565.0,9715.0,9535.0,9675.0,26886,44282,40490
2022-12-28 00:00:00.000000000,1672156800000000000,9650.0,9760.0,9625.0,9705.0,24745,40490,36313
2022-12-29 00:00:00.000000000,1672243200000000000,9690.0,9735.0,9545.0,9585.0,20969,36313,37220
2022-12-30 00:00:00.000000000,1672329600000000000,9595.0,9625.0,9520.0,9575.0,15246,37220,37056
2023-01-03 00:00:00.000000000,1672675200000000000,9550.0,9830.0,9440.0,9825.0,28701,37056,35705
2023-01-04 00:00:00.000000000,1672761600000000000,9825.0,9900.0,9790.0,9830.0,21205,35705,31746
2023-01-05 00:00:00.000000000,1672848000000000000,9875.0,9895.0,9750.0,9830.0,40955,31746,42253
2023-01-06 00:00:00.000000000,1672934400000000000,9850.0,9870.0,9600.0,9690.0,46507,42253,45850
2023-01-09 00:00:00.000000000,1673193600000000000,9700.0,9760.0,9580.0,9635.0,42053,45850,50438
2023-01-10 00:00:00.000000000,1673280000000000000,9650.0,9695.0,9585.0,9650.0,35237,50438,51717
2023-01-11 00:00:00.000000000,1673366400000000000,9660.0,9860.0,9595.0,9810.0,45525,51717,51636
2023-01-12 00:00:00.000000000,1673452800000000000,9780.0,9790.0,9650.0,9695.0,46909,51636,52906
2023-01-13 00:00:00.000000000,1673539200000000000,9725.0,9790.0,9680.0,9765.0,48329,52906,52305
2023-01-16 00:00:00.000000000,1673798400000000000,9755.0,9850.0,9690.0,9820.0,50386,52305,52646
2023-01-17 00:00:00.000000000,1673884800000000000,9815.0,10205.0,9790.0,10125.0,65609,52646,54803
2023-01-18 00:00:00.000000000,1673971200000000000,10150.0,10305.0,10115.0,10290.0,51022,54803,53347
2023-01-19 00:00:00.000000000,1674057600000000000,10245.0,10285.0,10130.0,10230.0,53078,53347,50290
2023-01-20 00:00:00.000000000,1674144000000000000,10220.0,10275.0,10105.0,10240.0,44292,50290,47102
2023-01-30 00:00:00.000000000,1675008000000000000,10400.0,10435.0,10140.0,10260.0,34893,47102,41077
2023-01-31 00:00:00.000000000,1675094400000000000,10275.0,10360.0,10150.0,10230.0,38869,41077,33909
2023-02-01 00:00:00.000000000,1675180800000000000,10190.0,10325.0,10110.0,10185.0,28617,33909,30059
2023-02-02 00:00:00.000000000,1675267200000000000,10150.0,10165.0,9865.0,9900.0,41086,30059,26186
2023-02-03 00:00:00.000000000,1675353600000000000,10005.0,10040.0,9840.0,9925.0,34056,26186,47628
2023-02-06 00:00:00.000000000,1675612800000000000,9945.0,10025.0,9920.0,9995.0,36398,47628,49869
2023-02-07 00:00:00.000000000,1675699200000000000,10000.0,10005.0,9855.0,9945.0,32288,49869,51917
2023-02-08 00:00:00.000000000,1675785600000000000,9930.0,9955.0,9825.0,9870.0,34363,51917,53830
2023-02-09 00:00:00.000000000,1675872000000000000,9835.0,9950.0,9830.0,9860.0,28827,53830,54347
2023-02-10 00:00:00.000000000,1675958400000000000,9875.0,9965.0,9720.0,9790.0,41743,54347,55368
2023-02-13 00:00:00.000000000,1676217600000000000,9805.0,9845.0,9740.0,9820.0,30035,55368,56707
2023-02-14 00:00:00.000000000,1676304000000000000,9825.0,9965.0,9820.0,9920.0,36240,56707,56739
2023-02-15 00:00:00.000000000,1676390400000000000,9895.0,10020.0,9855.0,9935.0,39692,56739,57541
2023-02-16 00:00:00.000000000,1676476800000000000,9910.0,10045.0,9900.0,9970.0,33312,57541,58655
2023-02-17 00:00:00.000000000,1676563200000000000,9950.0,10080.0,9945.0,9980.0,35795,58655,60260
2023-02-20 00:00:00.000000000,1676822400000000000,9945.0,10160.0,9880.0,10115.0,44268,60260,62970
2023-02-21 00:00:00.000000000,1676908800000000000,10100.0,10230.0,10090.0,10140.0,35646,62970,61210
2023-02-22 00:00:00.000000000,1676995200000000000,10135.0,10245.0,10095.0,10160.0,33382,61210,61428
2023-02-23 00:00:00.000000000,1677081600000000000,10195.0,10345.0,10165.0,10220.0,45601,61428,62143
2023-02-24 00:00:00.000000000,1677168000000000000,10205.0,10325.0,10200.0,10260.0,32450,62143,62015
2023-02-27 00:00:00.000000000,1677427200000000000,10220.0,10240.0,10060.0,10095.0,34848,62015,59239
2023-02-28 00:00:00.000000000,1677513600000000000,10105.0,10195.0,10100.0,10150.0,23781,59239,58490
2023-03-01 00:00:00.000000000,1677600000000000000,10150.0,10290.0,10090.0,10260.0,25279,58490,58386
2023-03-02 00:00:00.000000000,1677686400000000000,10260.0,10335.0,10240.0,10305.0,19114,58386,58458
2023-03-03 00:00:00.000000000,1677772800000000000,10300.0,10330.0,10225.0,10280.0,20422,58458,58096
2023-03-06 00:00:00.000000000,1678032000000000000,10265.0,10265.0,10105.0,10135.0,32645,58096,55094
2023-03-07 00:00:00.000000000,1678118400000000000,10130.0,10175.0,10070.0,10125.0,20724,55094,54232
2023-03-08 00:00:00.000000000,1678204800000000000,10135.0,10150.0,9965.0,10000.0,29115,54232,51247
2023-03-09 00:00:00.000000000,1678291200000000000,10055.0,10075.0,9910.0,9935.0,35586,51247,55662
2023-03-10 00:00:00.000000000,1678377600000000000,9925.0,9975.0,9770.0,9795.0,43464,55662,57696
2023-03-13 00:00:00.000000000,1678636800000000000,9815.0,9820.0,9655.0,9730.0,46557,57696,61015
2023-03-14 00:00:00.000000000,1678723200000000000,9690.0,9760.0,9595.0,9655.0,46897,61015,62969
2023-03-15 00:00:00.000000000,1678809600000000000,9685.0,9755.0,9615.0,9640.0,39986,62969,64824
2023-03-16 00:00:00.000000000,1678896000000000000,9585.0,9625.0,9275.0,9315.0,58228,64824,65470
2023-03-17 00:00:00.000000000,1678982400000000000,9355.0,9475.0,9325.0,9445.0,39540,65470,65934
2023-03-20 00:00:00.000000000,1679241600000000000,9475.0,9565.0,9435.0,9455.0,39247,65934,65282
2023-03-21 00:00:00.000000000,1679328000000000000,9470.0,9505.0,9365.0,9490.0,36009,65282,65941
2023-03-22 00:00:00.000000000,1679414400000000000,9495.0,9530.0,9385.0,9470.0,33550,65941,67529
2023-03-23 00:00:00.000000000,1679500800000000000,9470.0,9520.0,9390.0,9410.0,35362,67529,68576
2023-03-24 00:00:00.000000000,1679587200000000000,9420.0,9440.0,9325.0,9415.0,40144,68576,70984
2023-03-27 00:00:00.000000000,1679846400000000000,9400.0,9620.0,9315.0,9545.0,37647,70984,73901
2023-03-28 00:00:00.000000000,1679932800000000000,9535.0,9650.0,9535.0,9590.0,27281,73901,73713
2023-03-29 00:00:00.000000000,1680019200000000000,9595.0,9635.0,9500.0,9545.0,27984,73713,74140
