datetime,datetime_nano,KQ.m@CZCE.PK.open,KQ.m@CZCE.PK.high,KQ.m@CZCE.PK.low,KQ.m@CZCE.PK.close,KQ.m@CZCE.PK.volume,KQ.m@CZCE.PK.open_oi,KQ.m@CZCE.PK.close_oi
2021-02-01 00:00:00.000000000,1612108800000000000,9880.0,10630.0,9866.0,10504.0,521558,0,45054
2021-02-02 00:00:00.000000000,1612195200000000000,10510.0,10754.0,10352.0,10414.0,566353,45054,44592
2021-02-03 00:00:00.000000000,1612281600000000000,10330.0,10396.0,10124.0,10304.0,365639,44592,39129
2021-02-04 00:00:00.000000000,1612368000000000000,10348.0,10416.0,10232.0,10302.0,163381,39129,34081
2021-02-05 00:00:00.000000000,1612454400000000000,10342.0,10400.0,10266.0,10288.0,102226,34081,27237
2021-02-08 00:00:00.000000000,1612713600000000000,10290.0,10466.0,10284.0,10346.0,92351,27237,25857
2021-02-09 00:00:00.000000000,1612800000000000000,10400.0,10444.0,10354.0,10376.0,67913,25857,21307
2021-02-10 00:00:00.000000000,1612886400000000000,10400.0,10424.0,10290.0,10354.0,43182,21307,18297
2021-02-18 00:00:00.000000000,1613577600000000000,10400.0,10498.0,10380.0,10400.0,29513,18297,18231
2021-02-19 00:00:00.000000000,1613664000000000000,10416.0,10422.0,10216.0,10368.0,26687,18231,18047
2021-02-22 00:00:00.000000000,1613923200000000000,10412.0,10732.0,10404.0,10650.0,56427,18047,21270
2021-02-23 00:00:00.000000000,1614009600000000000,10706.0,10966.0,10520.0,10702.0,91217,21270,21664
2021-02-24 00:00:00.000000000,1614096000000000000,10756.0,10798.0,10564.0,10710.0,42202,21664,20897
2021-02-25 00:00:00.000000000,1614182400000000000,10732.0,10920.0,10732.0,10862.0,36914,20897,21839
2021-02-26 00:00:00.000000000,1614268800000000000,10758.0,10860.0,10654.0,10816.0,27362,21839,19360
2021-03-01 00:00:00.000000000,1614528000000000000,10910.0,11288.0,10896.0,11128.0,71843,19360,21879
2021-03-02 00:00:00.000000000,1614614400000000000,11054.0,11210.0,10830.0,10922.0,47500,21879,20169
2021-03-03 00:00:00.000000000,1614700800000000000,10960.0,11018.0,10788.0,10902.0,30513,20169,19245
2021-03-04 00:00:00.000000000,1614787200000000000,10920.0,11022.0,10840.0,10936.0,29730,19245,19203
2021-03-05 00:00:00.000000000,1614873600000000000,10908.0,10940.0,10602.0,10786.0,21467,19203,16699
2021-03-08 00:00:00.000000000,1615132800000000000,11250.0,11300.0,10950.0,11060.0,36395,16699,19003
2021-03-09 00:00:00.000000000,1615219200000000000,10994.0,11064.0,10796.0,10812.0,20262,19003,16718
2021-03-10 00:00:00.000000000,1615305600000000000,10856.0,10980.0,10772.0,10898.0,21550,16718,16936
2021-03-11 00:00:00.000000000,1615392000000000000,10818.0,10880.0,10720.0,10844.0,17917,16936,16393
2021-03-12 00:00:00.000000000,1615478400000000000,10954.0,10956.0,10804.0,10852.0,10752,16393,15939
2021-03-15 00:00:00.000000000,1615737600000000000,10864.0,10890.0,10800.0,10868.0,10809,15939,15810
2021-03-16 00:00:00.000000000,1615824000000000000,10880.0,10940.0,10766.0,10774.0,15695,15810,15539
2021-03-17 00:00:00.000000000,1615910400000000000,10736.0,10762.0,10630.0,10702.0,9253,15539,14948
2021-03-18 00:00:00.000000000,1615996800000000000,10662.0,10702.0,10560.0,10596.0,13815,14948,14242
2021-03-19 00:00:00.000000000,1616083200000000000,10558.0,10560.0,10410.0,10468.0,12619,14242,12394
2021-03-22 00:00:00.000000000,1616342400000000000,10508.0,10600.0,10454.0,10480.0,8503,12394,12264
2021-03-23 00:00:00.000000000,1616428800000000000,10630.0,10638.0,10506.0,10570.0,9629,12264,11929
2021-03-24 00:00:00.000000000,1616515200000000000,10508.0,10556.0,10458.0,10544.0,5431,11929,11276
2021-03-25 00:00:00.000000000,1616601600000000000,10552.0,10684.0,10536.0,10642.0,9441,11276,10707
2021-03-26 00:00:00.000000000,1616688000000000000,10550.0,10582.0,10462.0,10510.0,9028,10707,10014
2021-03-29 00:00:00.000000000,1616947200000000000,10460.0,10514.0,10334.0,10356.0,9960,10014,10736
2021-03-30 00:00:00.000000000,1617033600000000000,10374.0,10430.0,10350.0,10422.0,6630,10736,10256
2021-03-31 00:00:00.000000000,1617120000000000000,10380.0,10426.0,10310.0,10400.0,6516,10256,9686
2021-04-01 00:00:00.000000000,1617206400000000000,10494.0,10574.0,10454.0,10516.0,10939,9686,9389
2021-04-02 00:00:00.000000000,1617292800000000000,10482.0,10534.0,10468.0,10510.0,4255,9389,9156
2021-04-06 00:00:00.000000000,1617638400000000000,10500.0,10530.0,10350.0,10508.0,3611,9156,9188
2021-04-07 00:00:00.000000000,1617724800000000000,10546.0,10750.0,10534.0,10588.0,16007,9188,9866
2021-04-08 00:00:00.000000000,1617811200000000000,10534.0,10606.0,10524.0,10576.0,4715,9866,9757
2021-04-09 00:00:00.000000000,1617897600000000000,10622.0,10630.0,10426.0,10432.0,7173,9757,9171
2021-04-12 00:00:00.000000000,1618156800000000000,10386.0,10446.0,10360.0,10376.0,6864,9171,9615
2021-04-13 00:00:00.000000000,1618243200000000000,10372.0,10390.0,10268.0,10340.0,7951,9615,10278
2021-04-14 00:00:00.000000000,1618329600000000000,10390.0,10416.0,10322.0,10344.0,4420,10278,10311
2021-04-15 00:00:00.000000000,1618416000000000000,10362.0,10398.0,10310.0,10364.0,6274,10311,10616
2021-04-16 00:00:00.000000000,1618502400000000000,10380.0,10446.0,10380.0,10434.0,7477,10616,10643
2021-04-19 00:00:00.000000000,1618761600000000000,10450.0,10628.0,10250.0,10374.0,6255,10643,10424
2021-04-20 00:00:00.000000000,1618848000000000000,10370.0,10418.0,10352.0,10408.0,3998,10424,10417
2021-04-21 00:00:00.000000000,1618934400000000000,10422.0,10430.0,10326.0,10350.0,5863,10417,10628
2021-04-22 00:00:00.000000000,1619020800000000000,10366.0,10520.0,10358.0,10494.0,13002,10628,11528
2021-04-23 00:00:00.000000000,1619107200000000000,10532.0,10580.0,10468.0,10486.0,8651,11528,11943
2021-04-26 00:00:00.000000000,1619366400000000000,10520.0,10578.0,10450.0,10466.0,7164,11943,11796
2021-04-27 00:00:00.000000000,1619452800000000000,10514.0,10548.0,10476.0,10514.0,8284,11796,12569
2021-04-28 00:00:00.000000000,1619539200000000000,10450.0,10468.0,10382.0,10390.0,9409,12569,11414
2021-04-29 00:00:00.000000000,1619625600000000000,10450.0,10458.0,10368.0,10412.0,5746,11414,11162
2021-04-30 00:00:00.000000000,1619712000000000000,10416.0,10446.0,10334.0,10418.0,5233,11162,10595
2021-05-06 00:00:00.000000000,1620230400000000000,10440.0,10568.0,10436.0,10538.0,11439,10595,12174
2021-05-07 00:00:00.000000000,1620316800000000000,10562.0,10646.0,10550.0,10572.0,10760,12174,12919
2021-05-10 00:00:00.000000000,1620576000000000000,10590.0,10650.0,10540.0,10578.0,8992,12919,12828
2021-05-11 00:00:00.000000000,1620662400000000000,10550.0,10562.0,10300.0,10304.0,14635,12828,11737
2021-05-12 00:00:00.000000000,1620748800000000000,10350.0,10374.0,10082.0,10292.0,30777,11737,14480
2021-05-13 00:00:00.000000000,1620835200000000000,10260.0,10520.0,10228.0,10264.0,16475,14480,13697
2021-05-14 00:00:00.000000000,1620921600000000000,10230.0,10244.0,10128.0,10184.0,13064,13697,13869
2021-05-17 00:00:00.000000000,1621180800000000000,10230.0,10288.0,10158.0,10238.0,7858,13869,13317
2021-05-18 00:00:00.000000000,1621267200000000000,10224.0,10260.0,10186.0,10210.0,5915,13317,13248
2021-05-19 00:00:00.000000000,1621353600000000000,10154.0,10182.0,10122.0,10140.0,8080,13248,13083
2021-05-20 00:00:00.000000000,1621440000000000000,9996.0,10266.0,9902.0,10196.0,15703,13083,13378
2021-05-21 00:00:00.000000000,1621526400000000000,10162.0,10458.0,10162.0,10346.0,40500,13378,16007
2021-05-24 00:00:00.000000000,1621785600000000000,10328.0,10360.0,10200.0,10238.0,16745,16007,14907
2021-05-25 00:00:00.000000000,1621872000000000000,10250.0,10300.0,10230.0,10280.0,8999,14907,14878
2021-05-26 00:00:00.000000000,1621958400000000000,10206.0,10252.0,10050.0,10056.0,16468,14878,15189
2021-05-27 00:00:00.000000000,1622044800000000000,10030.0,10108.0,9998.0,10040.0,15347,15189,16321
2021-05-28 00:00:00.000000000,1622131200000000000,10122.0,10158.0,10050.0,10062.0,11596,16321,15624
2021-05-31 00:00:00.000000000,1622390400000000000,10066.0,10078.0,9960.0,10024.0,15941,15624,16320
2021-06-01 00:00:00.000000000,1622476800000000000,10040.0,10052.0,9982.0,10012.0,10879,16320,16408
2021-06-02 00:00:00.000000000,1622563200000000000,10028.0,10118.0,10006.0,10050.0,14460,16408,16007
2021-06-03 00:00:00.000000000,1622649600000000000,10100.0,10120.0,10030.0,10066.0,9055,16007,16192
2021-06-04 00:00:00.000000000,1622736000000000000,10040.0,10066.0,9980.0,9984.0,10691,16192,16684
2021-06-07 00:00:00.000000000,1622995200000000000,10014.0,10018.0,9348.0,9398.0,118861,16684,31063
2021-06-08 00:00:00.000000000,1623081600000000000,9378.0,9428.0,9152.0,9218.0,94603,31063,34926
2021-06-09 00:00:00.000000000,1623168000000000000,9246.0,9308.0,9208.0,9212.0,44335,34926,34913
2021-06-10 00:00:00.000000000,1623254400000000000,9208.0,9306.0,9186.0,9270.0,32827,34913,32067
2021-06-11 00:00:00.000000000,1623340800000000000,9260.0,9400.0,9058.0,9348.0,94013,32067,28330
2021-06-15 00:00:00.000000000,1623686400000000000,9224.0,9296.0,9200.0,9248.0,28338,28330,28335
2021-06-16 00:00:00.000000000,1623772800000000000,9248.0,9300.0,9172.0,9226.0,22703,28335,26598
2021-06-17 00:00:00.000000000,1623859200000000000,9216.0,9240.0,9124.0,9132.0,20076,26598,27722
2021-06-18 00:00:00.000000000,1623945600000000000,9050.0,9080.0,8866.0,8994.0,54147,27722,26804
2021-06-21 00:00:00.000000000,1624204800000000000,9018.0,9024.0,8850.0,8852.0,26076,26804,30020
2021-06-22 00:00:00.000000000,1624291200000000000,8894.0,8988.0,8880.0,8968.0,21151,30020,28017
2021-06-23 00:00:00.000000000,1624377600000000000,8980.0,9098.0,8966.0,9072.0,28191,28017,27292
2021-06-24 00:00:00.000000000,1624464000000000000,9088.0,9126.0,8996.0,9002.0,17521,27292,28177
2021-06-25 00:00:00.000000000,1624550400000000000,9020.0,9076.0,9008.0,9048.0,14081,28177,28198
2021-06-28 00:00:00.000000000,1624809600000000000,8970.0,9168.0,8950.0,9114.0,28447,28198,27977
2021-06-29 00:00:00.000000000,1624896000000000000,9124.0,9184.0,9090.0,9096.0,19308,27977,28569
2021-06-30 00:00:00.000000000,1624982400000000000,9108.0,9162.0,9082.0,9122.0,14083,28569,28602
2021-07-01 00:00:00.000000000,1625068800000000000,9160.0,9238.0,9134.0,9164.0,27105,28602,29584
2021-07-02 00:00:00.000000000,1625155200000000000,9146.0,9192.0,9068.0,9082.0,19092,29584,31025
2021-07-05 00:00:00.000000000,1625414400000000000,9080.0,9136.0,8960.0,9062.0,21061,31025,32733
2021-07-06 00:00:00.000000000,1625500800000000000,9090.0,9122.0,9062.0,9072.0,17753,32733,32891
2021-07-07 00:00:00.000000000,1625587200000000000,8982.0,9076.0,8976.0,9026.0,16001,32891,34328
2021-07-08 00:00:00.000000000,1625673600000000000,9012.0,9036.0,8960.0,9018.0,18058,34328,34747
2021-07-09 00:00:00.000000000,1625760000000000000,9018.0,9084.0,8990.0,9002.0,23787,34747,36974
2021-07-12 00:00:00.000000000,1626019200000000000,9036.0,9050.0,8942.0,8972.0,17177,36974,38740
2021-07-13 00:00:00.000000000,1626105600000000000,8998.0,9028.0,8922.0,8926.0,18100,38740,40750
2021-07-14 00:00:00.000000000,1626192000000000000,8910.0,9014.0,8866.0,8956.0,29282,40750,41999
2021-07-15 00:00:00.000000000,1626278400000000000,8956.0,9020.0,8930.0,8976.0,24276,41999,43592
2021-07-16 00:00:00.000000000,1626364800000000000,8980.0,9100.0,8976.0,9058.0,31428,43592,41251
2021-07-19 00:00:00.000000000,1626624000000000000,9150.0,9642.0,9150.0,9510.0,169735,41251,43308
2021-07-20 00:00:00.000000000,1626710400000000000,9416.0,9614.0,9334.0,9442.0,102157,43308,42617
2021-07-21 00:00:00.000000000,1626796800000000000,9980.0,10000.0,9478.0,9488.0,195014,42617,52871
2021-07-22 00:00:00.000000000,1626883200000000000,9488.0,9620.0,9250.0,9270.0,138806,52871,56102
2021-07-23 00:00:00.000000000,1626969600000000000,9306.0,9380.0,9230.0,9304.0,81128,56102,58295
2021-07-26 00:00:00.000000000,1627228800000000000,9312.0,9516.0,9258.0,9324.0,134994,58295,67030
2021-07-27 00:00:00.000000000,1627315200000000000,9356.0,9422.0,9168.0,9172.0,116511,67030,73255
2021-07-28 00:00:00.000000000,1627401600000000000,9200.0,9278.0,9124.0,9226.0,93161,73255,79179
2021-07-29 00:00:00.000000000,1627488000000000000,9270.0,9296.0,9212.0,9242.0,59343,79179,81863
2021-07-30 00:00:00.000000000,1627574400000000000,9254.0,9284.0,9068.0,9076.0,89547,81863,82209
2021-08-02 00:00:00.000000000,1627833600000000000,9054.0,9084.0,8980.0,9042.0,72101,82209,85174
2021-08-03 00:00:00.000000000,1627920000000000000,9048.0,9124.0,9030.0,9050.0,70771,85174,84792
2021-08-04 00:00:00.000000000,1628006400000000000,9082.0,9186.0,9068.0,9138.0,60869,84792,83316
2021-08-05 00:00:00.000000000,1628092800000000000,9128.0,9180.0,9076.0,9078.0,45718,83316,79751
2021-08-06 00:00:00.000000000,1628179200000000000,9090.0,9146.0,9052.0,9064.0,44557,79751,78332
2021-08-09 00:00:00.000000000,1628438400000000000,9066.0,9150.0,9052.0,9132.0,39997,78332,75113
2021-08-10 00:00:00.000000000,1628524800000000000,9146.0,9246.0,9082.0,9104.0,80206,75113,75465
2021-08-11 00:00:00.000000000,1628611200000000000,9136.0,9158.0,9102.0,9116.0,33283,75465,71570
2021-08-12 00:00:00.000000000,1628697600000000000,9120.0,9156.0,9072.0,9102.0,34128,71570,68959
2021-08-13 00:00:00.000000000,1628784000000000000,9138.0,9198.0,9106.0,9146.0,48851,68959,65701
2021-08-16 00:00:00.000000000,1629043200000000000,9180.0,9284.0,9162.0,9200.0,60875,65701,68567
2021-08-17 00:00:00.000000000,1629129600000000000,9224.0,9340.0,9210.0,9326.0,64239,68567,66500
2021-08-18 00:00:00.000000000,1629216000000000000,9312.0,9350.0,9234.0,9250.0,65859,66500,62842
2021-08-19 00:00:00.000000000,1629302400000000000,9228.0,9258.0,9026.0,9080.0,69659,62842,51817
2021-08-20 00:00:00.000000000,1629388800000000000,9062.0,9078.0,8916.0,8922.0,50538,51817,53908
2021-08-23 00:00:00.000000000,1629648000000000000,8958.0,9068.0,8958.0,9046.0,39422,53908,49117
2021-08-24 00:00:00.000000000,1629734400000000000,9072.0,9094.0,8862.0,8892.0,60454,49117,54816
2021-08-25 00:00:00.000000000,1629820800000000000,8830.0,8896.0,8728.0,8732.0,76754,54816,60173
2021-08-26 00:00:00.000000000,1629907200000000000,8730.0,8790.0,8658.0,8668.0,59004,60173,63654
2021-08-27 00:00:00.000000000,1629993600000000000,8674.0,8772.0,8610.0,8744.0,61025,63654,55352
2021-08-30 00:00:00.000000000,1630252800000000000,8780.0,8826.0,8618.0,8628.0,40215,55352,57838
2021-08-31 00:00:00.000000000,1630339200000000000,8660.0,8694.0,8628.0,8656.0,28534,57838,56361
2021-09-01 00:00:00.000000000,1630425600000000000,8642.0,8666.0,8438.0,8452.0,60424,56361,57570
2021-09-02 00:00:00.000000000,1630512000000000000,8438.0,8530.0,8414.0,8512.0,40900,57570,51549
2021-09-03 00:00:00.000000000,1630598400000000000,8526.0,8664.0,8500.0,8652.0,39285,51549,46861
2021-09-06 00:00:00.000000000,1630857600000000000,8646.0,8790.0,8604.0,8660.0,44554,46861,44554
2021-09-07 00:00:00.000000000,1630944000000000000,8668.0,8720.0,8524.0,8708.0,49755,44554,42860
2021-09-08 00:00:00.000000000,1631030400000000000,8760.0,8858.0,8690.0,8716.0,48244,42860,58793
2021-09-09 00:00:00.000000000,1631116800000000000,8712.0,8756.0,8648.0,8700.0,53869,58793,57200
2021-09-10 00:00:00.000000000,1631203200000000000,8692.0,8716.0,8532.0,8570.0,75935,57200,62626
2021-09-13 00:00:00.000000000,1631462400000000000,8528.0,8670.0,8512.0,8588.0,47620,62626,64367
2021-09-14 00:00:00.000000000,1631548800000000000,8572.0,8680.0,8570.0,8604.0,49880,64367,66797
2021-09-15 00:00:00.000000000,1631635200000000000,8602.0,8622.0,8532.0,8546.0,42104,66797,68376
2021-09-16 00:00:00.000000000,1631721600000000000,8534.0,8568.0,8372.0,8380.0,87829,68376,72646
2021-09-17 00:00:00.000000000,1631808000000000000,8398.0,8412.0,8328.0,8354.0,52939,72646,71038
2021-09-22 00:00:00.000000000,1632240000000000000,8342.0,8590.0,8334.0,8538.0,73894,71038,64095
2021-09-23 00:00:00.000000000,1632326400000000000,8546.0,8638.0,8512.0,8564.0,61159,64095,60063
2021-09-24 00:00:00.000000000,1632412800000000000,8568.0,8638.0,8472.0,8546.0,80178,60063,66503
2021-09-27 00:00:00.000000000,1632672000000000000,8602.0,8706.0,8568.0,8594.0,81635,66503,70381
2021-09-28 00:00:00.000000000,1632758400000000000,8566.0,8598.0,8458.0,8464.0,76645,70381,75241
2021-09-29 00:00:00.000000000,1632844800000000000,8450.0,8484.0,8376.0,8386.0,54122,75241,75219
2021-09-30 00:00:00.000000000,1632931200000000000,8410.0,8486.0,8354.0,8442.0,69942,75219,74041
2021-10-08 00:00:00.000000000,1633622400000000000,8514.0,8686.0,8448.0,8458.0,125412,74041,87806
2021-10-11 00:00:00.000000000,1633881600000000000,8482.0,8814.0,8480.0,8748.0,208933,87806,113137
2021-10-12 00:00:00.000000000,1633968000000000000,8756.0,8936.0,8626.0,8790.0,243303,113137,128141
2021-10-13 00:00:00.000000000,1634054400000000000,8786.0,8856.0,8440.0,8668.0,217905,128141,121451
2021-10-14 00:00:00.000000000,1634140800000000000,8676.0,8760.0,8602.0,8630.0,124506,121451,127912
2021-10-15 00:00:00.000000000,1634227200000000000,8682.0,8692.0,8556.0,8560.0,114135,127912,132358
2021-10-18 00:00:00.000000000,1634486400000000000,8572.0,8622.0,8508.0,8572.0,142708,132358,133640
2021-10-19 00:00:00.000000000,1634572800000000000,8574.0,8814.0,8522.0,8704.0,273526,133640,153649
2021-10-20 00:00:00.000000000,1634659200000000000,8670.0,8906.0,8634.0,8844.0,322089,153649,163586
2021-10-21 00:00:00.000000000,1634745600000000000,8960.0,9200.0,8728.0,8766.0,449427,163586,161820
2021-10-22 00:00:00.000000000,1634832000000000000,8728.0,8868.0,8642.0,8774.0,256611,161820,158745
2021-10-25 00:00:00.000000000,1635091200000000000,8850.0,9120.0,8830.0,9030.0,343145,158745,163147
2021-10-26 00:00:00.000000000,1635177600000000000,9096.0,9196.0,8906.0,8992.0,273944,163147,159862
2021-10-27 00:00:00.000000000,1635264000000000000,9002.0,9058.0,8818.0,8836.0,191617,159862,155318
2021-10-28 00:00:00.000000000,1635350400000000000,8830.0,8912.0,8658.0,8776.0,241525,155318,150917
2021-10-29 00:00:00.000000000,1635436800000000000,8810.0,8872.0,8728.0,8796.0,148842,150917,152924
2021-11-01 00:00:00.000000000,1635696000000000000,8820.0,8940.0,8760.0,8802.0,153265,152924,152626
2021-11-02 00:00:00.000000000,1635782400000000000,8832.0,8958.0,8710.0,8940.0,198380,152626,142841
2021-11-03 00:00:00.000000000,1635868800000000000,8972.0,8988.0,8858.0,8906.0,141665,142841,143463
2021-11-04 00:00:00.000000000,1635955200000000000,8856.0,8894.0,8690.0,8762.0,129168,143463,134775
2021-11-05 00:00:00.000000000,1636041600000000000,8746.0,8940.0,8726.0,8844.0,150910,134775,130293
2021-11-08 00:00:00.000000000,1636300800000000000,8872.0,8914.0,8766.0,8784.0,105570,130293,137252
2021-11-09 00:00:00.000000000,1636387200000000000,8782.0,8818.0,8700.0,8714.0,89305,137252,136987
2021-11-10 00:00:00.000000000,1636473600000000000,8704.0,8810.0,8676.0,8798.0,79111,136987,130464
2021-11-11 00:00:00.000000000,1636560000000000000,8828.0,8888.0,8726.0,8730.0,112142,130464,127563
2021-11-12 00:00:00.000000000,1636646400000000000,8744.0,8778.0,8600.0,8602.0,114927,127563,135487
2021-11-15 00:00:00.000000000,1636905600000000000,8576.0,8650.0,8522.0,8608.0,91762,135487,135353
2021-11-16 00:00:00.000000000,1636992000000000000,8626.0,8656.0,8524.0,8528.0,73762,135353,139670
2021-11-17 00:00:00.000000000,1637078400000000000,8540.0,8600.0,8532.0,8560.0,43827,139670,136874
2021-11-18 00:00:00.000000000,1637164800000000000,8578.0,8592.0,8494.0,8516.0,54061,136874,137474
2021-11-19 00:00:00.000000000,1637251200000000000,8528.0,8648.0,8516.0,8632.0,74042,137474,129708
2021-11-22 00:00:00.000000000,1637510400000000000,8630.0,8652.0,8524.0,8542.0,64673,129708,130540
2021-11-23 00:00:00.000000000,1637596800000000000,8554.0,8566.0,8470.0,8470.0,73629,130540,134775
2021-11-24 00:00:00.000000000,1637683200000000000,8480.0,8520.0,8464.0,8488.0,52476,134775,133801
2021-11-25 00:00:00.000000000,1637769600000000000,8504.0,8566.0,8492.0,8534.0,65576,133801,136449
2021-11-26 00:00:00.000000000,1637856000000000000,8508.0,8510.0,8372.0,8372.0,81533,136449,138804
2021-11-29 00:00:00.000000000,1638115200000000000,8362.0,8428.0,8332.0,8336.0,67537,138804,139349
2021-11-30 00:00:00.000000000,1638201600000000000,8320.0,8320.0,8114.0,8176.0,116747,139349,128367
2021-12-01 00:00:00.000000000,1638288000000000000,8176.0,8224.0,8140.0,8180.0,51309,128367,125672
2021-12-02 00:00:00.000000000,1638374400000000000,8156.0,8194.0,8114.0,8132.0,51031,125672,123209
2021-12-03 00:00:00.000000000,1638460800000000000,8184.0,8206.0,8118.0,8128.0,52848,123209,121738
2021-12-06 00:00:00.000000000,1638720000000000000,8168.0,8276.0,8158.0,8182.0,51465,121738,115416
2021-12-07 00:00:00.000000000,1638806400000000000,8210.0,8236.0,8142.0,8164.0,43720,115416,111325
2021-12-08 00:00:00.000000000,1638892800000000000,8168.0,8180.0,7994.0,7998.0,77257,111325,109642
2021-12-09 00:00:00.000000000,1638979200000000000,8000.0,8080.0,7926.0,7928.0,64102,109642,105905
2021-12-10 00:00:00.000000000,1639065600000000000,7946.0,7974.0,7906.0,7932.0,60280,105905,96220
2021-12-13 00:00:00.000000000,1639324800000000000,7930.0,8040.0,7914.0,8032.0,55385,96220,86784
2021-12-14 00:00:00.000000000,1639411200000000000,8052.0,8216.0,8040.0,8128.0,71020,86784,72778
2021-12-15 00:00:00.000000000,1639497600000000000,8268.0,8300.0,8210.0,8250.0,66145,72778,115107
2021-12-16 00:00:00.000000000,1639584000000000000,8278.0,8298.0,8222.0,8250.0,62879,115107,123218
2021-12-17 00:00:00.000000000,1639670400000000000,8276.0,8316.0,8192.0,8206.0,88511,123218,135675
2021-12-20 00:00:00.000000000,1639929600000000000,8218.0,8232.0,8064.0,8066.0,116605,135675,151097
2021-12-21 00:00:00.000000000,1640016000000000000,8064.0,8104.0,8012.0,8092.0,59061,151097,155302
2021-12-22 00:00:00.000000000,1640102400000000000,8090.0,8156.0,8074.0,8102.0,61098,155302,155504
2021-12-23 00:00:00.000000000,1640188800000000000,8100.0,8184.0,8100.0,8140.0,66015,155504,155004
2021-12-24 00:00:00.000000000,1640275200000000000,8170.0,8200.0,8142.0,8174.0,54140,155004,153960
2021-12-27 00:00:00.000000000,1640534400000000000,8188.0,8288.0,8182.0,8282.0,91082,153960,152587
2021-12-28 00:00:00.000000000,1640620800000000000,8300.0,8350.0,8252.0,8316.0,106982,152587,152639
2021-12-29 00:00:00.000000000,1640707200000000000,8306.0,8314.0,8216.0,8230.0,69156,152639,158374
2021-12-30 00:00:00.000000000,1640793600000000000,8224.0,8252.0,8176.0,8206.0,78698,158374,164885
2021-12-31 00:00:00.000000000,1640880000000000000,8210.0,8258.0,8158.0,8252.0,96801,164885,166322
2022-01-04 00:00:00.000000000,1641225600000000000,8254.0,8274.0,8172.0,8184.0,101278,166322,174145
2022-01-05 00:00:00.000000000,1641312000000000000,8204.0,8240.0,8182.0,8186.0,83640,174145,178836
2022-01-06 00:00:00.000000000,1641398400000000000,8188.0,8238.0,8052.0,8056.0,185539,178836,202073
2022-01-07 00:00:00.000000000,1641484800000000000,8048.0,8094.0,8032.0,8046.0,118776,202073,217423
2022-01-10 00:00:00.000000000,1641744000000000000,7998.0,8000.0,7794.0,7798.0,211135,217423,249489
2022-01-11 00:00:00.000000000,1641830400000000000,7840.0,7922.0,7810.0,7836.0,170187,249489,241627
2022-01-12 00:00:00.000000000,1641916800000000000,7852.0,7916.0,7834.0,7890.0,127925,241627,237034
2022-01-13 00:00:00.000000000,1642003200000000000,7886.0,7930.0,7854.0,7862.0,113806,237034,241115
2022-01-14 00:00:00.000000000,1642089600000000000,7852.0,7976.0,7834.0,7948.0,141924,241115,226966
2022-01-17 00:00:00.000000000,1642348800000000000,7952.0,8086.0,7950.0,8084.0,176456,226966,206365
2022-01-18 00:00:00.000000000,1642435200000000000,8084.0,8096.0,7974.0,7994.0,129403,206365,218868
2022-01-19 00:00:00.000000000,1642521600000000000,8018.0,8074.0,7980.0,8010.0,115317,218868,214469
2022-01-20 00:00:00.000000000,1642608000000000000,8046.0,8072.0,7994.0,8014.0,98482,214469,217655
2022-01-21 00:00:00.000000000,1642694400000000000,8024.0,8052.0,7920.0,7992.0,160303,217655,216665
2022-01-24 00:00:00.000000000,1642953600000000000,7992.0,8038.0,7966.0,7984.0,104102,216665,215074
2022-01-25 00:00:00.000000000,1643040000000000000,7950.0,7998.0,7876.0,7880.0,110969,215074,212570
2022-01-26 00:00:00.000000000,1643126400000000000,7886.0,7924.0,7860.0,7902.0,59075,212570,211834
2022-01-27 00:00:00.000000000,1643212800000000000,7940.0,8006.0,7918.0,7956.0,94993,211834,197207
2022-01-28 00:00:00.000000000,1643299200000000000,7996.0,8032.0,7960.0,8016.0,88610,197207,182599
2022-02-07 00:00:00.000000000,1644163200000000000,8088.0,8220.0,8050.0,8166.0,137347,182599,194649
2022-02-08 00:00:00.000000000,1644249600000000000,8176.0,8280.0,8120.0,8148.0,133319,194649,206569
2022-02-09 00:00:00.000000000,1644336000000000000,8110.0,8154.0,8088.0,8124.0,87140,206569,209603
2022-02-10 00:00:00.000000000,1644422400000000000,8158.0,8178.0,8052.0,8098.0,99118,209603,212848
2022-02-11 00:00:00.000000000,1644508800000000000,8082.0,8124.0,7980.0,7982.0,121796,212848,211104
2022-02-14 00:00:00.000000000,1644768000000000000,8010.0,8040.0,7952.0,7990.0,92968,211104,214421
2022-02-15 00:00:00.000000000,1644854400000000000,7988.0,8038.0,7954.0,8022.0,96360,214421,218847
2022-02-16 00:00:00.000000000,1644940800000000000,8014.0,8050.0,7966.0,7972.0,107855,218847,222043
2022-02-17 00:00:00.000000000,1645027200000000000,7966.0,8014.0,7906.0,7976.0,127448,222043,213800
2022-02-18 00:00:00.000000000,1645113600000000000,7982.0,8020.0,7966.0,7976.0,74028,213800,213507
2022-02-21 00:00:00.000000000,1645372800000000000,7996.0,8130.0,7990.0,8108.0,151804,213507,214163
2022-02-22 00:00:00.000000000,1645459200000000000,8132.0,8146.0,7958.0,7962.0,164104,214163,206117
2022-02-23 00:00:00.000000000,1645545600000000000,7988.0,7998.0,7922.0,7976.0,112176,206117,203212
2022-02-24 00:00:00.000000000,1645632000000000000,7990.0,8440.0,7964.0,8286.0,309821,203212,174393
2022-02-25 00:00:00.000000000,1645718400000000000,8136.0,8212.0,8038.0,8130.0,207983,174393,169955
2022-02-28 00:00:00.000000000,1645977600000000000,8222.0,8404.0,8176.0,8362.0,246382,169955,156320
2022-03-01 00:00:00.000000000,1646064000000000000,8400.0,8472.0,8272.0,8358.0,212362,156320,152178
2022-03-02 00:00:00.000000000,1646150400000000000,8498.0,8500.0,8312.0,8366.0,166159,152178,139571
2022-03-03 00:00:00.000000000,1646236800000000000,8414.0,8568.0,8348.0,8554.0,158034,139571,127433
2022-03-04 00:00:00.000000000,1646323200000000000,8518.0,8900.0,8500.0,8696.0,369598,127433,118931
2022-03-07 00:00:00.000000000,1646582400000000000,8742.0,8848.0,8566.0,8630.0,156300,118931,116396
2022-03-08 00:00:00.000000000,1646668800000000000,8604.0,8612.0,8382.0,8422.0,151866,116396,108492
2022-03-09 00:00:00.000000000,1646755200000000000,8440.0,8574.0,8404.0,8502.0,132044,108492,102109
2022-03-10 00:00:00.000000000,1646841600000000000,8380.0,8410.0,8230.0,8330.0,88857,102109,90558
2022-03-11 00:00:00.000000000,1646928000000000000,8354.0,8454.0,8250.0,8312.0,93741,90558,84842
2022-03-14 00:00:00.000000000,1647187200000000000,8400.0,8498.0,8356.0,8456.0,118320,84842,77677
2022-03-15 00:00:00.000000000,1647273600000000000,8480.0,8660.0,8362.0,8414.0,147267,77677,63257
2022-03-16 00:00:00.000000000,1647360000000000000,8456.0,8598.0,8454.0,8560.0,79371,63257,57722
2022-03-17 00:00:00.000000000,1647446400000000000,8528.0,8586.0,8434.0,8544.0,66004,57722,49848
2022-03-18 00:00:00.000000000,1647532800000000000,8596.0,8600.0,8466.0,8532.0,46539,49848,50086
2022-03-21 00:00:00.000000000,1647792000000000000,8530.0,8636.0,8486.0,8594.0,55943,50086,45697
2022-03-22 00:00:00.000000000,1647878400000000000,8606.0,8624.0,8452.0,8528.0,52165,45697,39202
2022-03-23 00:00:00.000000000,1647964800000000000,8528.0,8558.0,8470.0,8534.0,35962,39202,31442
2022-03-24 00:00:00.000000000,1648051200000000000,9920.0,9974.0,9614.0,9666.0,89891,31442,59560
2022-03-25 00:00:00.000000000,1648137600000000000,9646.0,9722.0,9524.0,9618.0,67014,59560,60638
2022-03-28 00:00:00.000000000,1648396800000000000,9626.0,9794.0,9620.0,9700.0,60866,60638,62690
2022-03-29 00:00:00.000000000,1648483200000000000,9688.0,9714.0,9576.0,9704.0,56077,62690,64539
2022-03-30 00:00:00.000000000,1648569600000000000,9680.0,9730.0,9616.0,9672.0,47874,64539,64977
2022-03-31 00:00:00.000000000,1648656000000000000,9692.0,9696.0,9586.0,9672.0,47712,64977,64293
2022-04-01 00:00:00.000000000,1648742400000000000,9620.0,9644.0,9360.0,9376.0,85404,64293,60053
2022-04-06 00:00:00.000000000,1649174400000000000,9320.0,9400.0,9244.0,9352.0,66309,60053,61294
2022-04-07 00:00:00.000000000,1649260800000000000,9316.0,9438.0,9308.0,9374.0,61005,61294,62838
2022-04-08 00:00:00.000000000,1649347200000000000,9398.0,9418.0,9324.0,9390.0,39222,62838,61945
2022-04-11 00:00:00.000000000,1649606400000000000,9402.0,9484.0,9396.0,9456.0,49037,61945,63915
2022-04-12 00:00:00.000000000,1649692800000000000,9460.0,9530.0,9426.0,9480.0,50308,63915,62955
2022-04-13 00:00:00.000000000,1649779200000000000,9490.0,9510.0,9352.0,9454.0,68379,62955,64210
2022-04-14 00:00:00.000000000,1649865600000000000,9506.0,9512.0,9412.0,9414.0,34864,64210,65511
2022-04-15 00:00:00.000000000,1649952000000000000,9426.0,9458.0,9362.0,9402.0,43679,65511,66409
2022-04-18 00:00:00.000000000,1650211200000000000,9426.0,9590.0,9326.0,9572.0,83387,66409,71345
2022-04-19 00:00:00.000000000,1650297600000000000,9590.0,9634.0,9460.0,9486.0,99742,71345,74960
2022-04-20 00:00:00.000000000,1650384000000000000,9496.0,9520.0,9276.0,9278.0,96344,74960,77329
2022-04-21 00:00:00.000000000,1650470400000000000,9304.0,9334.0,9222.0,9250.0,79160,77329,79996
2022-04-22 00:00:00.000000000,1650556800000000000,9250.0,9260.0,9022.0,9024.0,94669,79996,86886
2022-04-25 00:00:00.000000000,1650816000000000000,9002.0,9110.0,8970.0,9030.0,85109,86886,85779
2022-04-26 00:00:00.000000000,1650902400000000000,9046.0,9150.0,9028.0,9120.0,73781,85779,84430
2022-04-27 00:00:00.000000000,1650988800000000000,9118.0,9178.0,9036.0,9138.0,68238,84430,85465
2022-04-28 00:00:00.000000000,1651075200000000000,9182.0,9190.0,9106.0,9172.0,61373,85465,85534
2022-04-29 00:00:00.000000000,1651161600000000000,9200.0,9450.0,9186.0,9404.0,88452,85534,75043
2022-05-05 00:00:00.000000000,1651680000000000000,9500.0,9722.0,9492.0,9696.0,114053,75043,77517
2022-05-06 00:00:00.000000000,1651766400000000000,9658.0,9682.0,9558.0,9614.0,95079,77517,73485
2022-05-09 00:00:00.000000000,1652025600000000000,9588.0,9712.0,9524.0,9654.0,90479,73485,75665
2022-05-10 00:00:00.000000000,1652112000000000000,9610.0,9750.0,9510.0,9668.0,111620,75665,81714
2022-05-11 00:00:00.000000000,1652198400000000000,9652.0,9828.0,9628.0,9778.0,118580,81714,89972
2022-05-12 00:00:00.000000000,1652284800000000000,9808.0,9916.0,9708.0,9760.0,130340,89972,91475
2022-05-13 00:00:00.000000000,1652371200000000000,9816.0,9890.0,9810.0,9872.0,62606,91475,92752
2022-05-16 00:00:00.000000000,1652630400000000000,10000.0,10486.0,9996.0,10410.0,261822,92752,120758
2022-05-17 00:00:00.000000000,1652716800000000000,10404.0,10516.0,10312.0,10454.0,220314,120758,118050
2022-05-18 00:00:00.000000000,1652803200000000000,10402.0,10448.0,10320.0,10350.0,112087,118050,113931
2022-05-19 00:00:00.000000000,1652889600000000000,10280.0,10494.0,10206.0,10470.0,180998,113931,122650
2022-05-20 00:00:00.000000000,1652976000000000000,10472.0,10702.0,10338.0,10412.0,164985,122650,112254
2022-05-23 00:00:00.000000000,1653235200000000000,10396.0,10616.0,10358.0,10556.0,140326,112254,121859
2022-05-24 00:00:00.000000000,1653321600000000000,10534.0,10828.0,10510.0,10766.0,274112,121859,129611
2022-05-25 00:00:00.000000000,1653408000000000000,10764.0,10818.0,10630.0,10716.0,172993,129611,122638
2022-05-26 00:00:00.000000000,1653494400000000000,10702.0,10730.0,10554.0,10574.0,140226,122638,112051
2022-05-27 00:00:00.000000000,1653580800000000000,10658.0,10864.0,10426.0,10476.0,268065,112051,103238
2022-05-30 00:00:00.000000000,1653840000000000000,10476.0,10518.0,10322.0,10374.0,132966,103238,104444
2022-05-31 00:00:00.000000000,1653926400000000000,10332.0,10496.0,10250.0,10336.0,199606,104444,104394
2022-06-01 00:00:00.000000000,1654012800000000000,10276.0,10330.0,10220.0,10274.0,98145,104394,103017
2022-06-02 00:00:00.000000000,1654099200000000000,10228.0,10438.0,10220.0,10286.0,158882,103017,103173
2022-06-06 00:00:00.000000000,1654444800000000000,10346.0,10390.0,10270.0,10336.0,127145,103173,108061
2022-06-07 00:00:00.000000000,1654531200000000000,10320.0,10410.0,10108.0,10202.0,134631,108061,106170
2022-06-08 00:00:00.000000000,1654617600000000000,10236.0,10324.0,10100.0,10270.0,180348,106170,104624
2022-06-09 00:00:00.000000000,1654704000000000000,10270.0,10340.0,10212.0,10224.0,103636,104624,100783
2022-06-10 00:00:00.000000000,1654790400000000000,10294.0,10754.0,10254.0,10736.0,303829,100783,125515
2022-06-13 00:00:00.000000000,1655049600000000000,10690.0,10810.0,10558.0,10602.0,225020,125515,121987
2022-06-14 00:00:00.000000000,1655136000000000000,10566.0,10602.0,10170.0,10208.0,319650,121987,115631
2022-06-15 00:00:00.000000000,1655222400000000000,10160.0,10272.0,10120.0,10126.0,152644,115631,115760
2022-06-16 00:00:00.000000000,1655308800000000000,10136.0,10228.0,10024.0,10082.0,173744,115760,117229
2022-06-17 00:00:00.000000000,1655395200000000000,10102.0,10196.0,9982.0,10034.0,175017,117229,121896
2022-06-20 00:00:00.000000000,1655654400000000000,10020.0,10130.0,9896.0,10006.0,169913,121896,121262
2022-06-21 00:00:00.000000000,1655740800000000000,10060.0,10182.0,9970.0,10064.0,166168,121262,122399
2022-06-22 00:00:00.000000000,1655827200000000000,10056.0,10116.0,9636.0,9700.0,238259,122399,123296
2022-06-23 00:00:00.000000000,1655913600000000000,9724.0,9812.0,9584.0,9790.0,165142,123296,119660
2022-06-24 00:00:00.000000000,1656000000000000000,9718.0,9756.0,9526.0,9632.0,155680,119660,112866
2022-06-27 00:00:00.000000000,1656259200000000000,9666.0,9766.0,9484.0,9558.0,193997,112866,120507
2022-06-28 00:00:00.000000000,1656345600000000000,9642.0,9838.0,9496.0,9836.0,200710,120507,118003
2022-06-29 00:00:00.000000000,1656432000000000000,9784.0,9820.0,9660.0,9704.0,154450,118003,118707
2022-06-30 00:00:00.000000000,1656518400000000000,9716.0,9770.0,9616.0,9712.0,92954,118707,118913
2022-07-01 00:00:00.000000000,1656604800000000000,9614.0,9676.0,9510.0,9600.0,133081,118913,117236
2022-07-04 00:00:00.000000000,1656864000000000000,9540.0,9720.0,9456.0,9664.0,137475,117236,121278
2022-07-05 00:00:00.000000000,1656950400000000000,9642.0,9808.0,9552.0,9606.0,148241,121278,118909
2022-07-06 00:00:00.000000000,1657036800000000000,9510.0,9588.0,9254.0,9482.0,227713,118909,118940
2022-07-07 00:00:00.000000000,1657123200000000000,9494.0,9560.0,9326.0,9472.0,161722,118940,116349
2022-07-08 00:00:00.000000000,1657209600000000000,9600.0,9688.0,9494.0,9582.0,111302,116349,109374
2022-07-11 00:00:00.000000000,1657468800000000000,9664.0,9700.0,9480.0,9534.0,109964,109374,112527
2022-07-12 00:00:00.000000000,1657555200000000000,9520.0,9560.0,9422.0,9520.0,94083,112527,112159
2022-07-13 00:00:00.000000000,1657641600000000000,9318.0,9416.0,9266.0,9324.0,119436,112159,115764
2022-07-14 00:00:00.000000000,1657728000000000000,9362.0,9422.0,9318.0,9342.0,78652,115764,113864
2022-07-15 00:00:00.000000000,1657814400000000000,9354.0,9394.0,9192.0,9206.0,121136,113864,112963
2022-07-18 00:00:00.000000000,1658073600000000000,9290.0,9458.0,9272.0,9408.0,106273,112963,109033
2022-07-19 00:00:00.000000000,1658160000000000000,9446.0,9486.0,9304.0,9334.0,77098,109033,107871
2022-07-20 00:00:00.000000000,1658246400000000000,9376.0,9516.0,9286.0,9344.0,87050,107871,108846
2022-07-21 00:00:00.000000000,1658332800000000000,9350.0,9434.0,9300.0,9384.0,75497,108846,107006
2022-07-22 00:00:00.000000000,1658419200000000000,9330.0,9374.0,9264.0,9322.0,80598,107006,104739
2022-07-25 00:00:00.000000000,1658678400000000000,9374.0,9386.0,9258.0,9312.0,66422,104739,106472
2022-07-26 00:00:00.000000000,1658764800000000000,9348.0,9400.0,9292.0,9388.0,67955,106472,102963
2022-07-27 00:00:00.000000000,1658851200000000000,9420.0,9676.0,9392.0,9586.0,167566,102963,102896
2022-07-28 00:00:00.000000000,1658937600000000000,9628.0,9728.0,9592.0,9638.0,87847,102896,98225
2022-07-29 00:00:00.000000000,1659024000000000000,9698.0,9762.0,9650.0,9726.0,76126,98225,95304
2022-08-01 00:00:00.000000000,1659283200000000000,9774.0,9842.0,9550.0,9640.0,89493,95304,91109
2022-08-02 00:00:00.000000000,1659369600000000000,9590.0,9714.0,9526.0,9634.0,78785,91109,90728
2022-08-03 00:00:00.000000000,1659456000000000000,9634.0,9690.0,9582.0,9628.0,46305,90728,90341
2022-08-04 00:00:00.000000000,1659542400000000000,9560.0,9598.0,9460.0,9530.0,68610,90341,90880
2022-08-05 00:00:00.000000000,1659628800000000000,9574.0,9724.0,9510.0,9692.0,65436,90880,87332
2022-08-08 00:00:00.000000000,1659888000000000000,9736.0,9838.0,9694.0,9822.0,68165,87332,89621
2022-08-09 00:00:00.000000000,1659974400000000000,9814.0,9826.0,9736.0,9778.0,38057,89621,88701
2022-08-10 00:00:00.000000000,1660060800000000000,9800.0,9888.0,9708.0,9740.0,44711,88701,86438
2022-08-11 00:00:00.000000000,1660147200000000000,9754.0,9792.0,9688.0,9786.0,39675,86438,86547
2022-08-12 00:00:00.000000000,1660233600000000000,9812.0,9860.0,9702.0,9776.0,49507,86547,85825
2022-08-15 00:00:00.000000000,1660492800000000000,9792.0,9800.0,9632.0,9646.0,50505,85825,86592
2022-08-16 00:00:00.000000000,1660579200000000000,9652.0,9688.0,9592.0,9662.0,35572,86592,84901
2022-08-17 00:00:00.000000000,1660665600000000000,9658.0,9770.0,9606.0,9658.0,57176,84901,80351
2022-08-18 00:00:00.000000000,1660752000000000000,9646.0,9686.0,9430.0,9488.0,74119,80351,76157
2022-08-19 00:00:00.000000000,1660838400000000000,9504.0,9560.0,9276.0,9304.0,79436,76157,78613
2022-08-22 00:00:00.000000000,1661097600000000000,9322.0,9408.0,9306.0,9344.0,46826,78613,79933
2022-08-23 00:00:00.000000000,1661184000000000000,9390.0,9446.0,9332.0,9354.0,50674,79933,83716
2022-08-24 00:00:00.000000000,1661270400000000000,9396.0,9426.0,9260.0,9412.0,62123,83716,84531
2022-08-25 00:00:00.000000000,1661356800000000000,9402.0,9444.0,9328.0,9350.0,46702,84531,83667
2022-08-26 00:00:00.000000000,1661443200000000000,9380.0,9500.0,9312.0,9420.0,62299,83667,80291
2022-08-29 00:00:00.000000000,1661702400000000000,9406.0,9456.0,9342.0,9420.0,40759,80291,79607
2022-08-30 00:00:00.000000000,1661788800000000000,9418.0,9612.0,9406.0,9570.0,82499,79607,77142
2022-08-31 00:00:00.000000000,1661875200000000000,9550.0,9640.0,9532.0,9570.0,55000,77142,74424
2022-09-01 00:00:00.000000000,1661961600000000000,9566.0,9618.0,9418.0,9478.0,66808,74424,63989
2022-09-02 00:00:00.000000000,1662048000000000000,9450.0,9602.0,9450.0,9554.0,62243,63989,54090
2022-09-05 00:00:00.000000000,1662307200000000000,9588.0,9712.0,9522.0,9676.0,52135,54090,52124
2022-09-06 00:00:00.000000000,1662393600000000000,10220.0,10276.0,10146.0,10242.0,74128,52124,96320
2022-09-07 00:00:00.000000000,1662480000000000000,10210.0,10476.0,10152.0,10326.0,174216,96320,109873
2022-09-08 00:00:00.000000000,1662566400000000000,10290.0,10396.0,10236.0,10380.0,82988,109873,111590
2022-09-09 00:00:00.000000000,1662652800000000000,10382.0,10438.0,10334.0,10384.0,74248,111590,113238
2022-09-13 00:00:00.000000000,1662998400000000000,10350.0,10488.0,10306.0,10320.0,111245,113238,120837
2022-09-14 00:00:00.000000000,1663084800000000000,10260.0,10350.0,10250.0,10316.0,70870,120837,125233
2022-09-15 00:00:00.000000000,1663171200000000000,10298.0,10388.0,10294.0,10374.0,67176,125233,127026
2022-09-16 00:00:00.000000000,1663257600000000000,10406.0,10446.0,10302.0,10372.0,94769,127026,130257
2022-09-19 00:00:00.000000000,1663516800000000000,10540.0,10730.0,10538.0,10626.0,152796,130257,138679
2022-09-20 00:00:00.000000000,1663603200000000000,10606.0,10716.0,10604.0,10684.0,95322,138679,145189
2022-09-21 00:00:00.000000000,1663689600000000000,10726.0,10818.0,10630.0,10806.0,129503,145189,153547
2022-09-22 00:00:00.000000000,1663776000000000000,10762.0,10888.0,10750.0,10864.0,129998,153547,163244
2022-09-23 00:00:00.000000000,1663862400000000000,10872.0,10958.0,10750.0,10952.0,158991,163244,169182
2022-09-26 00:00:00.000000000,1664121600000000000,10988.0,11156.0,10780.0,10802.0,335486,169182,155134
2022-09-27 00:00:00.000000000,1664208000000000000,10788.0,10848.0,10654.0,10730.0,202596,155134,148121
2022-09-28 00:00:00.000000000,1664294400000000000,10728.0,10790.0,10590.0,10650.0,169100,148121,139695
2022-09-29 00:00:00.000000000,1664380800000000000,10698.0,10742.0,10622.0,10698.0,108129,139695,132786
2022-09-30 00:00:00.000000000,1664467200000000000,10724.0,10900.0,10676.0,10892.0,122613,132786,135435
2022-10-10 00:00:00.000000000,1665331200000000000,11050.0,11188.0,10984.0,11176.0,176550,135435,148855
2022-10-11 00:00:00.000000000,1665417600000000000,11188.0,11200.0,11068.0,11134.0,123888,148855,156399
2022-10-12 00:00:00.000000000,1665504000000000000,11146.0,11256.0,11032.0,11202.0,158779,156399,168288
2022-10-13 00:00:00.000000000,1665590400000000000,11172.0,11228.0,11108.0,11138.0,142123,168288,165975
2022-10-14 00:00:00.000000000,1665676800000000000,11202.0,11204.0,11046.0,11084.0,161135,165975,157963
2022-10-17 00:00:00.000000000,1665936000000000000,11010.0,11026.0,10812.0,10864.0,159530,157963,146385
2022-10-18 00:00:00.000000000,1666022400000000000,10850.0,10884.0,10696.0,10864.0,143719,146385,143581
2022-10-19 00:00:00.000000000,1666108800000000000,10850.0,10928.0,10814.0,10922.0,115885,143581,153941
2022-10-20 00:00:00.000000000,1666195200000000000,10922.0,10960.0,10708.0,10714.0,166611,153941,148880
2022-10-21 00:00:00.000000000,1666281600000000000,10666.0,10810.0,10640.0,10742.0,133864,148880,149222
2022-10-24 00:00:00.000000000,1666540800000000000,10760.0,10792.0,10688.0,10754.0,94723,149222,145618
2022-10-25 00:00:00.000000000,1666627200000000000,10730.0,10766.0,10632.0,10644.0,112686,145618,142547
2022-10-26 00:00:00.000000000,1666713600000000000,10610.0,10634.0,10400.0,10416.0,157860,142547,138630
2022-10-27 00:00:00.000000000,1666800000000000000,10416.0,10586.0,10322.0,10560.0,239539,138630,128632
2022-10-28 00:00:00.000000000,1666886400000000000,10542.0,10620.0,10454.0,10528.0,153519,128632,131461
2022-10-31 00:00:00.000000000,1667145600000000000,10632.0,10746.0,10544.0,10620.0,162516,131461,128596
2022-11-01 00:00:00.000000000,1667232000000000000,10632.0,10710.0,10572.0,10664.0,122929,128596,123041
2022-11-02 00:00:00.000000000,1667318400000000000,10686.0,10930.0,10672.0,10898.0,155635,123041,118247
2022-11-03 00:00:00.000000000,1667404800000000000,10888.0,10918.0,10702.0,10718.0,157654,118247,118141
2022-11-04 00:00:00.000000000,1667491200000000000,10760.0,10842.0,10720.0,10768.0,135407,118141,117097
2022-11-07 00:00:00.000000000,1667750400000000000,10764.0,10814.0,10588.0,10760.0,150644,117097,113869
2022-11-08 00:00:00.000000000,1667836800000000000,10802.0,10860.0,10734.0,10800.0,98079,113869,114358
2022-11-09 00:00:00.000000000,1667923200000000000,10800.0,10828.0,10690.0,10780.0,112171,114358,114366
2022-11-10 00:00:00.000000000,1668009600000000000,10790.0,10876.0,10784.0,10826.0,102698,114366,113162
2022-11-11 00:00:00.000000000,1668096000000000000,10836.0,10940.0,10814.0,10926.0,104970,113162,114138
2022-11-14 00:00:00.000000000,1668355200000000000,10990.0,11044.0,10888.0,10936.0,119308,114138,121626
2022-11-15 00:00:00.000000000,1668441600000000000,10936.0,10970.0,10840.0,10916.0,81303,121626,116022
2022-11-16 00:00:00.000000000,1668528000000000000,10930.0,10966.0,10688.0,10734.0,175337,116022,113337
2022-11-17 00:00:00.000000000,1668614400000000000,10734.0,10768.0,10614.0,10636.0,120377,113337,110761
2022-11-18 00:00:00.000000000,1668700800000000000,10630.0,10640.0,10528.0,10544.0,110692,110761,106552
2022-11-21 00:00:00.000000000,1668960000000000000,10538.0,10586.0,10456.0,10552.0,75020,106552,104808
2022-11-22 00:00:00.000000000,1669046400000000000,10560.0,10616.0,10514.0,10536.0,62759,104808,104070
2022-11-23 00:00:00.000000000,1669132800000000000,10560.0,10576.0,10486.0,10532.0,59264,104070,102668
2022-11-24 00:00:00.000000000,1669219200000000000,10546.0,10644.0,10526.0,10544.0,62514,102668,101514
2022-11-25 00:00:00.000000000,1669305600000000000,10566.0,10658.0,10394.0,10416.0,136751,101514,105205
2022-11-28 00:00:00.000000000,1669564800000000000,10424.0,10558.0,10380.0,10538.0,99306,105205,97025
2022-11-29 00:00:00.000000000,1669651200000000000,10570.0,10610.0,10456.0,10468.0,90590,97025,89568
2022-11-30 00:00:00.000000000,1669737600000000000,10488.0,10584.0,10418.0,10582.0,78867,89568,90783
2022-12-01 00:00:00.000000000,1669824000000000000,10620.0,10638.0,10516.0,10552.0,49155,90783,89497
2022-12-02 00:00:00.000000000,1669910400000000000,10508.0,10588.0,10482.0,10526.0,62331,89497,78632
2022-12-05 00:00:00.000000000,1670169600000000000,10536.0,10660.0,10428.0,10600.0,72740,78632,63809
2022-12-06 00:00:00.000000000,1670256000000000000,10592.0,10622.0,10510.0,10540.0,52634,63809,52518
2022-12-07 00:00:00.000000000,1670342400000000000,10352.0,10396.0,10276.0,10370.0,52625,52518,111857
2022-12-08 00:00:00.000000000,1670428800000000000,10372.0,10500.0,10362.0,10422.0,70320,111857,113962
2022-12-09 00:00:00.000000000,1670515200000000000,10430.0,10436.0,10332.0,10374.0,53388,113962,116737
2022-12-12 00:00:00.000000000,1670774400000000000,10440.0,10460.0,10304.0,10328.0,76612,116737,120161
2022-12-13 00:00:00.000000000,1670860800000000000,10340.0,10398.0,10306.0,10366.0,49255,120161,119063
2022-12-14 00:00:00.000000000,1670947200000000000,10306.0,10318.0,10056.0,10094.0,169486,119063,136378
2022-12-15 00:00:00.000000000,1671033600000000000,10142.0,10146.0,10002.0,10062.0,91621,136378,131022
2022-12-16 00:00:00.000000000,1671120000000000000,10096.0,10144.0,10060.0,10094.0,65501,131022,123008
2022-12-19 00:00:00.000000000,1671379200000000000,10050.0,10156.0,10022.0,10100.0,61638,123008,116033
2022-12-20 00:00:00.000000000,1671465600000000000,10122.0,10126.0,9824.0,9870.0,119778,116033,125230
2022-12-21 00:00:00.000000000,1671552000000000000,9870.0,9928.0,9826.0,9878.0,80845,125230,121010
2022-12-22 00:00:00.000000000,1671638400000000000,9878.0,9948.0,9842.0,9854.0,61344,121010,120872
2022-12-23 00:00:00.000000000,1671724800000000000,9824.0,9888.0,9750.0,9764.0,80378,120872,122320
2022-12-26 00:00:00.000000000,1671984000000000000,9752.0,10078.0,9740.0,10050.0,126699,122320,108235
2022-12-27 00:00:00.000000000,1672070400000000000,10064.0,10302.0,10062.0,10238.0,110790,108235,98217
2022-12-28 00:00:00.000000000,1672156800000000000,10238.0,10280.0,10188.0,10212.0,57658,98217,95257
2022-12-29 00:00:00.000000000,1672243200000000000,10186.0,10220.0,10050.0,10064.0,88754,95257,96987
2022-12-30 00:00:00.000000000,1672329600000000000,10048.0,10116.0,9936.0,9986.0,110803,96987,102815
2023-01-03 00:00:00.000000000,1672675200000000000,9974.0,10202.0,9958.0,10076.0,121358,102815,105478
2023-01-04 00:00:00.000000000,1672761600000000000,10060.0,10074.0,9906.0,10000.0,100534,105478,104043
2023-01-05 00:00:00.000000000,1672848000000000000,9984.0,10022.0,9896.0,9924.0,71498,104043,111932
2023-01-06 00:00:00.000000000,1672934400000000000,9892.0,9986.0,9886.0,9944.0,51646,111932,112444
2023-01-09 00:00:00.000000000,1673193600000000000,9968.0,10170.0,9968.0,10160.0,91018,112444,108622
2023-01-10 00:00:00.000000000,1673280000000000000,10150.0,10210.0,10000.0,10136.0,107228,108622,99670
2023-01-11 00:00:00.000000000,1673366400000000000,10150.0,10228.0,10102.0,10192.0,54011,99670,99582
2023-01-12 00:00:00.000000000,1673452800000000000,10190.0,10400.0,10184.0,10370.0,89162,99582,100423
2023-01-13 00:00:00.000000000,1673539200000000000,10390.0,10460.0,10318.0,10396.0,73335,100423,99525
2023-01-16 00:00:00.000000000,1673798400000000000,10416.0,10484.0,10376.0,10416.0,58105,99525,100849
2023-01-17 00:00:00.000000000,1673884800000000000,10400.0,10458.0,10368.0,10454.0,45657,100849,97510
2023-01-18 00:00:00.000000000,1673971200000000000,10480.0,10600.0,10434.0,10588.0,67921,97510,99773
2023-01-19 00:00:00.000000000,1674057600000000000,10576.0,10718.0,10542.0,10706.0,80458,99773,97763
2023-01-20 00:00:00.000000000,1674144000000000000,10710.0,10750.0,10582.0,10714.0,51661,97763,94957
2023-01-30 00:00:00.000000000,1675008000000000000,10788.0,10980.0,10660.0,10672.0,72725,94957,97079
2023-01-31 00:00:00.000000000,1675094400000000000,10676.0,10750.0,10570.0,10588.0,67628,97079,98977
2023-02-01 00:00:00.000000000,1675180800000000000,10616.0,10716.0,10596.0,10680.0,58756,98977,100186
2023-02-02 00:00:00.000000000,1675267200000000000,10650.0,10650.0,10386.0,10418.0,76162,100186,97068
2023-02-03 00:00:00.000000000,1675353600000000000,10412.0,10512.0,10350.0,10458.0,57861,97068,96047
2023-02-06 00:00:00.000000000,1675612800000000000,10438.0,10540.0,10386.0,10446.0,57688,96047,94516
2023-02-07 00:00:00.000000000,1675699200000000000,10428.0,10648.0,10406.0,10498.0,92293,94516,92553
2023-02-08 00:00:00.000000000,1675785600000000000,10544.0,10566.0,10484.0,10542.0,42014,92553,92398
2023-02-09 00:00:00.000000000,1675872000000000000,10546.0,10584.0,10450.0,10464.0,46068,92398,92072
2023-02-10 00:00:00.000000000,1675958400000000000,10498.0,10706.0,10488.0,10688.0,106525,92072,95906
2023-02-13 00:00:00.000000000,1676217600000000000,10760.0,10836.0,10684.0,10736.0,69657,95906,100374
2023-02-14 00:00:00.000000000,1676304000000000000,10752.0,10946.0,10712.0,10928.0,117378,100374,101685
2023-02-15 00:00:00.000000000,1676390400000000000,11050.0,11060.0,10956.0,11022.0,101433,101685,110921
2023-02-16 00:00:00.000000000,1676476800000000000,11024.0,11118.0,10972.0,11094.0,91133,110921,116550
2023-02-17 00:00:00.000000000,1676563200000000000,11100.0,11236.0,11074.0,11230.0,91359,116550,127917
2023-02-20 00:00:00.000000000,1676822400000000000,11250.0,11252.0,11120.0,11228.0,103078,127917,131015
2023-02-21 00:00:00.000000000,1676908800000000000,11214.0,11274.0,11166.0,11262.0,82082,131015,134467
2023-02-22 00:00:00.000000000,1676995200000000000,11260.0,11354.0,11202.0,11216.0,113839,134467,139017
2023-02-23 00:00:00.000000000,1677081600000000000,11214.0,11270.0,11132.0,11234.0,107320,139017,138254
2023-02-24 00:00:00.000000000,1677168000000000000,11238.0,11324.0,11230.0,11314.0,87601,138254,143252
2023-02-27 00:00:00.000000000,1677427200000000000,11332.0,11408.0,11288.0,11318.0,105169,143252,148059
2023-02-28 00:00:00.000000000,1677513600000000000,11282.0,11290.0,10836.0,10878.0,246040,148059,121771
2023-03-01 00:00:00.000000000,1677600000000000000,10850.0,11010.0,10810.0,11002.0,161770,121771,112269
2023-03-02 00:00:00.000000000,1677686400000000000,11000.0,11100.0,10950.0,11094.0,119666,112269,106496
2023-03-03 00:00:00.000000000,1677772800000000000,11120.0,11222.0,11076.0,11216.0,111217,106496,109018
2023-03-06 00:00:00.000000000,1678032000000000000,11210.0,11256.0,11038.0,11104.0,136152,109018,106023
2023-03-07 00:00:00.000000000,1678118400000000000,11148.0,11198.0,11066.0,11092.0,100606,106023,106899
2023-03-08 00:00:00.000000000,1678204800000000000,10904.0,11046.0,10696.0,10718.0,203836,106899,80497
2023-03-09 00:00:00.000000000,1678291200000000000,10782.0,10816.0,10682.0,10796.0,86078,80497,70360
2023-03-10 00:00:00.000000000,1678377600000000000,10748.0,10798.0,10628.0,10732.0,103955,70360,58194
2023-03-13 00:00:00.000000000,1678636800000000000,10746.0,10762.0,10568.0,10578.0,82338,58194,49273
2023-03-14 00:00:00.000000000,1678723200000000000,10548.0,10602.0,10512.0,10542.0,52438,49273,40080
2023-03-15 00:00:00.000000000,1678809600000000000,10542.0,10624.0,10500.0,10572.0,42548,40080,33239
2023-03-16 00:00:00.000000000,1678896000000000000,10502.0,10530.0,10308.0,10358.0,62538,33239,22330
2023-03-17 00:00:00.000000000,1678982400000000000,10390.0,10550.0,10382.0,10504.0,99371,22330,101411
2023-03-20 00:00:00.000000000,1679241600000000000,10466.0,10516.0,10224.0,10298.0,105301,101411,106511
2023-03-21 00:00:00.000000000,1679328000000000000,10336.0,10414.0,10302.0,10338.0,76933,106511,110962
2023-03-22 00:00:00.000000000,1679414400000000000,10350.0,10370.0,10130.0,10244.0,117300,110962,111458
2023-03-23 00:00:00.000000000,1679500800000000000,10192.0,10228.0,10070.0,10110.0,86609,111458,119642
2023-03-24 00:00:00.000000000,1679587200000000000,10040.0,10236.0,9948.0,10198.0,119218,119642,118779
2023-03-27 00:00:00.000000000,1679846400000000000,10200.0,10226.0,10102.0,10136.0,69711,118779,120871
2023-03-28 00:00:00.000000000,1679932800000000000,10168.0,10292.0,10126.0,10266.0,86798,120871,122530
2023-03-29 00:00:00.000000000,1680019200000000000,10300.0,10340.0,10150.0,10188.0,75830,122530,119735
