datetime,datetime_nano,KQ.m@DCE.rr.open,KQ.m@DCE.rr.high,KQ.m@DCE.rr.low,KQ.m@DCE.rr.close,KQ.m@DCE.rr.volume,KQ.m@DCE.rr.open_oi,KQ.m@DCE.rr.close_oi
2019-08-16 00:00:00.000000000,1565884800000000000,3605.0,3735.0,3597.0,3685.0,134400,0,14332
2019-08-19 00:00:00.000000000,1566144000000000000,3687.0,3696.0,3662.0,3673.0,26251,14332,12865
2019-08-20 00:00:00.000000000,1566230400000000000,3675.0,3679.0,3655.0,3662.0,10884,12865,12121
2019-08-21 00:00:00.000000000,1566316800000000000,3665.0,3675.0,3663.0,3671.0,7693,12121,10819
2019-08-22 00:00:00.000000000,1566403200000000000,3670.0,3675.0,3616.0,3633.0,11724,10819,10941
2019-08-23 00:00:00.000000000,1566489600000000000,3631.0,3639.0,3625.0,3635.0,3595,10941,10453
2019-08-26 00:00:00.000000000,1566748800000000000,3636.0,3664.0,3623.0,3632.0,6560,10453,10796
2019-08-27 00:00:00.000000000,1566835200000000000,3639.0,3648.0,3628.0,3641.0,3371,10796,10480
2019-08-28 00:00:00.000000000,1566921600000000000,3641.0,3643.0,3626.0,3627.0,3333,10480,11500
2019-08-29 00:00:00.000000000,1567008000000000000,3622.0,3636.0,3600.0,3623.0,3612,11500,11874
2019-08-30 00:00:00.000000000,1567094400000000000,3623.0,3640.0,3611.0,3619.0,5514,11874,12427
2019-09-02 00:00:00.000000000,1567353600000000000,3622.0,3635.0,3619.0,3623.0,4014,12427,12650
2019-09-03 00:00:00.000000000,1567440000000000000,3623.0,3626.0,3611.0,3618.0,2611,12650,12661
2019-09-04 00:00:00.000000000,1567526400000000000,3620.0,3635.0,3601.0,3625.0,7154,12661,13221
2019-09-05 00:00:00.000000000,1567612800000000000,3627.0,3635.0,3616.0,3618.0,3810,13221,13025
2019-09-06 00:00:00.000000000,1567699200000000000,3618.0,3709.0,3616.0,3658.0,30392,13025,16452
2019-09-09 00:00:00.000000000,1567958400000000000,3661.0,3673.0,3623.0,3660.0,8701,16452,16561
2019-09-10 00:00:00.000000000,1568044800000000000,3670.0,3672.0,3645.0,3652.0,3309,16561,16532
2019-09-11 00:00:00.000000000,1568131200000000000,3654.0,3664.0,3630.0,3637.0,3348,16532,15995
2019-09-12 00:00:00.000000000,1568217600000000000,3639.0,3642.0,3628.0,3631.0,2083,15995,15588
2019-09-16 00:00:00.000000000,1568563200000000000,3635.0,3651.0,3629.0,3639.0,2490,15588,15708
2019-09-17 00:00:00.000000000,1568649600000000000,3642.0,3685.0,3639.0,3673.0,5979,15708,16128
2019-09-18 00:00:00.000000000,1568736000000000000,3663.0,3685.0,3656.0,3670.0,5593,16128,15569
2019-09-19 00:00:00.000000000,1568822400000000000,3664.0,3676.0,3663.0,3671.0,2379,15569,14985
2019-09-20 00:00:00.000000000,1568908800000000000,3668.0,3692.0,3645.0,3667.0,5701,14985,14178
2019-09-23 00:00:00.000000000,1569168000000000000,3670.0,3678.0,3662.0,3670.0,2379,14178,13730
2019-09-24 00:00:00.000000000,1569254400000000000,3665.0,3677.0,3655.0,3673.0,1471,13730,13416
2019-09-25 00:00:00.000000000,1569340800000000000,3661.0,3674.0,3645.0,3655.0,1805,13416,13015
2019-09-26 00:00:00.000000000,1569427200000000000,3672.0,3680.0,3650.0,3665.0,1657,13015,12938
2019-09-27 00:00:00.000000000,1569513600000000000,3653.0,3668.0,3640.0,3645.0,1906,12938,12009
2019-09-30 00:00:00.000000000,1569772800000000000,3641.0,3654.0,3638.0,3639.0,964,12009,11544
2019-10-08 00:00:00.000000000,1570464000000000000,3632.0,3649.0,3630.0,3642.0,727,11544,11357
2019-10-09 00:00:00.000000000,1570550400000000000,3642.0,3660.0,3640.0,3648.0,881,11357,11174
2019-10-10 00:00:00.000000000,1570636800000000000,3655.0,3655.0,3643.0,3648.0,447,11174,11178
2019-10-11 00:00:00.000000000,1570723200000000000,3650.0,3650.0,3639.0,3641.0,554,11178,11136
2019-10-14 00:00:00.000000000,1570982400000000000,3641.0,3648.0,3631.0,3641.0,929,11136,10824
2019-10-15 00:00:00.000000000,1571068800000000000,3634.0,3649.0,3634.0,3634.0,503,10824,10860
2019-10-16 00:00:00.000000000,1571155200000000000,3635.0,3643.0,3630.0,3637.0,599,10860,10592
2019-10-17 00:00:00.000000000,1571241600000000000,3641.0,3643.0,3632.0,3639.0,334,10592,10491
2019-10-18 00:00:00.000000000,1571328000000000000,3635.0,3640.0,3634.0,3639.0,620,10491,10377
2019-10-21 00:00:00.000000000,1571587200000000000,3636.0,3640.0,3630.0,3630.0,504,10377,10197
2019-10-22 00:00:00.000000000,1571673600000000000,3625.0,3635.0,3609.0,3618.0,3264,10197,8396
2019-10-23 00:00:00.000000000,1571760000000000000,3616.0,3629.0,3610.0,3618.0,697,8396,8302
2019-10-24 00:00:00.000000000,1571846400000000000,3633.0,3640.0,3609.0,3624.0,423,8302,8273
2019-10-25 00:00:00.000000000,1571932800000000000,3619.0,3627.0,3613.0,3617.0,355,8273,8131
2019-10-28 00:00:00.000000000,1572192000000000000,3617.0,3625.0,3617.0,3620.0,288,8131,8068
2019-10-29 00:00:00.000000000,1572278400000000000,3618.0,3624.0,3614.0,3622.0,472,8068,7993
2019-10-30 00:00:00.000000000,1572364800000000000,3624.0,3624.0,3617.0,3620.0,390,7993,7958
2019-10-31 00:00:00.000000000,1572451200000000000,3620.0,3649.0,3618.0,3629.0,1380,7958,7703
2019-11-01 00:00:00.000000000,1572537600000000000,3628.0,3630.0,3620.0,3624.0,364,7703,7662
2019-11-04 00:00:00.000000000,1572796800000000000,3624.0,3630.0,3621.0,3621.0,435,7662,7585
2019-11-05 00:00:00.000000000,1572883200000000000,3624.0,3631.0,3596.0,3615.0,2639,7585,6635
2019-11-06 00:00:00.000000000,1572969600000000000,3612.0,3620.0,3610.0,3620.0,642,6635,6294
2019-11-07 00:00:00.000000000,1573056000000000000,3626.0,3626.0,3610.0,3619.0,455,6294,6154
2019-11-08 00:00:00.000000000,1573142400000000000,3619.0,3624.0,3610.0,3610.0,724,6154,5920
2019-11-11 00:00:00.000000000,1573401600000000000,3610.0,3617.0,3603.0,3603.0,315,5920,5883
2019-11-12 00:00:00.000000000,1573488000000000000,3605.0,3614.0,3605.0,3605.0,121,5883,5858
2019-11-13 00:00:00.000000000,1573574400000000000,3610.0,3616.0,3608.0,3610.0,169,5858,5794
2019-11-14 00:00:00.000000000,1573660800000000000,3608.0,3614.0,3606.0,3612.0,127,5794,5760
2019-11-15 00:00:00.000000000,1573747200000000000,3611.0,3625.0,3607.0,3612.0,512,5760,5697
2019-11-18 00:00:00.000000000,1574006400000000000,3611.0,3626.0,3610.0,3621.0,473,5697,5492
2019-11-19 00:00:00.000000000,1574092800000000000,3606.0,3756.0,3589.0,3620.0,703,5492,5254
2019-11-20 00:00:00.000000000,1574179200000000000,3615.0,3620.0,3612.0,3619.0,236,5254,5251
2019-11-21 00:00:00.000000000,1574265600000000000,3614.0,3619.0,3603.0,3613.0,555,5251,5319
2019-11-22 00:00:00.000000000,1574352000000000000,3615.0,3615.0,3603.0,3603.0,197,5319,5322
2019-11-25 00:00:00.000000000,1574611200000000000,3608.0,3613.0,3604.0,3608.0,358,5322,5344
2019-11-26 00:00:00.000000000,1574697600000000000,3609.0,3614.0,3605.0,3608.0,289,5344,5273
2019-11-27 00:00:00.000000000,1574784000000000000,3605.0,3609.0,3591.0,3593.0,309,5273,5385
2019-11-28 00:00:00.000000000,1574870400000000000,3598.0,3598.0,3565.0,3565.0,843,5385,5241
2019-11-29 00:00:00.000000000,1574956800000000000,3576.0,3577.0,3563.0,3575.0,477,5241,5110
2019-12-02 00:00:00.000000000,1575216000000000000,3572.0,3577.0,3534.0,3544.0,1030,5110,5058
2019-12-03 00:00:00.000000000,1575302400000000000,3536.0,3544.0,3502.0,3508.0,669,5058,5001
2019-12-04 00:00:00.000000000,1575388800000000000,3514.0,3515.0,3435.0,3439.0,2391,5001,5018
2019-12-05 00:00:00.000000000,1575475200000000000,3440.0,3461.0,3417.0,3423.0,2353,5018,5150
2019-12-06 00:00:00.000000000,1575561600000000000,3426.0,3449.0,3425.0,3436.0,1361,5150,4850
2019-12-09 00:00:00.000000000,1575820800000000000,3432.0,3448.0,3419.0,3419.0,841,4850,4585
2019-12-10 00:00:00.000000000,1575907200000000000,3367.0,3450.0,3310.0,3418.0,904,4585,4493
2019-12-11 00:00:00.000000000,1575993600000000000,3424.0,3424.0,3383.0,3400.0,609,4493,4491
2019-12-12 00:00:00.000000000,1576080000000000000,3456.0,3466.0,3456.0,3459.0,320,4491,4431
2019-12-13 00:00:00.000000000,1576166400000000000,3460.0,3462.0,3443.0,3455.0,334,4431,4492
2019-12-16 00:00:00.000000000,1576425600000000000,3452.0,3470.0,3450.0,3468.0,748,4492,4489
2019-12-17 00:00:00.000000000,1576512000000000000,3474.0,3475.0,3460.0,3463.0,544,4489,4471
2019-12-18 00:00:00.000000000,1576598400000000000,3462.0,3471.0,3451.0,3451.0,416,4471,4510
2019-12-19 00:00:00.000000000,1576684800000000000,3450.0,3453.0,3439.0,3446.0,1208,4510,4798
2019-12-20 00:00:00.000000000,1576771200000000000,3462.0,3462.0,3400.0,3407.0,3373,4798,6048
2019-12-23 00:00:00.000000000,1577030400000000000,3412.0,3425.0,3381.0,3417.0,2771,6048,6394
2019-12-24 00:00:00.000000000,1577116800000000000,3417.0,3428.0,3403.0,3411.0,1014,6394,6411
2019-12-25 00:00:00.000000000,1577203200000000000,3350.0,3407.0,3277.0,3367.0,14479,6411,7833
2019-12-26 00:00:00.000000000,1577289600000000000,3370.0,3380.0,3351.0,3370.0,2227,7833,7837
2019-12-27 00:00:00.000000000,1577376000000000000,3395.0,3396.0,3364.0,3375.0,2400,7837,7620
2019-12-30 00:00:00.000000000,1577635200000000000,3371.0,3383.0,3367.0,3380.0,1423,7620,7500
2019-12-31 00:00:00.000000000,1577721600000000000,3372.0,3376.0,3331.0,3367.0,2494,7500,7584
2020-01-02 00:00:00.000000000,1577894400000000000,3367.0,3373.0,3353.0,3359.0,989,7584,7681
2020-01-03 00:00:00.000000000,1577980800000000000,3353.0,3370.0,3341.0,3348.0,1241,7681,7599
2020-01-06 00:00:00.000000000,1578240000000000000,3352.0,3355.0,3325.0,3326.0,1290,7599,7904
2020-01-07 00:00:00.000000000,1578326400000000000,3321.0,3340.0,3321.0,3338.0,1398,7904,8134
2020-01-08 00:00:00.000000000,1578412800000000000,3345.0,3370.0,3326.0,3349.0,1946,8134,8151
2020-01-09 00:00:00.000000000,1578499200000000000,3346.0,3358.0,3339.0,3339.0,1428,8151,8318
2020-01-10 00:00:00.000000000,1578585600000000000,3344.0,3357.0,3339.0,3348.0,796,8318,8295
2020-01-13 00:00:00.000000000,1578844800000000000,3349.0,3362.0,3342.0,3361.0,1431,8295,8328
2020-01-14 00:00:00.000000000,1578931200000000000,3360.0,3373.0,3352.0,3362.0,1490,8328,8394
2020-01-15 00:00:00.000000000,1579017600000000000,3359.0,3364.0,3340.0,3341.0,1190,8394,8501
2020-01-16 00:00:00.000000000,1579104000000000000,3348.0,3352.0,3341.0,3347.0,883,8501,8692
2020-01-17 00:00:00.000000000,1579190400000000000,3348.0,3360.0,3338.0,3339.0,1644,8692,8797
2020-01-20 00:00:00.000000000,1579449600000000000,3343.0,3355.0,3334.0,3340.0,1179,8797,8624
2020-01-21 00:00:00.000000000,1579536000000000000,3338.0,3348.0,3338.0,3340.0,614,8624,8485
2020-01-22 00:00:00.000000000,1579622400000000000,3341.0,3347.0,3324.0,3325.0,1114,8485,8282
2020-01-23 00:00:00.000000000,1579708800000000000,3319.0,3334.0,3312.0,3327.0,942,8282,8129
2020-02-03 00:00:00.000000000,1580659200000000000,3281.0,3405.0,3280.0,3369.0,8395,8129,8336
2020-02-04 00:00:00.000000000,1580745600000000000,3385.0,3397.0,3362.0,3383.0,5098,8336,8111
2020-02-05 00:00:00.000000000,1580832000000000000,3386.0,3395.0,3357.0,3384.0,3491,8111,8104
2020-02-06 00:00:00.000000000,1580918400000000000,3378.0,3404.0,3378.0,3401.0,3797,8104,8065
2020-02-07 00:00:00.000000000,1581004800000000000,3406.0,3428.0,3390.0,3418.0,5722,8065,8809
2020-02-10 00:00:00.000000000,1581264000000000000,3420.0,3429.0,3365.0,3413.0,2741,8809,8775
2020-02-11 00:00:00.000000000,1581350400000000000,3414.0,3420.0,3388.0,3394.0,1662,8775,8729
2020-02-12 00:00:00.000000000,1581436800000000000,3400.0,3410.0,3390.0,3396.0,1556,8729,8640
2020-02-13 00:00:00.000000000,1581523200000000000,3398.0,3410.0,3395.0,3400.0,1434,8640,8681
2020-02-14 00:00:00.000000000,1581609600000000000,3404.0,3407.0,3351.0,3383.0,2894,8681,7753
2020-02-17 00:00:00.000000000,1581868800000000000,3399.0,3515.0,3388.0,3515.0,30073,7753,14200
2020-02-18 00:00:00.000000000,1581955200000000000,3476.0,3496.0,3445.0,3450.0,18650,14200,12026
2020-02-19 00:00:00.000000000,1582041600000000000,3471.0,3480.0,3454.0,3460.0,5451,12026,11570
2020-02-20 00:00:00.000000000,1582128000000000000,3455.0,3463.0,3438.0,3447.0,4329,11570,11000
2020-02-21 00:00:00.000000000,1582214400000000000,3458.0,3464.0,3443.0,3445.0,2623,11000,10840
2020-02-24 00:00:00.000000000,1582473600000000000,3450.0,3552.0,3445.0,3476.0,14104,10840,10682
2020-02-25 00:00:00.000000000,1582560000000000000,3452.0,3484.0,3440.0,3465.0,3716,10682,10401
2020-02-26 00:00:00.000000000,1582646400000000000,3477.0,3501.0,3450.0,3466.0,5379,10401,10451
2020-02-27 00:00:00.000000000,1582732800000000000,3472.0,3479.0,3452.0,3456.0,2528,10451,9915
2020-02-28 00:00:00.000000000,1582819200000000000,3460.0,3461.0,3415.0,3425.0,5247,9915,8193
2020-03-02 00:00:00.000000000,1583078400000000000,3399.0,3474.0,3398.0,3451.0,3904,8193,8406
2020-03-03 00:00:00.000000000,1583164800000000000,3455.0,3476.0,3444.0,3455.0,2996,8406,8476
2020-03-04 00:00:00.000000000,1583251200000000000,3456.0,3482.0,3445.0,3454.0,3783,8476,8615
2020-03-05 00:00:00.000000000,1583337600000000000,3460.0,3469.0,3447.0,3464.0,1786,8615,8283
2020-03-06 00:00:00.000000000,1583424000000000000,3471.0,3480.0,3453.0,3458.0,2448,8283,8088
2020-03-09 00:00:00.000000000,1583683200000000000,3399.0,3453.0,3380.0,3414.0,3851,8088,7006
2020-03-10 00:00:00.000000000,1583769600000000000,3407.0,3440.0,3394.0,3410.0,1516,7006,6940
2020-03-11 00:00:00.000000000,1583856000000000000,3413.0,3413.0,3382.0,3386.0,1915,6940,6863
2020-03-12 00:00:00.000000000,1583942400000000000,3372.0,3384.0,3353.0,3373.0,1709,6863,6260
2020-03-13 00:00:00.000000000,1584028800000000000,3365.0,3378.0,3348.0,3355.0,1664,6260,5942
2020-03-16 00:00:00.000000000,1584288000000000000,3364.0,3380.0,3341.0,3343.0,1311,5942,5893
2020-03-17 00:00:00.000000000,1584374400000000000,3352.0,3358.0,3301.0,3334.0,2198,5893,5529
2020-03-18 00:00:00.000000000,1584460800000000000,3335.0,3360.0,3323.0,3333.0,1576,5529,5142
2020-03-19 00:00:00.000000000,1584547200000000000,3347.0,3358.0,3305.0,3346.0,1888,5142,4671
2020-03-20 00:00:00.000000000,1584633600000000000,3348.0,3358.0,3323.0,3342.0,965,4671,4460
2020-03-23 00:00:00.000000000,1584892800000000000,3334.0,3428.0,3334.0,3404.0,5573,4460,4430
2020-03-24 00:00:00.000000000,1584979200000000000,3424.0,3432.0,3366.0,3382.0,2019,4430,4223
2020-03-25 00:00:00.000000000,1585065600000000000,3424.0,3464.0,3418.0,3454.0,1790,4223,4614
2020-03-26 00:00:00.000000000,1585152000000000000,3480.0,3574.0,3460.0,3561.0,11677,4614,7801
2020-03-27 00:00:00.000000000,1585238400000000000,3567.0,3630.0,3507.0,3539.0,12044,7801,8964
2020-03-30 00:00:00.000000000,1585497600000000000,3590.0,3700.0,3560.0,3674.0,23971,8964,13974
2020-03-31 00:00:00.000000000,1585584000000000000,3652.0,3682.0,3605.0,3626.0,16398,13974,16568
2020-04-01 00:00:00.000000000,1585670400000000000,3635.0,3640.0,3541.0,3558.0,18608,16568,16405
2020-04-02 00:00:00.000000000,1585756800000000000,3564.0,3618.0,3503.0,3569.0,19139,16405,17441
2020-04-03 00:00:00.000000000,1585843200000000000,3581.0,3608.0,3541.0,3563.0,10587,17441,18306
2020-04-07 00:00:00.000000000,1586188800000000000,3539.0,3597.0,3533.0,3587.0,12683,18306,19741
2020-04-08 00:00:00.000000000,1586275200000000000,3571.0,3584.0,3545.0,3552.0,9344,19741,19781
2020-04-09 00:00:00.000000000,1586361600000000000,3557.0,3563.0,3544.0,3549.0,6099,19781,19648
2020-04-10 00:00:00.000000000,1586448000000000000,3555.0,3588.0,3531.0,3553.0,10152,19648,19442
2020-04-13 00:00:00.000000000,1586707200000000000,3516.0,3540.0,3470.0,3476.0,17139,19442,22908
2020-04-14 00:00:00.000000000,1586793600000000000,3474.0,3480.0,3457.0,3473.0,6865,22908,23268
2020-04-15 00:00:00.000000000,1586880000000000000,3480.0,3538.0,3463.0,3469.0,6905,23268,23425
2020-04-16 00:00:00.000000000,1586966400000000000,3477.0,3489.0,3462.0,3475.0,5657,23425,23161
2020-04-17 00:00:00.000000000,1587052800000000000,3476.0,3491.0,3458.0,3460.0,5743,23161,23402
2020-04-20 00:00:00.000000000,1587312000000000000,3466.0,3508.0,3462.0,3488.0,10573,23402,24538
2020-04-21 00:00:00.000000000,1587398400000000000,3489.0,3495.0,3423.0,3476.0,9079,24538,24052
2020-04-22 00:00:00.000000000,1587484800000000000,3467.0,3499.0,3461.0,3480.0,8694,24052,24807
2020-04-23 00:00:00.000000000,1587571200000000000,3487.0,3514.0,3484.0,3509.0,11070,24807,26166
2020-04-24 00:00:00.000000000,1587657600000000000,3515.0,3524.0,3488.0,3492.0,10713,26166,27248
2020-04-27 00:00:00.000000000,1587916800000000000,3465.0,3500.0,3444.0,3456.0,9965,27248,28140
2020-04-28 00:00:00.000000000,1588003200000000000,3452.0,3460.0,3438.0,3442.0,5878,28140,27302
2020-04-29 00:00:00.000000000,1588089600000000000,3448.0,3455.0,3428.0,3440.0,5342,27302,26578
2020-04-30 00:00:00.000000000,1588176000000000000,3454.0,3454.0,3432.0,3434.0,4149,26578,26403
2020-05-06 00:00:00.000000000,1588694400000000000,3443.0,3448.0,3420.0,3436.0,3650,26403,25899
2020-05-07 00:00:00.000000000,1588780800000000000,3443.0,3457.0,3433.0,3442.0,6458,25899,26648
2020-05-08 00:00:00.000000000,1588867200000000000,3444.0,3449.0,3355.0,3435.0,6804,26648,25689
2020-05-11 00:00:00.000000000,1589126400000000000,3434.0,3446.0,3423.0,3423.0,3383,25689,25996
2020-05-12 00:00:00.000000000,1589212800000000000,3424.0,3432.0,3409.0,3411.0,3347,25996,25597
2020-05-13 00:00:00.000000000,1589299200000000000,3409.0,3420.0,3402.0,3412.0,2522,25597,25579
2020-05-14 00:00:00.000000000,1589385600000000000,3408.0,3416.0,3388.0,3406.0,4029,25579,24787
2020-05-15 00:00:00.000000000,1589472000000000000,3410.0,3434.0,3399.0,3426.0,6866,24787,23944
2020-05-18 00:00:00.000000000,1589731200000000000,3421.0,3433.0,3401.0,3413.0,5476,23944,23537
2020-05-19 00:00:00.000000000,1589817600000000000,3417.0,3435.0,3410.0,3431.0,5209,23537,24134
2020-05-20 00:00:00.000000000,1589904000000000000,3434.0,3448.0,3424.0,3444.0,6127,24134,25034
2020-05-21 00:00:00.000000000,1589990400000000000,3438.0,3447.0,3430.0,3433.0,5406,25034,24644
2020-05-22 00:00:00.000000000,1590076800000000000,3432.0,3437.0,3399.0,3402.0,5655,24644,24147
2020-05-25 00:00:00.000000000,1590336000000000000,3405.0,3420.0,3402.0,3410.0,2375,24147,23774
2020-05-26 00:00:00.000000000,1590422400000000000,3411.0,3418.0,3406.0,3412.0,2131,23774,23716
2020-05-27 00:00:00.000000000,1590508800000000000,3413.0,3429.0,3404.0,3426.0,4309,23716,23265
2020-05-28 00:00:00.000000000,1590595200000000000,3431.0,3483.0,3424.0,3455.0,18572,23265,25578
2020-05-29 00:00:00.000000000,1590681600000000000,3455.0,3463.0,3438.0,3450.0,9564,25578,25271
2020-06-01 00:00:00.000000000,1590940800000000000,3455.0,3469.0,3443.0,3446.0,7833,25271,25177
2020-06-02 00:00:00.000000000,1591027200000000000,3451.0,3465.0,3446.0,3452.0,6563,25177,25324
2020-06-03 00:00:00.000000000,1591113600000000000,3450.0,3454.0,3441.0,3444.0,4665,25324,24751
2020-06-04 00:00:00.000000000,1591200000000000000,3445.0,3448.0,3433.0,3434.0,5879,24751,23965
2020-06-05 00:00:00.000000000,1591286400000000000,3436.0,3459.0,3431.0,3449.0,6338,23965,23944
2020-06-08 00:00:00.000000000,1591545600000000000,3450.0,3462.0,3437.0,3461.0,5203,23944,23846
2020-06-09 00:00:00.000000000,1591632000000000000,3466.0,3470.0,3435.0,3444.0,6932,23846,23135
2020-06-10 00:00:00.000000000,1591718400000000000,3443.0,3453.0,3443.0,3448.0,3188,23135,22162
2020-06-11 00:00:00.000000000,1591804800000000000,3449.0,3470.0,3448.0,3453.0,10750,22162,22701
2020-06-12 00:00:00.000000000,1591891200000000000,3449.0,3456.0,3435.0,3442.0,5019,22701,21402
2020-06-15 00:00:00.000000000,1592150400000000000,3448.0,3460.0,3444.0,3460.0,6576,21402,21762
2020-06-16 00:00:00.000000000,1592236800000000000,3459.0,3465.0,3451.0,3458.0,4954,21762,22500
2020-06-17 00:00:00.000000000,1592323200000000000,3459.0,3464.0,3444.0,3448.0,3478,22500,21699
2020-06-18 00:00:00.000000000,1592409600000000000,3451.0,3453.0,3446.0,3450.0,1789,21699,21519
2020-06-19 00:00:00.000000000,1592496000000000000,3451.0,3453.0,3438.0,3438.0,3169,21519,20931
2020-06-22 00:00:00.000000000,1592755200000000000,3442.0,3450.0,3424.0,3427.0,4658,20931,20719
2020-06-23 00:00:00.000000000,1592841600000000000,3424.0,3428.0,3408.0,3412.0,6378,20719,22631
2020-06-24 00:00:00.000000000,1592928000000000000,3411.0,3415.0,3392.0,3398.0,7179,22631,22153
2020-06-29 00:00:00.000000000,1593360000000000000,3415.0,3435.0,3400.0,3423.0,4748,22153,21331
2020-06-30 00:00:00.000000000,1593446400000000000,3421.0,3425.0,3412.0,3419.0,2106,21331,21102
2020-07-01 00:00:00.000000000,1593532800000000000,3421.0,3423.0,3413.0,3414.0,2733,21102,20750
2020-07-02 00:00:00.000000000,1593619200000000000,3418.0,3425.0,3414.0,3422.0,3203,20750,20339
2020-07-03 00:00:00.000000000,1593705600000000000,3424.0,3429.0,3417.0,3419.0,4712,20339,20466
2020-07-06 00:00:00.000000000,1593964800000000000,3417.0,3432.0,3415.0,3426.0,4789,20466,20639
2020-07-07 00:00:00.000000000,1594051200000000000,3425.0,3442.0,3424.0,3427.0,5048,20639,20963
2020-07-08 00:00:00.000000000,1594137600000000000,3427.0,3431.0,3425.0,3427.0,3111,20963,20797
2020-07-09 00:00:00.000000000,1594224000000000000,3430.0,3439.0,3427.0,3435.0,5766,20797,19206
2020-07-10 00:00:00.000000000,1594310400000000000,3436.0,3448.0,3425.0,3435.0,7072,19206,18433
2020-07-13 00:00:00.000000000,1594569600000000000,3429.0,3456.0,3427.0,3455.0,7336,18433,18950
2020-07-14 00:00:00.000000000,1594656000000000000,3463.0,3463.0,3444.0,3446.0,5789,18950,18244
2020-07-15 00:00:00.000000000,1594742400000000000,3449.0,3450.0,3434.0,3443.0,3712,18244,18165
2020-07-16 00:00:00.000000000,1594828800000000000,3443.0,3446.0,3428.0,3431.0,4106,18165,17320
2020-07-17 00:00:00.000000000,1594915200000000000,3433.0,3433.0,3426.0,3427.0,3499,17320,16306
2020-07-20 00:00:00.000000000,1595174400000000000,3433.0,3448.0,3427.0,3443.0,4189,16306,16255
2020-07-21 00:00:00.000000000,1595260800000000000,3445.0,3450.0,3430.0,3438.0,5540,16255,16220
2020-07-22 00:00:00.000000000,1595347200000000000,3435.0,3445.0,3425.0,3434.0,4412,16220,15745
2020-07-23 00:00:00.000000000,1595433600000000000,3437.0,3444.0,3433.0,3442.0,5118,15745,15288
2020-07-24 00:00:00.000000000,1595520000000000000,3449.0,3476.0,3439.0,3460.0,11069,15288,16734
2020-07-27 00:00:00.000000000,1595779200000000000,3428.0,3478.0,3426.0,3466.0,15507,16734,18068
2020-07-28 00:00:00.000000000,1595865600000000000,3477.0,3613.0,3468.0,3516.0,90137,18068,25671
2020-07-29 00:00:00.000000000,1595952000000000000,3516.0,3539.0,3495.0,3509.0,22223,25671,24034
2020-07-30 00:00:00.000000000,1596038400000000000,3518.0,3536.0,3500.0,3513.0,18457,24034,23013
2020-07-31 00:00:00.000000000,1596124800000000000,3515.0,3527.0,3501.0,3517.0,13514,23013,21647
2020-08-03 00:00:00.000000000,1596384000000000000,3525.0,3535.0,3507.0,3524.0,9710,21647,21195
2020-08-04 00:00:00.000000000,1596470400000000000,3515.0,3520.0,3489.0,3497.0,8655,21195,19550
2020-08-05 00:00:00.000000000,1596556800000000000,3499.0,3504.0,3468.0,3478.0,7689,19550,17948
2020-08-06 00:00:00.000000000,1596643200000000000,3475.0,3479.0,3455.0,3458.0,6344,17948,17476
2020-08-07 00:00:00.000000000,1596729600000000000,3463.0,3475.0,3460.0,3464.0,4462,17476,17042
2020-08-10 00:00:00.000000000,1596988800000000000,3464.0,3492.0,3460.0,3466.0,8676,17042,16743
2020-08-11 00:00:00.000000000,1597075200000000000,3524.0,3532.0,3475.0,3476.0,22746,16743,15840
2020-08-12 00:00:00.000000000,1597161600000000000,3461.0,3475.0,3441.0,3455.0,22448,15840,14819
2020-08-13 00:00:00.000000000,1597248000000000000,3450.0,3474.0,3445.0,3460.0,21449,14819,14773
2020-08-14 00:00:00.000000000,1597334400000000000,3459.0,3484.0,3454.0,3479.0,19463,14773,15695
2020-08-17 00:00:00.000000000,1597593600000000000,3483.0,3487.0,3464.0,3467.0,27830,15695,16081
2020-08-18 00:00:00.000000000,1597680000000000000,3458.0,3475.0,3449.0,3459.0,11415,16081,16445
2020-08-19 00:00:00.000000000,1597766400000000000,3453.0,3465.0,3451.0,3457.0,8668,16445,15983
2020-08-20 00:00:00.000000000,1597852800000000000,3456.0,3466.0,3455.0,3461.0,13321,15983,15355
2020-08-21 00:00:00.000000000,1597939200000000000,3463.0,3470.0,3458.0,3461.0,14223,15355,15997
2020-08-24 00:00:00.000000000,1598198400000000000,3459.0,3465.0,3450.0,3456.0,14865,15997,14742
2020-08-25 00:00:00.000000000,1598284800000000000,3454.0,3463.0,3453.0,3457.0,8583,14742,14424
2020-08-26 00:00:00.000000000,1598371200000000000,3462.0,3479.0,3458.0,3475.0,16612,14424,13772
2020-08-27 00:00:00.000000000,1598457600000000000,3475.0,3481.0,3464.0,3465.0,14338,13772,13859
2020-08-28 00:00:00.000000000,1598544000000000000,3470.0,3476.0,3435.0,3441.0,16471,13859,13110
2020-08-31 00:00:00.000000000,1598803200000000000,3432.0,3446.0,3412.0,3422.0,16970,13110,12371
2020-09-01 00:00:00.000000000,1598889600000000000,3421.0,3430.0,3415.0,3418.0,5059,12371,10836
2020-09-02 00:00:00.000000000,1598976000000000000,3419.0,3430.0,3414.0,3416.0,5248,10836,9904
2020-09-03 00:00:00.000000000,1599062400000000000,3492.0,3492.0,3450.0,3455.0,14507,9904,10251
2020-09-04 00:00:00.000000000,1599148800000000000,3440.0,3480.0,3422.0,3469.0,16123,10251,10728
2020-09-07 00:00:00.000000000,1599408000000000000,3456.0,3481.0,3430.0,3473.0,16171,10728,11381
2020-09-08 00:00:00.000000000,1599494400000000000,3480.0,3483.0,3465.0,3471.0,10276,11381,12217
2020-09-09 00:00:00.000000000,1599580800000000000,3470.0,3512.0,3446.0,3449.0,18940,12217,13553
2020-09-10 00:00:00.000000000,1599667200000000000,3445.0,3471.0,3434.0,3456.0,12988,13553,13314
2020-09-11 00:00:00.000000000,1599753600000000000,3473.0,3482.0,3451.0,3461.0,12881,13314,13601
2020-09-14 00:00:00.000000000,1600012800000000000,3460.0,3488.0,3459.0,3487.0,29022,13601,14633
2020-09-15 00:00:00.000000000,1600099200000000000,3489.0,3503.0,3472.0,3476.0,26029,14633,15551
2020-09-16 00:00:00.000000000,1600185600000000000,3477.0,3489.0,3474.0,3478.0,16475,15551,15816
2020-09-17 00:00:00.000000000,1600272000000000000,3478.0,3481.0,3452.0,3456.0,33015,15816,16275
2020-09-18 00:00:00.000000000,1600358400000000000,3451.0,3483.0,3451.0,3476.0,25201,16275,16582
2020-09-21 00:00:00.000000000,1600617600000000000,3480.0,3482.0,3462.0,3469.0,25197,16582,18144
2020-09-22 00:00:00.000000000,1600704000000000000,3468.0,3475.0,3441.0,3468.0,27023,18144,18493
2020-09-23 00:00:00.000000000,1600790400000000000,3465.0,3480.0,3449.0,3450.0,20102,18493,17513
2020-09-24 00:00:00.000000000,1600876800000000000,3450.0,3458.0,3441.0,3455.0,16617,17513,17684
2020-09-25 00:00:00.000000000,1600963200000000000,3457.0,3459.0,3446.0,3453.0,14644,17684,17611
2020-09-28 00:00:00.000000000,1601222400000000000,3455.0,3470.0,3452.0,3455.0,23198,17611,18141
2020-09-29 00:00:00.000000000,1601308800000000000,3451.0,3457.0,3446.0,3455.0,11073,18141,18187
2020-09-30 00:00:00.000000000,1601395200000000000,3454.0,3461.0,3447.0,3457.0,5047,18187,17827
2020-10-09 00:00:00.000000000,1602172800000000000,3478.0,3480.0,3458.0,3465.0,5912,17827,18635
2020-10-12 00:00:00.000000000,1602432000000000000,3462.0,3474.0,3401.0,3447.0,17236,18635,20542
2020-10-13 00:00:00.000000000,1602518400000000000,3441.0,3464.0,3422.0,3428.0,23834,20542,21096
2020-10-14 00:00:00.000000000,1602604800000000000,3432.0,3438.0,3424.0,3432.0,18224,21096,21579
2020-10-15 00:00:00.000000000,1602691200000000000,3431.0,3443.0,3430.0,3435.0,24858,21579,22089
2020-10-16 00:00:00.000000000,1602777600000000000,3433.0,3438.0,3422.0,3434.0,23003,22089,22083
2020-10-19 00:00:00.000000000,1603036800000000000,3430.0,3465.0,3430.0,3464.0,30280,22083,23364
2020-10-20 00:00:00.000000000,1603123200000000000,3464.0,3469.0,3421.0,3439.0,28361,23364,22310
2020-10-21 00:00:00.000000000,1603209600000000000,3439.0,3458.0,3431.0,3455.0,22208,22310,21695
2020-10-22 00:00:00.000000000,1603296000000000000,3458.0,3465.0,3445.0,3448.0,22110,21695,20318
2020-10-23 00:00:00.000000000,1603382400000000000,3452.0,3524.0,3442.0,3514.0,42368,20318,19062
2020-10-26 00:00:00.000000000,1603641600000000000,3514.0,3518.0,3471.0,3491.0,39113,19062,18229
2020-10-27 00:00:00.000000000,1603728000000000000,3491.0,3567.0,3488.0,3491.0,44150,18229,15522
2020-10-28 00:00:00.000000000,1603814400000000000,3489.0,3506.0,3475.0,3497.0,19008,15522,13481
2020-10-29 00:00:00.000000000,1603900800000000000,3484.0,3503.0,3471.0,3481.0,11254,13481,11895
2020-10-30 00:00:00.000000000,1603987200000000000,3478.0,3496.0,3474.0,3485.0,10154,11895,11163
2020-11-02 00:00:00.000000000,1604246400000000000,3517.0,3584.0,3517.0,3547.0,23100,11163,12792
2020-11-03 00:00:00.000000000,1604332800000000000,3546.0,3562.0,3540.0,3554.0,16024,12792,13819
2020-11-04 00:00:00.000000000,1604419200000000000,3554.0,3558.0,3537.0,3550.0,9919,13819,14203
2020-11-05 00:00:00.000000000,1604505600000000000,3553.0,3569.0,3550.0,3554.0,12249,14203,13744
2020-11-06 00:00:00.000000000,1604592000000000000,3549.0,3561.0,3495.0,3549.0,10493,13744,13022
2020-11-09 00:00:00.000000000,1604851200000000000,3560.0,3589.0,3548.0,3576.0,21469,13022,13695
2020-11-10 00:00:00.000000000,1604937600000000000,3584.0,3584.0,3562.0,3570.0,13652,13695,13562
2020-11-11 00:00:00.000000000,1605024000000000000,3570.0,3577.0,3567.0,3571.0,16735,13562,13663
2020-11-12 00:00:00.000000000,1605110400000000000,3565.0,3570.0,3561.0,3565.0,14606,13663,13818
2020-11-13 00:00:00.000000000,1605196800000000000,3565.0,3575.0,3563.0,3567.0,19201,13818,13794
2020-11-16 00:00:00.000000000,1605456000000000000,3567.0,3568.0,3548.0,3548.0,21803,13794,12345
2020-11-17 00:00:00.000000000,1605542400000000000,3605.0,3619.0,3595.0,3597.0,9530,12345,12569
2020-11-18 00:00:00.000000000,1605628800000000000,3597.0,3614.0,3580.0,3611.0,10836,12569,13180
2020-11-19 00:00:00.000000000,1605715200000000000,3609.0,3620.0,3601.0,3610.0,13386,13180,14021
2020-11-20 00:00:00.000000000,1605801600000000000,3617.0,3624.0,3602.0,3602.0,8741,14021,14165
2020-11-23 00:00:00.000000000,1606060800000000000,3601.0,3608.0,3593.0,3593.0,16287,14165,14407
2020-11-24 00:00:00.000000000,1606147200000000000,3593.0,3624.0,3583.0,3585.0,20224,14407,14404
2020-11-25 00:00:00.000000000,1606233600000000000,3580.0,3590.0,3571.0,3577.0,16689,14404,15438
2020-11-26 00:00:00.000000000,1606320000000000000,3571.0,3582.0,3552.0,3571.0,19280,15438,16995
2020-11-27 00:00:00.000000000,1606406400000000000,3575.0,3593.0,3567.0,3591.0,14918,16995,17523
2020-11-30 00:00:00.000000000,1606665600000000000,3591.0,3613.0,3566.0,3570.0,14091,17523,18417
2020-12-01 00:00:00.000000000,1606752000000000000,3566.0,3585.0,3555.0,3569.0,11053,18417,18387
2020-12-02 00:00:00.000000000,1606838400000000000,3568.0,3585.0,3564.0,3575.0,8634,18387,17587
2020-12-03 00:00:00.000000000,1606924800000000000,3571.0,3624.0,3565.0,3620.0,18653,17587,19559
2020-12-04 00:00:00.000000000,1607011200000000000,3621.0,3683.0,3620.0,3639.0,31956,19559,22418
2020-12-07 00:00:00.000000000,1607270400000000000,3639.0,3665.0,3610.0,3621.0,14338,22418,21858
2020-12-08 00:00:00.000000000,1607356800000000000,3622.0,3640.0,3615.0,3635.0,12242,21858,21481
2020-12-09 00:00:00.000000000,1607443200000000000,3633.0,3650.0,3605.0,3611.0,14800,21481,20496
2020-12-10 00:00:00.000000000,1607529600000000000,3609.0,3620.0,3604.0,3612.0,13830,20496,20603
2020-12-11 00:00:00.000000000,1607616000000000000,3606.0,3616.0,3592.0,3603.0,10877,20603,20100
2020-12-14 00:00:00.000000000,1607875200000000000,3595.0,3613.0,3595.0,3610.0,5108,20100,19949
2020-12-15 00:00:00.000000000,1607961600000000000,3615.0,3615.0,3580.0,3604.0,17001,19949,20243
2020-12-16 00:00:00.000000000,1608048000000000000,3608.0,3608.0,3586.0,3590.0,17570,20243,20817
2020-12-17 00:00:00.000000000,1608134400000000000,3593.0,3594.0,3582.0,3587.0,11172,20817,21398
2020-12-18 00:00:00.000000000,1608220800000000000,3597.0,3641.0,3575.0,3610.0,31486,21398,22820
2020-12-21 00:00:00.000000000,1608480000000000000,3620.0,3620.0,3591.0,3612.0,28570,22820,22067
2020-12-22 00:00:00.000000000,1608566400000000000,3611.0,3625.0,3605.0,3624.0,31130,22067,22152
2020-12-23 00:00:00.000000000,1608652800000000000,3626.0,3639.0,3612.0,3618.0,32097,22152,21862
2020-12-24 00:00:00.000000000,1608739200000000000,3618.0,3622.0,3606.0,3607.0,27410,21862,21517
2020-12-25 00:00:00.000000000,1608825600000000000,3609.0,3619.0,3598.0,3603.0,24615,21517,21339
2020-12-28 00:00:00.000000000,1609084800000000000,3609.0,3624.0,3587.0,3624.0,28029,21339,21587
2020-12-29 00:00:00.000000000,1609171200000000000,3630.0,3657.0,3600.0,3606.0,42321,21587,19783
2020-12-30 00:00:00.000000000,1609257600000000000,3609.0,3616.0,3597.0,3611.0,20314,19783,16796
2020-12-31 00:00:00.000000000,1609344000000000000,3611.0,3626.0,3603.0,3622.0,17246,16796,14898
2021-01-04 00:00:00.000000000,1609689600000000000,3630.0,3637.0,3617.0,3627.0,7944,14898,12565
2021-01-05 00:00:00.000000000,1609776000000000000,3646.0,3660.0,3637.0,3641.0,10463,12565,15845
2021-01-06 00:00:00.000000000,1609862400000000000,3643.0,3648.0,3632.0,3638.0,10262,15845,14716
2021-01-07 00:00:00.000000000,1609948800000000000,3639.0,3673.0,3631.0,3654.0,20107,14716,15068
2021-01-08 00:00:00.000000000,1610035200000000000,3653.0,3673.0,3641.0,3663.0,17480,15068,14277
2021-01-11 00:00:00.000000000,1610294400000000000,3664.0,3730.0,3664.0,3693.0,27121,14277,13980
2021-01-12 00:00:00.000000000,1610380800000000000,3694.0,3707.0,3655.0,3692.0,15208,13980,13469
2021-01-13 00:00:00.000000000,1610467200000000000,3694.0,3715.0,3689.0,3695.0,19684,13469,13658
2021-01-14 00:00:00.000000000,1610553600000000000,3694.0,3710.0,3688.0,3693.0,10126,13658,13635
2021-01-15 00:00:00.000000000,1610640000000000000,3693.0,3701.0,3677.0,3678.0,8731,13635,13922
2021-01-18 00:00:00.000000000,1610899200000000000,3681.0,3706.0,3677.0,3706.0,10077,13922,14252
2021-01-19 00:00:00.000000000,1610985600000000000,3711.0,3717.0,3681.0,3688.0,7181,14252,13744
2021-01-20 00:00:00.000000000,1611072000000000000,3691.0,3696.0,3661.0,3678.0,9219,13744,13337
2021-01-21 00:00:00.000000000,1611158400000000000,3675.0,3680.0,3649.0,3666.0,7405,13337,12865
2021-01-22 00:00:00.000000000,1611244800000000000,3661.0,3668.0,3606.0,3608.0,13889,12865,12141
2021-01-25 00:00:00.000000000,1611504000000000000,3610.0,3639.0,3597.0,3621.0,10055,12141,11196
2021-01-26 00:00:00.000000000,1611590400000000000,3636.0,3660.0,3631.0,3644.0,13179,11196,12342
2021-01-27 00:00:00.000000000,1611676800000000000,3645.0,3656.0,3640.0,3644.0,12310,12342,12861
2021-01-28 00:00:00.000000000,1611763200000000000,3644.0,3648.0,3620.0,3633.0,18579,12861,13342
2021-01-29 00:00:00.000000000,1611849600000000000,3636.0,3647.0,3630.0,3642.0,15415,13342,13874
2021-02-01 00:00:00.000000000,1612108800000000000,3642.0,3658.0,3635.0,3655.0,12157,13874,15251
2021-02-02 00:00:00.000000000,1612195200000000000,3658.0,3660.0,3646.0,3655.0,15500,15251,14928
2021-02-03 00:00:00.000000000,1612281600000000000,3652.0,3668.0,3649.0,3661.0,23723,14928,16358
2021-02-04 00:00:00.000000000,1612368000000000000,3664.0,3665.0,3647.0,3658.0,22005,16358,15597
2021-02-05 00:00:00.000000000,1612454400000000000,3659.0,3670.0,3657.0,3665.0,20305,15597,14481
2021-02-08 00:00:00.000000000,1612713600000000000,3664.0,3668.0,3653.0,3654.0,15303,14481,14099
2021-02-09 00:00:00.000000000,1612800000000000000,3654.0,3659.0,3637.0,3646.0,14291,14099,12358
2021-02-10 00:00:00.000000000,1612886400000000000,3646.0,3658.0,3628.0,3657.0,12503,12358,12583
2021-02-18 00:00:00.000000000,1613577600000000000,3657.0,3699.0,3634.0,3643.0,8865,12583,12682
2021-02-19 00:00:00.000000000,1613664000000000000,3644.0,3655.0,3641.0,3643.0,17032,12682,12623
2021-02-22 00:00:00.000000000,1613923200000000000,3646.0,3652.0,3639.0,3639.0,17892,12623,12938
2021-02-23 00:00:00.000000000,1614009600000000000,3641.0,3650.0,3639.0,3649.0,15900,12938,12573
2021-02-24 00:00:00.000000000,1614096000000000000,3651.0,3653.0,3636.0,3638.0,18442,12573,12020
2021-02-25 00:00:00.000000000,1614182400000000000,3639.0,3645.0,3619.0,3623.0,19059,12020,10120
2021-02-26 00:00:00.000000000,1614268800000000000,3623.0,3644.0,3610.0,3641.0,14609,10120,9944
2021-03-01 00:00:00.000000000,1614528000000000000,3645.0,3650.0,3618.0,3618.0,5683,9944,7378
2021-03-02 00:00:00.000000000,1614614400000000000,3650.0,3653.0,3593.0,3598.0,16897,7378,13202
2021-03-03 00:00:00.000000000,1614700800000000000,3599.0,3627.0,3595.0,3626.0,13459,13202,13875
2021-03-04 00:00:00.000000000,1614787200000000000,3626.0,3631.0,3602.0,3612.0,10801,13875,14319
2021-03-05 00:00:00.000000000,1614873600000000000,3613.0,3615.0,3581.0,3581.0,14744,14319,15628
2021-03-08 00:00:00.000000000,1615132800000000000,3586.0,3609.0,3580.0,3597.0,16396,15628,15109
2021-03-09 00:00:00.000000000,1615219200000000000,3619.0,3625.0,3601.0,3614.0,15645,15109,14779
2021-03-10 00:00:00.000000000,1615305600000000000,3615.0,3629.0,3612.0,3621.0,9366,14779,15028
2021-03-11 00:00:00.000000000,1615392000000000000,3622.0,3641.0,3618.0,3641.0,11497,15028,15134
2021-03-12 00:00:00.000000000,1615478400000000000,3642.0,3642.0,3625.0,3628.0,9671,15134,15182
2021-03-15 00:00:00.000000000,1615737600000000000,3627.0,3649.0,3621.0,3648.0,11070,15182,14898
2021-03-16 00:00:00.000000000,1615824000000000000,3644.0,3654.0,3630.0,3649.0,7911,14898,14850
2021-03-17 00:00:00.000000000,1615910400000000000,3649.0,3663.0,3643.0,3648.0,11492,14850,14749
2021-03-18 00:00:00.000000000,1615996800000000000,3642.0,3665.0,3640.0,3652.0,11091,14749,14804
2021-03-19 00:00:00.000000000,1616083200000000000,3653.0,3689.0,3649.0,3682.0,18924,14804,15843
2021-03-22 00:00:00.000000000,1616342400000000000,3675.0,3682.0,3606.0,3641.0,19761,15843,14728
2021-03-23 00:00:00.000000000,1616428800000000000,3630.0,3672.0,3621.0,3671.0,16804,14728,15680
2021-03-24 00:00:00.000000000,1616515200000000000,3672.0,3672.0,3585.0,3586.0,22789,15680,14644
2021-03-25 00:00:00.000000000,1616601600000000000,3587.0,3598.0,3583.0,3586.0,18083,14644,14714
2021-03-26 00:00:00.000000000,1616688000000000000,3590.0,3595.0,3562.0,3579.0,22496,14714,14946
2021-03-29 00:00:00.000000000,1616947200000000000,3568.0,3608.0,3568.0,3602.0,21211,14946,13302
2021-03-30 00:00:00.000000000,1617033600000000000,3603.0,3607.0,3563.0,3565.0,24581,13302,12023
2021-03-31 00:00:00.000000000,1617120000000000000,3500.0,3573.0,3449.0,3554.0,19359,12023,9011
2021-04-01 00:00:00.000000000,1617206400000000000,3546.0,3574.0,3534.0,3540.0,5088,9011,5032
2021-04-02 00:00:00.000000000,1617292800000000000,3570.0,3585.0,3554.0,3583.0,7820,5032,12205
2021-04-06 00:00:00.000000000,1617638400000000000,3572.0,3581.0,3552.0,3564.0,9678,12205,12428
2021-04-07 00:00:00.000000000,1617724800000000000,3560.0,3573.0,3555.0,3561.0,14300,12428,12827
2021-04-08 00:00:00.000000000,1617811200000000000,3556.0,3598.0,3556.0,3578.0,19511,12827,12506
2021-04-09 00:00:00.000000000,1617897600000000000,3577.0,3593.0,3568.0,3588.0,16094,12506,13484
2021-04-12 00:00:00.000000000,1618156800000000000,3580.0,3635.0,3580.0,3615.0,20236,13484,14427
2021-04-13 00:00:00.000000000,1618243200000000000,3620.0,3633.0,3617.0,3624.0,17031,14427,14985
2021-04-14 00:00:00.000000000,1618329600000000000,3615.0,3642.0,3615.0,3633.0,13012,14985,15664
2021-04-15 00:00:00.000000000,1618416000000000000,3635.0,3646.0,3631.0,3644.0,11082,15664,16751
2021-04-16 00:00:00.000000000,1618502400000000000,3640.0,3658.0,3640.0,3645.0,10371,16751,16568
2021-04-19 00:00:00.000000000,1618761600000000000,3649.0,3654.0,3631.0,3634.0,8634,16568,16285
2021-04-20 00:00:00.000000000,1618848000000000000,3630.0,3643.0,3622.0,3642.0,9985,16285,16656
2021-04-21 00:00:00.000000000,1618934400000000000,3631.0,3654.0,3631.0,3645.0,6430,16656,17294
2021-04-22 00:00:00.000000000,1619020800000000000,3646.0,3658.0,3643.0,3656.0,6386,17294,17803
2021-04-23 00:00:00.000000000,1619107200000000000,3663.0,3669.0,3650.0,3655.0,7452,17803,17027
2021-04-26 00:00:00.000000000,1619366400000000000,3659.0,3661.0,3641.0,3641.0,4599,17027,17024
2021-04-27 00:00:00.000000000,1619452800000000000,3641.0,3645.0,3633.0,3636.0,7874,17024,16536
2021-04-28 00:00:00.000000000,1619539200000000000,3631.0,3645.0,3623.0,3638.0,7612,16536,15321
2021-04-29 00:00:00.000000000,1619625600000000000,3634.0,3642.0,3633.0,3641.0,11826,15321,13106
2021-04-30 00:00:00.000000000,1619712000000000000,3620.0,3624.0,3615.0,3618.0,10632,13106,15007
2021-05-06 00:00:00.000000000,1620230400000000000,3630.0,3700.0,3619.0,3621.0,14079,15007,15145
2021-05-07 00:00:00.000000000,1620316800000000000,3620.0,3637.0,3620.0,3633.0,22349,15145,13793
2021-05-10 00:00:00.000000000,1620576000000000000,3630.0,3634.0,3620.0,3620.0,10805,13793,13214
2021-05-11 00:00:00.000000000,1620662400000000000,3628.0,3628.0,3601.0,3608.0,8770,13214,12172
2021-05-12 00:00:00.000000000,1620748800000000000,3605.0,3619.0,3601.0,3610.0,10628,12172,11876
2021-05-13 00:00:00.000000000,1620835200000000000,3615.0,3622.0,3605.0,3613.0,7394,11876,11601
2021-05-14 00:00:00.000000000,1620921600000000000,3611.0,3619.0,3611.0,3612.0,6566,11601,11717
2021-05-17 00:00:00.000000000,1621180800000000000,3615.0,3619.0,3584.0,3605.0,8447,11717,11678
2021-05-18 00:00:00.000000000,1621267200000000000,3601.0,3609.0,3599.0,3600.0,3622,11678,11741
2021-05-19 00:00:00.000000000,1621353600000000000,3596.0,3607.0,3596.0,3596.0,5393,11741,11763
2021-05-20 00:00:00.000000000,1621440000000000000,3595.0,3598.0,3576.0,3579.0,7985,11763,12370
2021-05-21 00:00:00.000000000,1621526400000000000,3578.0,3585.0,3571.0,3577.0,5751,12370,12497
2021-05-24 00:00:00.000000000,1621785600000000000,3579.0,3580.0,3540.0,3555.0,8143,12497,12525
2021-05-25 00:00:00.000000000,1621872000000000000,3555.0,3580.0,3555.0,3570.0,8743,12525,11410
2021-05-26 00:00:00.000000000,1621958400000000000,3575.0,3579.0,3557.0,3568.0,6401,11410,10889
2021-05-27 00:00:00.000000000,1622044800000000000,3569.0,3574.0,3559.0,3562.0,5031,10889,10602
2021-05-28 00:00:00.000000000,1622131200000000000,3589.0,3598.0,3584.0,3595.0,5113,10602,11864
2021-05-31 00:00:00.000000000,1622390400000000000,3591.0,3597.0,3578.0,3585.0,4668,11864,13083
2021-06-01 00:00:00.000000000,1622476800000000000,3587.0,3587.0,3561.0,3568.0,6702,13083,13313
2021-06-02 00:00:00.000000000,1622563200000000000,3568.0,3568.0,3533.0,3535.0,6402,13313,12953
2021-06-03 00:00:00.000000000,1622649600000000000,3534.0,3555.0,3526.0,3539.0,8927,12953,12260
2021-06-04 00:00:00.000000000,1622736000000000000,3540.0,3554.0,3536.0,3545.0,9125,12260,12697
2021-06-07 00:00:00.000000000,1622995200000000000,3545.0,3552.0,3537.0,3539.0,8877,12697,12490
2021-06-08 00:00:00.000000000,1623081600000000000,3534.0,3541.0,3522.0,3538.0,9946,12490,13050
2021-06-09 00:00:00.000000000,1623168000000000000,3540.0,3542.0,3528.0,3530.0,7346,13050,13237
2021-06-10 00:00:00.000000000,1623254400000000000,3530.0,3530.0,3519.0,3520.0,6610,13237,13312
2021-06-11 00:00:00.000000000,1623340800000000000,3521.0,3540.0,3521.0,3536.0,14372,13312,12623
2021-06-15 00:00:00.000000000,1623686400000000000,3533.0,3537.0,3523.0,3530.0,6479,12623,12176
2021-06-16 00:00:00.000000000,1623772800000000000,3532.0,3535.0,3526.0,3528.0,4969,12176,12271
2021-06-17 00:00:00.000000000,1623859200000000000,3530.0,3538.0,3526.0,3538.0,7377,12271,12625
2021-06-18 00:00:00.000000000,1623945600000000000,3535.0,3551.0,3530.0,3542.0,11126,12625,12155
2021-06-21 00:00:00.000000000,1624204800000000000,3542.0,3545.0,3531.0,3532.0,5374,12155,12114
2021-06-22 00:00:00.000000000,1624291200000000000,3531.0,3536.0,3524.0,3530.0,7100,12114,12816
2021-06-23 00:00:00.000000000,1624377600000000000,3528.0,3534.0,3526.0,3532.0,7004,12816,13129
2021-06-24 00:00:00.000000000,1624464000000000000,3530.0,3535.0,3512.0,3519.0,9463,13129,13069
2021-06-25 00:00:00.000000000,1624550400000000000,3518.0,3525.0,3509.0,3518.0,8438,13069,11982
2021-06-28 00:00:00.000000000,1624809600000000000,3520.0,3532.0,3509.0,3527.0,13130,11982,10310
2021-06-29 00:00:00.000000000,1624896000000000000,3531.0,3539.0,3520.0,3528.0,15879,10310,8527
2021-06-30 00:00:00.000000000,1624982400000000000,3527.0,3530.0,3516.0,3517.0,9052,8527,8167
2021-07-01 00:00:00.000000000,1625068800000000000,3520.0,3533.0,3511.0,3524.0,8540,8167,3160
2021-07-02 00:00:00.000000000,1625155200000000000,3521.0,3528.0,3516.0,3527.0,2597,3160,1546
2021-07-05 00:00:00.000000000,1625414400000000000,3524.0,3532.0,3515.0,3526.0,7736,1546,12587
2021-07-06 00:00:00.000000000,1625500800000000000,3528.0,3530.0,3518.0,3518.0,5007,12587,12467
2021-07-07 00:00:00.000000000,1625587200000000000,3520.0,3521.0,3510.0,3511.0,5255,12467,12730
2021-07-08 00:00:00.000000000,1625673600000000000,3511.0,3519.0,3509.0,3516.0,4935,12730,12715
2021-07-09 00:00:00.000000000,1625760000000000000,3513.0,3513.0,3500.0,3505.0,4903,12715,13489
2021-07-12 00:00:00.000000000,1626019200000000000,3509.0,3512.0,3495.0,3503.0,5297,13489,13667
2021-07-13 00:00:00.000000000,1626105600000000000,3503.0,3507.0,3494.0,3505.0,4194,13667,13399
2021-07-14 00:00:00.000000000,1626192000000000000,3506.0,3523.0,3504.0,3517.0,5863,13399,13224
2021-07-15 00:00:00.000000000,1626278400000000000,3518.0,3522.0,3513.0,3517.0,2991,13224,13118
2021-07-16 00:00:00.000000000,1626364800000000000,3517.0,3520.0,3505.0,3508.0,4349,13118,13195
2021-07-19 00:00:00.000000000,1626624000000000000,3509.0,3526.0,3506.0,3522.0,6630,13195,13196
2021-07-20 00:00:00.000000000,1626710400000000000,3525.0,3554.0,3521.0,3530.0,12924,13196,13266
2021-07-21 00:00:00.000000000,1626796800000000000,3546.0,3546.0,3516.0,3519.0,4654,13266,12818
2021-07-22 00:00:00.000000000,1626883200000000000,3525.0,3530.0,3517.0,3526.0,3150,12818,12532
2021-07-23 00:00:00.000000000,1626969600000000000,3527.0,3529.0,3521.0,3523.0,3720,12532,12257
2021-07-26 00:00:00.000000000,1627228800000000000,3524.0,3530.0,3506.0,3527.0,6081,12257,12338
2021-07-27 00:00:00.000000000,1627315200000000000,3527.0,3529.0,3502.0,3508.0,4277,12338,12080
2021-07-28 00:00:00.000000000,1627401600000000000,3506.0,3515.0,3503.0,3507.0,3113,12080,11906
2021-07-29 00:00:00.000000000,1627488000000000000,3505.0,3525.0,3503.0,3521.0,6209,11906,10438
2021-07-30 00:00:00.000000000,1627574400000000000,3520.0,3530.0,3515.0,3516.0,5744,10438,8856
2021-08-02 00:00:00.000000000,1627833600000000000,3519.0,3524.0,3486.0,3490.0,6255,8856,5112
2021-08-03 00:00:00.000000000,1627920000000000000,3519.0,3522.0,3513.0,3519.0,3732,5112,12674
2021-08-04 00:00:00.000000000,1628006400000000000,3519.0,3531.0,3517.0,3528.0,4866,12674,12323
2021-08-05 00:00:00.000000000,1628092800000000000,3529.0,3529.0,3524.0,3528.0,5355,12323,12335
2021-08-06 00:00:00.000000000,1628179200000000000,3528.0,3531.0,3525.0,3525.0,3569,12335,12412
2021-08-09 00:00:00.000000000,1628438400000000000,3523.0,3537.0,3522.0,3536.0,4486,12412,12543
2021-08-10 00:00:00.000000000,1628524800000000000,3540.0,3540.0,3525.0,3531.0,4755,12543,12735
2021-08-11 00:00:00.000000000,1628611200000000000,3535.0,3536.0,3525.0,3531.0,3571,12735,12747
2021-08-12 00:00:00.000000000,1628697600000000000,3533.0,3537.0,3528.0,3535.0,3194,12747,12854
2021-08-13 00:00:00.000000000,1628784000000000000,3538.0,3545.0,3530.0,3532.0,4145,12854,12859
2021-08-16 00:00:00.000000000,1629043200000000000,3534.0,3538.0,3529.0,3535.0,3149,12859,12381
2021-08-17 00:00:00.000000000,1629129600000000000,3539.0,3541.0,3531.0,3541.0,3346,12381,12120
2021-08-18 00:00:00.000000000,1629216000000000000,3545.0,3545.0,3529.0,3533.0,10244,12120,11851
2021-08-19 00:00:00.000000000,1629302400000000000,3536.0,3536.0,3516.0,3516.0,6505,11851,11646
2021-08-20 00:00:00.000000000,1629388800000000000,3514.0,3518.0,3506.0,3511.0,4224,11646,11702
2021-08-23 00:00:00.000000000,1629648000000000000,3511.0,3516.0,3501.0,3507.0,4157,11702,12244
2021-08-24 00:00:00.000000000,1629734400000000000,3508.0,3525.0,3506.0,3522.0,5248,12244,12048
2021-08-25 00:00:00.000000000,1629820800000000000,3522.0,3525.0,3515.0,3518.0,7684,12048,11982
2021-08-26 00:00:00.000000000,1629907200000000000,3516.0,3525.0,3510.0,3515.0,10294,11982,11416
2021-08-27 00:00:00.000000000,1629993600000000000,3515.0,3531.0,3500.0,3524.0,9778,11416,10856
2021-08-30 00:00:00.000000000,1630252800000000000,3524.0,3525.0,3512.0,3515.0,7299,10856,9062
2021-08-31 00:00:00.000000000,1630339200000000000,3529.0,3542.0,3529.0,3538.0,5326,9062,6677
2021-09-01 00:00:00.000000000,1630425600000000000,3536.0,3537.0,3531.0,3533.0,3898,6677,6560
2021-09-02 00:00:00.000000000,1630512000000000000,3513.0,3514.0,3483.0,3509.0,4386,6560,10952
2021-09-03 00:00:00.000000000,1630598400000000000,3511.0,3515.0,3507.0,3512.0,3785,10952,11034
2021-09-06 00:00:00.000000000,1630857600000000000,3511.0,3515.0,3502.0,3503.0,4951,11034,11031
2021-09-07 00:00:00.000000000,1630944000000000000,3505.0,3505.0,3490.0,3491.0,4602,11031,11315
2021-09-08 00:00:00.000000000,1631030400000000000,3490.0,3491.0,3472.0,3473.0,5801,11315,11464
2021-09-09 00:00:00.000000000,1631116800000000000,3480.0,3486.0,3471.0,3483.0,6895,11464,12292
2021-09-10 00:00:00.000000000,1631203200000000000,3481.0,3498.0,3475.0,3498.0,5919,12292,12617
2021-09-13 00:00:00.000000000,1631462400000000000,3494.0,3500.0,3486.0,3489.0,4511,12617,12378
2021-09-14 00:00:00.000000000,1631548800000000000,3492.0,3498.0,3480.0,3498.0,5279,12378,12228
2021-09-15 00:00:00.000000000,1631635200000000000,3498.0,3499.0,3483.0,3483.0,5856,12228,11978
2021-09-16 00:00:00.000000000,1631721600000000000,3483.0,3491.0,3480.0,3482.0,2913,11978,11855
2021-09-17 00:00:00.000000000,1631808000000000000,3489.0,3493.0,3479.0,3493.0,4466,11855,11608
2021-09-22 00:00:00.000000000,1632240000000000000,3493.0,3509.0,3471.0,3474.0,3885,11608,11617
2021-09-23 00:00:00.000000000,1632326400000000000,3472.0,3495.0,3465.0,3465.0,5728,11617,10715
2021-09-24 00:00:00.000000000,1632412800000000000,3470.0,3470.0,3459.0,3467.0,5541,10715,10446
2021-09-27 00:00:00.000000000,1632672000000000000,3469.0,3471.0,3453.0,3456.0,5783,10446,9270
2021-09-28 00:00:00.000000000,1632758400000000000,3458.0,3479.0,3453.0,3477.0,3832,9270,8366
2021-09-29 00:00:00.000000000,1632844800000000000,3462.0,3463.0,3451.0,3453.0,7267,8366,9114
2021-09-30 00:00:00.000000000,1632931200000000000,3453.0,3457.0,3442.0,3453.0,7237,9114,9176
2021-10-08 00:00:00.000000000,1633622400000000000,3460.0,3466.0,3444.0,3445.0,4587,9176,9559
2021-10-11 00:00:00.000000000,1633881600000000000,3447.0,3449.0,3438.0,3440.0,6978,9559,11158
2021-10-12 00:00:00.000000000,1633968000000000000,3440.0,3440.0,3410.0,3420.0,8610,11158,11469
2021-10-13 00:00:00.000000000,1634054400000000000,3418.0,3425.0,3410.0,3412.0,6469,11469,11305
2021-10-14 00:00:00.000000000,1634140800000000000,3412.0,3412.0,3395.0,3397.0,8065,11305,11526
2021-10-15 00:00:00.000000000,1634227200000000000,3405.0,3410.0,3388.0,3408.0,8209,11526,11063
2021-10-18 00:00:00.000000000,1634486400000000000,3406.0,3417.0,3401.0,3417.0,8566,11063,10489
2021-10-19 00:00:00.000000000,1634572800000000000,3415.0,3417.0,3406.0,3411.0,3546,10489,10327
2021-10-20 00:00:00.000000000,1634659200000000000,3416.0,3419.0,3405.0,3411.0,6351,10327,9954
2021-10-21 00:00:00.000000000,1634745600000000000,3412.0,3412.0,3399.0,3399.0,6021,9954,9725
2021-10-22 00:00:00.000000000,1634832000000000000,3396.0,3425.0,3389.0,3425.0,13143,9725,10311
2021-10-25 00:00:00.000000000,1635091200000000000,3428.0,3467.0,3420.0,3461.0,17757,10311,10729
2021-10-26 00:00:00.000000000,1635177600000000000,3465.0,3487.0,3451.0,3458.0,10068,10729,10495
2021-10-27 00:00:00.000000000,1635264000000000000,3460.0,3467.0,3424.0,3431.0,6937,10495,10143
2021-10-28 00:00:00.000000000,1635350400000000000,3435.0,3446.0,3425.0,3441.0,6685,10143,8682
2021-10-29 00:00:00.000000000,1635436800000000000,3449.0,3454.0,3418.0,3432.0,5711,8682,7498
2021-11-01 00:00:00.000000000,1635696000000000000,3425.0,3436.0,3404.0,3409.0,5358,7498,4383
2021-11-02 00:00:00.000000000,1635782400000000000,3426.0,3473.0,3420.0,3473.0,7282,4383,10422
2021-11-03 00:00:00.000000000,1635868800000000000,3482.0,3602.0,3473.0,3549.0,47277,10422,16113
2021-11-04 00:00:00.000000000,1635955200000000000,3551.0,3574.0,3486.0,3497.0,26772,16113,16406
2021-11-05 00:00:00.000000000,1636041600000000000,3501.0,3508.0,3466.0,3476.0,14307,16406,16040
2021-11-08 00:00:00.000000000,1636300800000000000,3479.0,3488.0,3452.0,3461.0,11920,16040,15385
2021-11-09 00:00:00.000000000,1636387200000000000,3464.0,3516.0,3461.0,3491.0,17204,15385,16559
2021-11-10 00:00:00.000000000,1636473600000000000,3490.0,3506.0,3461.0,3484.0,15845,16559,15638
2021-11-11 00:00:00.000000000,1636560000000000000,3483.0,3484.0,3460.0,3467.0,10776,15638,15868
2021-11-12 00:00:00.000000000,1636646400000000000,3468.0,3495.0,3451.0,3475.0,15302,15868,15248
2021-11-15 00:00:00.000000000,1636905600000000000,3479.0,3489.0,3464.0,3477.0,8577,15248,14809
2021-11-16 00:00:00.000000000,1636992000000000000,3485.0,3486.0,3465.0,3475.0,8346,14809,14677
2021-11-17 00:00:00.000000000,1637078400000000000,3463.0,3475.0,3463.0,3464.0,4660,14677,14047
2021-11-18 00:00:00.000000000,1637164800000000000,3470.0,3470.0,3441.0,3443.0,6193,14047,13671
2021-11-19 00:00:00.000000000,1637251200000000000,3441.0,3454.0,3435.0,3440.0,5264,13671,13276
2021-11-22 00:00:00.000000000,1637510400000000000,3440.0,3443.0,3381.0,3409.0,10727,13276,13263
2021-11-23 00:00:00.000000000,1637596800000000000,3412.0,3419.0,3406.0,3409.0,6788,13263,13109
2021-11-24 00:00:00.000000000,1637683200000000000,3401.0,3415.0,3395.0,3413.0,4832,13109,12793
2021-11-25 00:00:00.000000000,1637769600000000000,3415.0,3435.0,3405.0,3422.0,10094,12793,12506
2021-11-26 00:00:00.000000000,1637856000000000000,3418.0,3445.0,3418.0,3428.0,9020,12506,11159
2021-11-29 00:00:00.000000000,1638115200000000000,3438.0,3438.0,3414.0,3419.0,5121,11159,10834
2021-11-30 00:00:00.000000000,1638201600000000000,3415.0,3427.0,3401.0,3402.0,4677,10834,9795
2021-12-01 00:00:00.000000000,1638288000000000000,3425.0,3457.0,3425.0,3454.0,2397,9795,10929
2021-12-02 00:00:00.000000000,1638374400000000000,3443.0,3457.0,3432.0,3441.0,3392,10929,11586
2021-12-03 00:00:00.000000000,1638460800000000000,3450.0,3450.0,3422.0,3439.0,5277,11586,11810
2021-12-06 00:00:00.000000000,1638720000000000000,3432.0,3445.0,3415.0,3422.0,6584,11810,12176
2021-12-07 00:00:00.000000000,1638806400000000000,3427.0,3430.0,3409.0,3410.0,9236,12176,13270
2021-12-08 00:00:00.000000000,1638892800000000000,3413.0,3414.0,3373.0,3379.0,9049,13270,13548
2021-12-09 00:00:00.000000000,1638979200000000000,3395.0,3397.0,3355.0,3370.0,11001,13548,13960
2021-12-10 00:00:00.000000000,1639065600000000000,3369.0,3372.0,3340.0,3359.0,11495,13960,14284
2021-12-13 00:00:00.000000000,1639324800000000000,3366.0,3366.0,3350.0,3359.0,7988,14284,14147
2021-12-14 00:00:00.000000000,1639411200000000000,3359.0,3364.0,3347.0,3354.0,8489,14147,14134
2021-12-15 00:00:00.000000000,1639497600000000000,3350.0,3354.0,3343.0,3348.0,5753,14134,14180
2021-12-16 00:00:00.000000000,1639584000000000000,3348.0,3352.0,3323.0,3348.0,11954,14180,13376
2021-12-17 00:00:00.000000000,1639670400000000000,3344.0,3364.0,3343.0,3353.0,10494,13376,12844
2021-12-20 00:00:00.000000000,1639929600000000000,3356.0,3362.0,3344.0,3347.0,10667,12844,12705
2021-12-21 00:00:00.000000000,1640016000000000000,3346.0,3349.0,3323.0,3326.0,7037,12705,12889
2021-12-22 00:00:00.000000000,1640102400000000000,3325.0,3333.0,3318.0,3321.0,8370,12889,13041
2021-12-23 00:00:00.000000000,1640188800000000000,3321.0,3353.0,3321.0,3339.0,13056,13041,13072
2021-12-24 00:00:00.000000000,1640275200000000000,3344.0,3393.0,3335.0,3361.0,22417,13072,13960
2021-12-27 00:00:00.000000000,1640534400000000000,3361.0,3371.0,3353.0,3355.0,18433,13960,13723
2021-12-28 00:00:00.000000000,1640620800000000000,3354.0,3359.0,3333.0,3335.0,15707,13723,12526
2021-12-29 00:00:00.000000000,1640707200000000000,3338.0,3343.0,3315.0,3318.0,15493,12526,12363
2021-12-30 00:00:00.000000000,1640793600000000000,3319.0,3330.0,3313.0,3317.0,12361,12363,12022
2021-12-31 00:00:00.000000000,1640880000000000000,3317.0,3327.0,3315.0,3323.0,9377,12022,10465
2022-01-04 00:00:00.000000000,1641225600000000000,3328.0,3329.0,3285.0,3308.0,4163,10465,8692
2022-01-05 00:00:00.000000000,1641312000000000000,3352.0,3370.0,3352.0,3369.0,7938,8692,12436
2022-01-06 00:00:00.000000000,1641398400000000000,3371.0,3373.0,3356.0,3357.0,7083,12436,12294
2022-01-07 00:00:00.000000000,1641484800000000000,3356.0,3361.0,3352.0,3354.0,5374,12294,12489
2022-01-10 00:00:00.000000000,1641744000000000000,3353.0,3357.0,3337.0,3337.0,8357,12489,12681
2022-01-11 00:00:00.000000000,1641830400000000000,3337.0,3345.0,3337.0,3343.0,5108,12681,12311
2022-01-12 00:00:00.000000000,1641916800000000000,3348.0,3368.0,3342.0,3367.0,8148,12311,12364
2022-01-13 00:00:00.000000000,1642003200000000000,3364.0,3371.0,3356.0,3361.0,9298,12364,11976
2022-01-14 00:00:00.000000000,1642089600000000000,3362.0,3380.0,3357.0,3358.0,12495,11976,11458
2022-01-17 00:00:00.000000000,1642348800000000000,3358.0,3369.0,3355.0,3363.0,8943,11458,12240
2022-01-18 00:00:00.000000000,1642435200000000000,3361.0,3366.0,3333.0,3336.0,7117,12240,12158
2022-01-19 00:00:00.000000000,1642521600000000000,3333.0,3345.0,3332.0,3345.0,5610,12158,12161
2022-01-20 00:00:00.000000000,1642608000000000000,3345.0,3345.0,3338.0,3342.0,5195,12161,12002
2022-01-21 00:00:00.000000000,1642694400000000000,3345.0,3349.0,3333.0,3337.0,5826,12002,11390
2022-01-24 00:00:00.000000000,1642953600000000000,3333.0,3341.0,3333.0,3337.0,4753,11390,11199
2022-01-25 00:00:00.000000000,1643040000000000000,3337.0,3359.0,3336.0,3358.0,9600,11199,11210
2022-01-26 00:00:00.000000000,1643126400000000000,3360.0,3376.0,3348.0,3360.0,7102,11210,10495
2022-01-27 00:00:00.000000000,1643212800000000000,3366.0,3366.0,3343.0,3348.0,5681,10495,9218
2022-01-28 00:00:00.000000000,1643299200000000000,3350.0,3355.0,3342.0,3352.0,4363,9218,8777
2022-02-07 00:00:00.000000000,1644163200000000000,3352.0,3368.0,3349.0,3365.0,4780,8777,8136
2022-02-08 00:00:00.000000000,1644249600000000000,3365.0,3373.0,3359.0,3369.0,4201,8136,7621
2022-02-09 00:00:00.000000000,1644336000000000000,3374.0,3386.0,3358.0,3364.0,4561,7621,7618
2022-02-10 00:00:00.000000000,1644422400000000000,3370.0,3375.0,3343.0,3348.0,4971,7618,7089
2022-02-11 00:00:00.000000000,1644508800000000000,3348.0,3354.0,3344.0,3354.0,2198,7089,6491
2022-02-14 00:00:00.000000000,1644768000000000000,3463.0,3513.0,3463.0,3512.0,7839,6491,9177
2022-02-15 00:00:00.000000000,1644854400000000000,3518.0,3521.0,3485.0,3498.0,7438,9177,9553
2022-02-16 00:00:00.000000000,1644940800000000000,3498.0,3499.0,3475.0,3478.0,5197,9553,9217
2022-02-17 00:00:00.000000000,1645027200000000000,3474.0,3492.0,3460.0,3467.0,8035,9217,9727
2022-02-18 00:00:00.000000000,1645113600000000000,3466.0,3482.0,3466.0,3473.0,3125,9727,9807
2022-02-21 00:00:00.000000000,1645372800000000000,3475.0,3477.0,3454.0,3457.0,5782,9807,9880
2022-02-22 00:00:00.000000000,1645459200000000000,3459.0,3464.0,3453.0,3463.0,3690,9880,9959
2022-02-23 00:00:00.000000000,1645545600000000000,3463.0,3466.0,3440.0,3444.0,5348,9959,10369
2022-02-24 00:00:00.000000000,1645632000000000000,3443.0,3477.0,3435.0,3473.0,9308,10369,11198
2022-02-25 00:00:00.000000000,1645718400000000000,3483.0,3622.0,3446.0,3457.0,20070,11198,12195
2022-02-28 00:00:00.000000000,1645977600000000000,3457.0,3488.0,3450.0,3485.0,11922,12195,12779
2022-03-01 00:00:00.000000000,1646064000000000000,3488.0,3499.0,3480.0,3494.0,16012,12779,14278
2022-03-02 00:00:00.000000000,1646150400000000000,3495.0,3510.0,3483.0,3498.0,17994,14278,15049
2022-03-03 00:00:00.000000000,1646236800000000000,3502.0,3525.0,3486.0,3523.0,16778,15049,14145
2022-03-04 00:00:00.000000000,1646323200000000000,3525.0,3528.0,3496.0,3507.0,15691,14145,13624
2022-03-07 00:00:00.000000000,1646582400000000000,3511.0,3520.0,3491.0,3501.0,14009,13624,15699
2022-03-08 00:00:00.000000000,1646668800000000000,3500.0,3503.0,3482.0,3490.0,9813,15699,15606
2022-03-09 00:00:00.000000000,1646755200000000000,3491.0,3497.0,3484.0,3490.0,7667,15606,15569
2022-03-10 00:00:00.000000000,1646841600000000000,3484.0,3485.0,3460.0,3465.0,10309,15569,15255
2022-03-11 00:00:00.000000000,1646928000000000000,3469.0,3476.0,3466.0,3469.0,8241,15255,14884
2022-03-14 00:00:00.000000000,1647187200000000000,3463.0,3467.0,3448.0,3452.0,9450,14884,14754
2022-03-15 00:00:00.000000000,1647273600000000000,3454.0,3456.0,3430.0,3437.0,10120,14754,14551
2022-03-16 00:00:00.000000000,1647360000000000000,3428.0,3442.0,3409.0,3419.0,9515,14551,15238
2022-03-17 00:00:00.000000000,1647446400000000000,3423.0,3423.0,3391.0,3393.0,11668,15238,16165
2022-03-18 00:00:00.000000000,1647532800000000000,3404.0,3407.0,3396.0,3399.0,8631,16165,15413
2022-03-21 00:00:00.000000000,1647792000000000000,3395.0,3407.0,3393.0,3404.0,8435,15413,15747
2022-03-22 00:00:00.000000000,1647878400000000000,3406.0,3418.0,3400.0,3408.0,10342,15747,16465
2022-03-23 00:00:00.000000000,1647964800000000000,3412.0,3412.0,3404.0,3405.0,6582,16465,16111
2022-03-24 00:00:00.000000000,1648051200000000000,3407.0,3414.0,3403.0,3408.0,8630,16111,16012
2022-03-25 00:00:00.000000000,1648137600000000000,3410.0,3417.0,3400.0,3403.0,6628,16012,15380
2022-03-28 00:00:00.000000000,1648396800000000000,3403.0,3407.0,3396.0,3398.0,5524,15380,15094
2022-03-29 00:00:00.000000000,1648483200000000000,3397.0,3400.0,3387.0,3393.0,5398,15094,14380
2022-03-30 00:00:00.000000000,1648569600000000000,3394.0,3394.0,3382.0,3386.0,5416,14380,14108
2022-03-31 00:00:00.000000000,1648656000000000000,3389.0,3405.0,3388.0,3393.0,8079,14108,13643
2022-04-01 00:00:00.000000000,1648742400000000000,3386.0,3393.0,3353.0,3363.0,12943,13643,11389
2022-04-06 00:00:00.000000000,1649174400000000000,3368.0,3371.0,3345.0,3364.0,3429,11389,11203
2022-04-07 00:00:00.000000000,1649260800000000000,3365.0,3370.0,3356.0,3368.0,4639,11203,10555
2022-04-08 00:00:00.000000000,1649347200000000000,3370.0,3371.0,3357.0,3359.0,4118,10555,10324
2022-04-11 00:00:00.000000000,1649606400000000000,3356.0,3362.0,3329.0,3332.0,5819,10324,10388
2022-04-12 00:00:00.000000000,1649692800000000000,3332.0,3337.0,3321.0,3331.0,4217,10388,9928
2022-04-13 00:00:00.000000000,1649779200000000000,3330.0,3345.0,3329.0,3344.0,3865,9928,9381
2022-04-14 00:00:00.000000000,1649865600000000000,3348.0,3350.0,3337.0,3348.0,3118,9381,8935
2022-04-15 00:00:00.000000000,1649952000000000000,3348.0,3350.0,3332.0,3336.0,2789,8935,8669
2022-04-18 00:00:00.000000000,1650211200000000000,3339.0,3460.0,3339.0,3377.0,6717,8669,6916
2022-04-19 00:00:00.000000000,1650297600000000000,3435.0,3435.0,3415.0,3423.0,5335,6916,9027
2022-04-20 00:00:00.000000000,1650384000000000000,3416.0,3431.0,3414.0,3422.0,6021,9027,9317
2022-04-21 00:00:00.000000000,1650470400000000000,3425.0,3430.0,3418.0,3423.0,7098,9317,9705
2022-04-22 00:00:00.000000000,1650556800000000000,3422.0,3430.0,3419.0,3430.0,4158,9705,9282
2022-04-25 00:00:00.000000000,1650816000000000000,3434.0,3474.0,3426.0,3447.0,16168,9282,10122
2022-04-26 00:00:00.000000000,1650902400000000000,3442.0,3467.0,3430.0,3438.0,12834,10122,9805
2022-04-27 00:00:00.000000000,1650988800000000000,3435.0,3447.0,3433.0,3441.0,5651,9805,9219
2022-04-28 00:00:00.000000000,1651075200000000000,3443.0,3445.0,3417.0,3423.0,10426,9219,8326
2022-04-29 00:00:00.000000000,1651161600000000000,3418.0,3427.0,3407.0,3423.0,9813,8326,8350
2022-05-05 00:00:00.000000000,1651680000000000000,3423.0,3438.0,3419.0,3423.0,4735,8350,7535
2022-05-06 00:00:00.000000000,1651766400000000000,3423.0,3432.0,3418.0,3423.0,5273,7535,7526
2022-05-09 00:00:00.000000000,1652025600000000000,3425.0,3442.0,3422.0,3438.0,4201,7526,7411
2022-05-10 00:00:00.000000000,1652112000000000000,3436.0,3465.0,3435.0,3455.0,6170,7411,7150
2022-05-11 00:00:00.000000000,1652198400000000000,3469.0,3469.0,3439.0,3444.0,3935,7150,6115
2022-05-12 00:00:00.000000000,1652284800000000000,3465.0,3467.0,3442.0,3449.0,5451,6115,11569
2022-05-13 00:00:00.000000000,1652371200000000000,3449.0,3452.0,3445.0,3449.0,3814,11569,11949
2022-05-16 00:00:00.000000000,1652630400000000000,3451.0,3477.0,3445.0,3462.0,11763,11949,14457
2022-05-17 00:00:00.000000000,1652716800000000000,3462.0,3468.0,3449.0,3450.0,7479,14457,15420
2022-05-18 00:00:00.000000000,1652803200000000000,3450.0,3463.0,3448.0,3451.0,7640,15420,15384
2022-05-19 00:00:00.000000000,1652889600000000000,3451.0,3457.0,3438.0,3440.0,6139,15384,14944
2022-05-20 00:00:00.000000000,1652976000000000000,3440.0,3442.0,3424.0,3426.0,9744,14944,15214
2022-05-23 00:00:00.000000000,1653235200000000000,3426.0,3430.0,3332.0,3397.0,11690,15214,15177
2022-05-24 00:00:00.000000000,1653321600000000000,3388.0,3398.0,3380.0,3384.0,7019,15177,15437
2022-05-25 00:00:00.000000000,1653408000000000000,3390.0,3398.0,3385.0,3388.0,5522,15437,14676
2022-05-26 00:00:00.000000000,1653494400000000000,3386.0,3390.0,3371.0,3388.0,7000,14676,13801
2022-05-27 00:00:00.000000000,1653580800000000000,3389.0,3394.0,3366.0,3370.0,7133,13801,12956
2022-05-30 00:00:00.000000000,1653840000000000000,3372.0,3408.0,3368.0,3399.0,10576,12956,13374
2022-05-31 00:00:00.000000000,1653926400000000000,3400.0,3404.0,3376.0,3379.0,6742,13374,12848
2022-06-01 00:00:00.000000000,1654012800000000000,3377.0,3380.0,3361.0,3373.0,6786,12848,10516
2022-06-02 00:00:00.000000000,1654099200000000000,3375.0,3378.0,3362.0,3364.0,3565,10516,10536
2022-06-06 00:00:00.000000000,1654444800000000000,3366.0,3371.0,3353.0,3357.0,3321,10536,10653
2022-06-07 00:00:00.000000000,1654531200000000000,3358.0,3363.0,3351.0,3356.0,3316,10653,10509
2022-06-08 00:00:00.000000000,1654617600000000000,3355.0,3357.0,3344.0,3351.0,3190,10509,10075
2022-06-09 00:00:00.000000000,1654704000000000000,3353.0,3389.0,3350.0,3355.0,4530,10075,9417
2022-06-10 00:00:00.000000000,1654790400000000000,3383.0,3383.0,3362.0,3371.0,3946,9417,12763
2022-06-13 00:00:00.000000000,1655049600000000000,3373.0,3375.0,3362.0,3366.0,4826,12763,13203
2022-06-14 00:00:00.000000000,1655136000000000000,3369.0,3380.0,3362.0,3368.0,5758,13203,13621
2022-06-15 00:00:00.000000000,1655222400000000000,3372.0,3376.0,3365.0,3369.0,4287,13621,13600
2022-06-16 00:00:00.000000000,1655308800000000000,3371.0,3380.0,3368.0,3370.0,4503,13600,13748
2022-06-17 00:00:00.000000000,1655395200000000000,3369.0,3372.0,3351.0,3352.0,6584,13748,14321
2022-06-20 00:00:00.000000000,1655654400000000000,3352.0,3354.0,3334.0,3341.0,6260,14321,14244
2022-06-21 00:00:00.000000000,1655740800000000000,3341.0,3348.0,3327.0,3329.0,4664,14244,14326
2022-06-22 00:00:00.000000000,1655827200000000000,3324.0,3332.0,3304.0,3311.0,8140,14326,14314
2022-06-23 00:00:00.000000000,1655913600000000000,3314.0,3323.0,3309.0,3321.0,7624,14314,13662
2022-06-24 00:00:00.000000000,1656000000000000000,3323.0,3327.0,3313.0,3322.0,6052,13662,12838
2022-06-27 00:00:00.000000000,1656259200000000000,3321.0,3331.0,3318.0,3330.0,6211,12838,12186
2022-06-28 00:00:00.000000000,1656345600000000000,3330.0,3338.0,3321.0,3338.0,5124,12186,12031
2022-06-29 00:00:00.000000000,1656432000000000000,3337.0,3342.0,3324.0,3334.0,6213,12031,11722
2022-06-30 00:00:00.000000000,1656518400000000000,3333.0,3342.0,3328.0,3333.0,5194,11722,11131
2022-07-01 00:00:00.000000000,1656604800000000000,3335.0,3337.0,3313.0,3321.0,8932,11131,9416
2022-07-04 00:00:00.000000000,1656864000000000000,3321.0,3326.0,3317.0,3321.0,2463,9416,9261
2022-07-05 00:00:00.000000000,1656950400000000000,3336.0,3368.0,3336.0,3367.0,4735,9261,10170
2022-07-06 00:00:00.000000000,1657036800000000000,3364.0,3373.0,3348.0,3358.0,8184,10170,10921
2022-07-07 00:00:00.000000000,1657123200000000000,3358.0,3369.0,3286.0,3351.0,7409,10921,10802
2022-07-08 00:00:00.000000000,1657209600000000000,3348.0,3358.0,3342.0,3346.0,3394,10802,10603
2022-07-11 00:00:00.000000000,1657468800000000000,3347.0,3356.0,3344.0,3349.0,2499,10603,10436
2022-07-12 00:00:00.000000000,1657555200000000000,3349.0,3359.0,3347.0,3352.0,2306,10436,10234
2022-07-13 00:00:00.000000000,1657641600000000000,3351.0,3357.0,3345.0,3348.0,2581,10234,10012
2022-07-14 00:00:00.000000000,1657728000000000000,3348.0,3354.0,3344.0,3348.0,2934,10012,9916
2022-07-15 00:00:00.000000000,1657814400000000000,3348.0,3354.0,3331.0,3332.0,3653,9916,10095
2022-07-18 00:00:00.000000000,1658073600000000000,3332.0,3338.0,3325.0,3332.0,3950,10095,10512
2022-07-19 00:00:00.000000000,1658160000000000000,3331.0,3336.0,3326.0,3328.0,3754,10512,10740
2022-07-20 00:00:00.000000000,1658246400000000000,3327.0,3358.0,3323.0,3355.0,5921,10740,10080
2022-07-21 00:00:00.000000000,1658332800000000000,3364.0,3366.0,3338.0,3352.0,3245,10080,9936
2022-07-22 00:00:00.000000000,1658419200000000000,3355.0,3370.0,3346.0,3359.0,3357,9936,9911
2022-07-25 00:00:00.000000000,1658678400000000000,3359.0,3361.0,3348.0,3349.0,4677,9911,9127
2022-07-26 00:00:00.000000000,1658764800000000000,3350.0,3353.0,3341.0,3345.0,3648,9127,9780
2022-07-27 00:00:00.000000000,1658851200000000000,3347.0,3352.0,3343.0,3349.0,3614,9780,9637
2022-07-28 00:00:00.000000000,1658937600000000000,3348.0,3349.0,3339.0,3342.0,3335,9637,9851
2022-07-29 00:00:00.000000000,1659024000000000000,3341.0,3359.0,3336.0,3353.0,5179,9851,9882
2022-08-01 00:00:00.000000000,1659283200000000000,3351.0,3354.0,3343.0,3346.0,4056,9882,9702
2022-08-02 00:00:00.000000000,1659369600000000000,3346.0,3375.0,3344.0,3363.0,6301,9702,9772
2022-08-03 00:00:00.000000000,1659456000000000000,3372.0,3372.0,3347.0,3353.0,4647,9772,9477
2022-08-04 00:00:00.000000000,1659542400000000000,3348.0,3355.0,3345.0,3348.0,4079,9477,9551
2022-08-05 00:00:00.000000000,1659628800000000000,3349.0,3355.0,3347.0,3349.0,3259,9551,9259
2022-08-08 00:00:00.000000000,1659888000000000000,3348.0,3355.0,3343.0,3350.0,2819,9259,9106
2022-08-09 00:00:00.000000000,1659974400000000000,3350.0,3356.0,3345.0,3351.0,3402,9106,8903
2022-08-10 00:00:00.000000000,1660060800000000000,3349.0,3355.0,3346.0,3348.0,1885,8903,8858
2022-08-11 00:00:00.000000000,1660147200000000000,3350.0,3375.0,3346.0,3351.0,3593,8858,8411
2022-08-12 00:00:00.000000000,1660233600000000000,3349.0,3355.0,3349.0,3353.0,1968,8411,8309
2022-08-15 00:00:00.000000000,1660492800000000000,3354.0,3363.0,3352.0,3359.0,1238,8309,8064
2022-08-16 00:00:00.000000000,1660579200000000000,3373.0,3430.0,3367.0,3408.0,7596,8064,11174
2022-08-17 00:00:00.000000000,1660665600000000000,3408.0,3419.0,3396.0,3414.0,6943,11174,11041
2022-08-18 00:00:00.000000000,1660752000000000000,3418.0,3449.0,3407.0,3441.0,8318,11041,10910
2022-08-19 00:00:00.000000000,1660838400000000000,3442.0,3459.0,3428.0,3451.0,6553,10910,11839
2022-08-22 00:00:00.000000000,1661097600000000000,3451.0,3474.0,3423.0,3443.0,9805,11839,12340
2022-08-23 00:00:00.000000000,1661184000000000000,3438.0,3440.0,3406.0,3410.0,6225,12340,12651
2022-08-24 00:00:00.000000000,1661270400000000000,3412.0,3424.0,3403.0,3405.0,5493,12651,12629
2022-08-25 00:00:00.000000000,1661356800000000000,3410.0,3410.0,3378.0,3385.0,6505,12629,11422
2022-08-26 00:00:00.000000000,1661443200000000000,3376.0,3386.0,3363.0,3373.0,5635,11422,10734
2022-08-29 00:00:00.000000000,1661702400000000000,3376.0,3390.0,3371.0,3371.0,5954,10734,10546
2022-08-30 00:00:00.000000000,1661788800000000000,3373.0,3379.0,3355.0,3359.0,4314,10546,9834
2022-08-31 00:00:00.000000000,1661875200000000000,3355.0,3365.0,3351.0,3358.0,4150,9834,9429
2022-09-01 00:00:00.000000000,1661961600000000000,3358.0,3360.0,3331.0,3338.0,6937,9429,8166
2022-09-02 00:00:00.000000000,1662048000000000000,3333.0,3370.0,3331.0,3368.0,7494,8166,8358
2022-09-05 00:00:00.000000000,1662307200000000000,3368.0,3383.0,3362.0,3374.0,4775,8358,7789
2022-09-06 00:00:00.000000000,1662393600000000000,3373.0,3385.0,3370.0,3382.0,3035,7789,7558
2022-09-07 00:00:00.000000000,1662480000000000000,3381.0,3383.0,3375.0,3380.0,3575,7558,6957
2022-09-08 00:00:00.000000000,1662566400000000000,3374.0,3404.0,3373.0,3400.0,3776,6957,6384
2022-09-09 00:00:00.000000000,1662652800000000000,3401.0,3412.0,3398.0,3402.0,3970,6384,6146
2022-09-13 00:00:00.000000000,1662998400000000000,3407.0,3421.0,3403.0,3409.0,2165,6146,6209
2022-09-14 00:00:00.000000000,1663084800000000000,3407.0,3417.0,3403.0,3409.0,1988,6209,5908
2022-09-15 00:00:00.000000000,1663171200000000000,3408.0,3415.0,3401.0,3412.0,2193,5908,5660
2022-09-16 00:00:00.000000000,1663257600000000000,3423.0,3430.0,3414.0,3420.0,2847,5660,9508
2022-09-19 00:00:00.000000000,1663516800000000000,3420.0,3425.0,3411.0,3425.0,3305,9508,9891
2022-09-20 00:00:00.000000000,1663603200000000000,3422.0,3427.0,3413.0,3418.0,2561,9891,10129
2022-09-21 00:00:00.000000000,1663689600000000000,3417.0,3422.0,3411.0,3418.0,2224,10129,10290
2022-09-22 00:00:00.000000000,1663776000000000000,3418.0,3420.0,3412.0,3416.0,2184,10290,10542
2022-09-23 00:00:00.000000000,1663862400000000000,3415.0,3422.0,3406.0,3417.0,2752,10542,10599
2022-09-26 00:00:00.000000000,1664121600000000000,3416.0,3421.0,3410.0,3412.0,2383,10599,10193
2022-09-27 00:00:00.000000000,1664208000000000000,3414.0,3421.0,3412.0,3419.0,1945,10193,9930
2022-09-28 00:00:00.000000000,1664294400000000000,3420.0,3425.0,3401.0,3404.0,3123,9930,9771
2022-09-29 00:00:00.000000000,1664380800000000000,3403.0,3408.0,3391.0,3399.0,2376,9771,9942
2022-09-30 00:00:00.000000000,1664467200000000000,3400.0,3401.0,3388.0,3398.0,1924,9942,9704
2022-10-10 00:00:00.000000000,1665331200000000000,3397.0,3406.0,3373.0,3377.0,3144,9704,8778
2022-10-11 00:00:00.000000000,1665417600000000000,3374.0,3383.0,3370.0,3379.0,2471,8778,8300
2022-10-12 00:00:00.000000000,1665504000000000000,3379.0,3390.0,3372.0,3372.0,2757,8300,7446
2022-10-13 00:00:00.000000000,1665590400000000000,3380.0,3450.0,3368.0,3372.0,3229,7446,6364
2022-10-14 00:00:00.000000000,1665676800000000000,3363.0,3382.0,3361.0,3369.0,2765,6364,11225
2022-10-17 00:00:00.000000000,1665936000000000000,3366.0,3392.0,3364.0,3373.0,3085,11225,11808
2022-10-18 00:00:00.000000000,1666022400000000000,3374.0,3396.0,3373.0,3380.0,2767,11808,12018
2022-10-19 00:00:00.000000000,1666108800000000000,3383.0,3391.0,3379.0,3387.0,1024,12018,12096
2022-10-20 00:00:00.000000000,1666195200000000000,3387.0,3410.0,3383.0,3407.0,2539,12096,12222
2022-10-21 00:00:00.000000000,1666281600000000000,3401.0,3420.0,3396.0,3416.0,3282,12222,12513
2022-10-24 00:00:00.000000000,1666540800000000000,3418.0,3422.0,3405.0,3420.0,2686,12513,12344
2022-10-25 00:00:00.000000000,1666627200000000000,3418.0,3418.0,3400.0,3413.0,2484,12344,11971
2022-10-26 00:00:00.000000000,1666713600000000000,3411.0,3413.0,3392.0,3393.0,2298,11971,11916
2022-10-27 00:00:00.000000000,1666800000000000000,3393.0,3395.0,3385.0,3395.0,1992,11916,11783
2022-10-28 00:00:00.000000000,1666886400000000000,3393.0,3393.0,3375.0,3380.0,3690,11783,10562
2022-10-31 00:00:00.000000000,1667145600000000000,3380.0,3387.0,3375.0,3382.0,3207,10562,9542
2022-11-01 00:00:00.000000000,1667232000000000000,3372.0,3389.0,3371.0,3379.0,3673,9542,12850
2022-11-02 00:00:00.000000000,1667318400000000000,3381.0,3389.0,3375.0,3377.0,3133,12850,13864
2022-11-03 00:00:00.000000000,1667404800000000000,3378.0,3401.0,3375.0,3390.0,4437,13864,14625
2022-11-04 00:00:00.000000000,1667491200000000000,3388.0,3403.0,3386.0,3398.0,4517,14625,15252
2022-11-07 00:00:00.000000000,1667750400000000000,3398.0,3415.0,3396.0,3412.0,5530,15252,15009
2022-11-08 00:00:00.000000000,1667836800000000000,3411.0,3416.0,3385.0,3396.0,3589,15009,15107
2022-11-09 00:00:00.000000000,1667923200000000000,3396.0,3402.0,3391.0,3399.0,2346,15107,15353
2022-11-10 00:00:00.000000000,1668009600000000000,3400.0,3405.0,3390.0,3400.0,2306,15353,15656
2022-11-11 00:00:00.000000000,1668096000000000000,3401.0,3405.0,3394.0,3402.0,2564,15656,15629
2022-11-14 00:00:00.000000000,1668355200000000000,3403.0,3408.0,3395.0,3396.0,2754,15629,15550
2022-11-15 00:00:00.000000000,1668441600000000000,3397.0,3398.0,3391.0,3396.0,1570,15550,15485
2022-11-16 00:00:00.000000000,1668528000000000000,3396.0,3411.0,3395.0,3408.0,3122,15485,14838
2022-11-17 00:00:00.000000000,1668614400000000000,3409.0,3415.0,3398.0,3409.0,4722,14838,14044
2022-11-18 00:00:00.000000000,1668700800000000000,3406.0,3414.0,3400.0,3401.0,3817,14044,13115
2022-11-21 00:00:00.000000000,1668960000000000000,3399.0,3407.0,3387.0,3389.0,4259,13115,13392
2022-11-22 00:00:00.000000000,1669046400000000000,3388.0,3394.0,3385.0,3393.0,1864,13392,13304
2022-11-23 00:00:00.000000000,1669132800000000000,3394.0,3404.0,3390.0,3394.0,3040,13304,12732
2022-11-24 00:00:00.000000000,1669219200000000000,3396.0,3397.0,3386.0,3396.0,1763,12732,12670
2022-11-25 00:00:00.000000000,1669305600000000000,3396.0,3409.0,3394.0,3407.0,2563,12670,12251
2022-11-28 00:00:00.000000000,1669564800000000000,3407.0,3417.0,3403.0,3410.0,3036,12251,11657
2022-11-29 00:00:00.000000000,1669651200000000000,3410.0,3424.0,3406.0,3414.0,4675,11657,10579
2022-11-30 00:00:00.000000000,1669737600000000000,3413.0,3423.0,3402.0,3421.0,4920,10579,9749
2022-12-01 00:00:00.000000000,1669824000000000000,3424.0,3425.0,3399.0,3406.0,3752,9749,8929
2022-12-02 00:00:00.000000000,1669910400000000000,3408.0,3409.0,3396.0,3396.0,2888,8929,8216
2022-12-05 00:00:00.000000000,1670169600000000000,3395.0,3397.0,3383.0,3386.0,2746,8216,7088
2022-12-06 00:00:00.000000000,1670256000000000000,3386.0,3393.0,3386.0,3389.0,1352,7088,6869
2022-12-07 00:00:00.000000000,1670342400000000000,3397.0,3403.0,3394.0,3397.0,3528,6869,8127
2022-12-08 00:00:00.000000000,1670428800000000000,3396.0,3398.0,3380.0,3385.0,1816,8127,8232
2022-12-09 00:00:00.000000000,1670515200000000000,3384.0,3386.0,3380.0,3384.0,1904,8232,8552
2022-12-12 00:00:00.000000000,1670774400000000000,3384.0,3385.0,3358.0,3359.0,2882,8552,9085
2022-12-13 00:00:00.000000000,1670860800000000000,3358.0,3366.0,3357.0,3362.0,3319,9085,10072
2022-12-14 00:00:00.000000000,1670947200000000000,3360.0,3372.0,3355.0,3363.0,3435,10072,11242
2022-12-15 00:00:00.000000000,1671033600000000000,3362.0,3370.0,3359.0,3364.0,2554,11242,12129
2022-12-16 00:00:00.000000000,1671120000000000000,3363.0,3370.0,3360.0,3367.0,2114,12129,12653
2022-12-19 00:00:00.000000000,1671379200000000000,3365.0,3366.0,3360.0,3361.0,1239,12653,12718
2022-12-20 00:00:00.000000000,1671465600000000000,3363.0,3363.0,3356.0,3358.0,1327,12718,12786
2022-12-21 00:00:00.000000000,1671552000000000000,3358.0,3363.0,3350.0,3361.0,1728,12786,12799
2022-12-22 00:00:00.000000000,1671638400000000000,3362.0,3366.0,3354.0,3362.0,1451,12799,12845
2022-12-23 00:00:00.000000000,1671724800000000000,3363.0,3365.0,3358.0,3360.0,1286,12845,12611
2022-12-26 00:00:00.000000000,1671984000000000000,3362.0,3369.0,3356.0,3369.0,2423,12611,12116
2022-12-27 00:00:00.000000000,1672070400000000000,3366.0,3372.0,3364.0,3371.0,3288,12116,10925
2022-12-28 00:00:00.000000000,1672156800000000000,3369.0,3385.0,3360.0,3379.0,3689,10925,9923
2022-12-29 00:00:00.000000000,1672243200000000000,3380.0,3381.0,3373.0,3380.0,3683,9923,8681
2022-12-30 00:00:00.000000000,1672329600000000000,3379.0,3381.0,3363.0,3367.0,3201,8681,8130
2023-01-03 00:00:00.000000000,1672675200000000000,3367.0,3420.0,3366.0,3375.0,2147,8130,7768
2023-01-04 00:00:00.000000000,1672761600000000000,3375.0,3379.0,3360.0,3361.0,2366,7768,6828
2023-01-05 00:00:00.000000000,1672848000000000000,3361.0,3363.0,3355.0,3358.0,1905,6828,5648
2023-01-06 00:00:00.000000000,1672934400000000000,3359.0,3369.0,3356.0,3366.0,1421,5648,9541
2023-01-09 00:00:00.000000000,1673193600000000000,3365.0,3367.0,3360.0,3363.0,1666,9541,9970
2023-01-10 00:00:00.000000000,1673280000000000000,3361.0,3363.0,3334.0,3340.0,3424,9970,10788
2023-01-11 00:00:00.000000000,1673366400000000000,3344.0,3345.0,3335.0,3339.0,1770,10788,11383
2023-01-12 00:00:00.000000000,1673452800000000000,3339.0,3342.0,3335.0,3336.0,1926,11383,12146
2023-01-13 00:00:00.000000000,1673539200000000000,3336.0,3350.0,3331.0,3348.0,2055,12146,12168
2023-01-16 00:00:00.000000000,1673798400000000000,3345.0,3355.0,3344.0,3353.0,2577,12168,12323
2023-01-17 00:00:00.000000000,1673884800000000000,3354.0,3356.0,3347.0,3356.0,2392,12323,11882
2023-01-18 00:00:00.000000000,1673971200000000000,3357.0,3361.0,3351.0,3358.0,2213,11882,11605
2023-01-19 00:00:00.000000000,1674057600000000000,3363.0,3367.0,3356.0,3361.0,2730,11605,10575
2023-01-20 00:00:00.000000000,1674144000000000000,3361.0,3369.0,3353.0,3366.0,2185,10575,9995
2023-01-30 00:00:00.000000000,1675008000000000000,3368.0,3369.0,3350.0,3351.0,2181,9995,9793
2023-01-31 00:00:00.000000000,1675094400000000000,3348.0,3348.0,3336.0,3345.0,1804,9793,9859
2023-02-01 00:00:00.000000000,1675180800000000000,3346.0,3349.0,3341.0,3345.0,1957,9859,9492
2023-02-02 00:00:00.000000000,1675267200000000000,3344.0,3394.0,3344.0,3391.0,6563,9492,7996
2023-02-03 00:00:00.000000000,1675353600000000000,3385.0,3396.0,3360.0,3383.0,7022,7996,7200
2023-02-06 00:00:00.000000000,1675612800000000000,3376.0,3396.0,3371.0,3387.0,3514,7200,7038
2023-02-07 00:00:00.000000000,1675699200000000000,3356.0,3364.0,3351.0,3360.0,2910,7038,14319
2023-02-08 00:00:00.000000000,1675785600000000000,3363.0,3364.0,3355.0,3360.0,3728,14319,14941
2023-02-09 00:00:00.000000000,1675872000000000000,3360.0,3367.0,3350.0,3364.0,3867,14941,15055
2023-02-10 00:00:00.000000000,1675958400000000000,3365.0,3393.0,3362.0,3391.0,5680,15055,15194
2023-02-13 00:00:00.000000000,1676217600000000000,3391.0,3398.0,3377.0,3385.0,4096,15194,15089
2023-02-14 00:00:00.000000000,1676304000000000000,3386.0,3389.0,3371.0,3379.0,3202,15089,15300
2023-02-15 00:00:00.000000000,1676390400000000000,3379.0,3387.0,3371.0,3371.0,2681,15300,15784
2023-02-16 00:00:00.000000000,1676476800000000000,3373.0,3379.0,3365.0,3372.0,2431,15784,16041
2023-02-17 00:00:00.000000000,1676563200000000000,3371.0,3378.0,3357.0,3372.0,5395,16041,15572
2023-02-20 00:00:00.000000000,1676822400000000000,3371.0,3372.0,3356.0,3361.0,3771,15572,15386
2023-02-21 00:00:00.000000000,1676908800000000000,3360.0,3369.0,3356.0,3359.0,2506,15386,15619
2023-02-22 00:00:00.000000000,1676995200000000000,3358.0,3363.0,3353.0,3362.0,2081,15619,15466
2023-02-23 00:00:00.000000000,1677081600000000000,3360.0,3370.0,3354.0,3358.0,5583,15466,15663
2023-02-24 00:00:00.000000000,1677168000000000000,3357.0,3359.0,3350.0,3351.0,3548,15663,15034
2023-02-27 00:00:00.000000000,1677427200000000000,3351.0,3361.0,3351.0,3358.0,3724,15034,14357
2023-02-28 00:00:00.000000000,1677513600000000000,3360.0,3362.0,3350.0,3352.0,3976,14357,14241
2023-03-01 00:00:00.000000000,1677600000000000000,3352.0,3352.0,3342.0,3346.0,2618,14241,13530
2023-03-02 00:00:00.000000000,1677686400000000000,3346.0,3349.0,3343.0,3344.0,1402,13530,13159
2023-03-03 00:00:00.000000000,1677772800000000000,3340.0,3344.0,3337.0,3338.0,2303,13159,12516
2023-03-06 00:00:00.000000000,1678032000000000000,3335.0,3345.0,3335.0,3345.0,2389,12516,11982
2023-03-07 00:00:00.000000000,1678118400000000000,3345.0,3367.0,3341.0,3352.0,4083,11982,10808
2023-03-08 00:00:00.000000000,1678204800000000000,3352.0,3355.0,3345.0,3347.0,1450,10808,10635
2023-03-09 00:00:00.000000000,1678291200000000000,3356.0,3362.0,3347.0,3350.0,2329,10635,10213
2023-03-10 00:00:00.000000000,1678377600000000000,3351.0,3351.0,3340.0,3341.0,2081,10213,10040
2023-03-13 00:00:00.000000000,1678636800000000000,3346.0,3348.0,3337.0,3347.0,2382,10040,8738
2023-03-14 00:00:00.000000000,1678723200000000000,3347.0,3347.0,3339.0,3344.0,2540,8738,8050
2023-03-15 00:00:00.000000000,1678809600000000000,3372.0,3379.0,3361.0,3364.0,3328,8050,9997
2023-03-16 00:00:00.000000000,1678896000000000000,3345.0,3346.0,3336.0,3345.0,2265,9997,11438
2023-03-17 00:00:00.000000000,1678982400000000000,3346.0,3364.0,3342.0,3356.0,4511,11438,12751
2023-03-20 00:00:00.000000000,1679241600000000000,3359.0,3386.0,3356.0,3372.0,7099,12751,13946
2023-03-21 00:00:00.000000000,1679328000000000000,3368.0,3385.0,3367.0,3382.0,4023,13946,14654
2023-03-22 00:00:00.000000000,1679414400000000000,3382.0,3387.0,3372.0,3379.0,5623,14654,14235
2023-03-23 00:00:00.000000000,1679500800000000000,3372.0,3382.0,3351.0,3376.0,6515,14235,14374
2023-03-24 00:00:00.000000000,1679587200000000000,3371.0,3379.0,3358.0,3372.0,6937,14374,14139
2023-03-27 00:00:00.000000000,1679846400000000000,3372.0,3386.0,3367.0,3381.0,6517,14139,14200
2023-03-28 00:00:00.000000000,1679932800000000000,3383.0,3399.0,3372.0,3376.0,5273,14200,13963
2023-03-29 00:00:00.000000000,1680019200000000000,3376.0,3384.0,3372.0,3373.0,4593,13963,13401
